Time,Scenario,Bandwidth_Mbps,Latency_ms,CPU_Usage_percent,Task_Size_MB,Offloading_Decision
1,2,0.9375,0.004310344827586202,0.0,0.4444444444444445,0
2,2,0.8500000000000001,0.012931034482758619,0.053333333333333344,0.1111111111111111,0
3,2,0.9375,0.004310344827586202,0.24000000000000005,0.6666666666666665,0
4,2,0.8125,0.0,0.026666666666666672,0.3333333333333333,0
5,2,0.8500000000000001,0.0,0.22666666666666668,0.3333333333333333,0
6,2,0.9375,0.025862068965517238,0.09333333333333338,0.7777777777777777,0
7,2,0.925,0.01724137931034482,0.0,0.2222222222222222,0
8,2,0.8875,0.021551724137931036,0.10666666666666669,0.2222222222222222,0
9,2,0.8500000000000001,0.021551724137931036,0.040000000000000036,0.1111111111111111,0
10,2,0.8875,0.004310344827586202,0.14666666666666672,0.5555555555555556,0
11,2,0.925,0.01724137931034482,0.013333333333333364,0.7777777777777777,0
12,2,0.9125000000000001,0.004310344827586202,0.16000000000000003,0.1111111111111111,0
13,2,0.9125000000000001,0.01724137931034482,0.26666666666666666,1.0,0
14,2,0.875,0.012931034482758619,0.026666666666666672,0.0,0
15,2,0.9375,0.012931034482758619,0.12000000000000005,0.1111111111111111,0
16,2,0.8500000000000001,0.004310344827586202,0.16000000000000003,0.4444444444444445,0
17,2,0.9000000000000001,0.021551724137931036,0.06666666666666671,0.5555555555555556,0
18,2,0.875,0.012931034482758619,0.10666666666666669,0.1111111111111111,0
19,2,0.925,0.008620689655172417,0.22666666666666668,0.3333333333333333,0
20,2,0.8375,0.03017241379310344,0.16000000000000003,0.4444444444444445,0
21,2,0.9375,0.012931034482758619,0.13333333333333336,0.0,0
22,2,0.8500000000000001,0.0,0.13333333333333336,0.6666666666666665,0
23,2,0.8625,0.004310344827586202,0.08000000000000002,1.0,0
24,2,0.875,0.012931034482758619,0.26666666666666666,0.7777777777777777,0
25,2,0.8875,0.03017241379310344,0.053333333333333344,0.4444444444444445,0
26,2,0.8375,0.012931034482758619,0.22666666666666668,0.8888888888888888,0
27,2,0.8625,0.025862068965517238,0.24000000000000005,0.6666666666666665,0
28,2,0.875,0.012931034482758619,0.053333333333333344,0.8888888888888888,0
29,2,0.9000000000000001,0.004310344827586202,0.013333333333333364,0.1111111111111111,0
30,2,0.8375,0.008620689655172417,0.17333333333333334,1.0,0
31,2,0.8250000000000001,0.025862068965517238,0.16000000000000003,1.0,0
32,2,0.9000000000000001,0.01724137931034482,0.22666666666666668,0.0,0
33,2,0.9375,0.004310344827586202,0.22666666666666668,0.4444444444444445,0
34,2,0.9375,0.021551724137931036,0.040000000000000036,0.4444444444444445,0
35,2,0.8875,0.008620689655172417,0.1866666666666667,0.0,0
36,2,0.8625,0.008620689655172417,0.21333333333333337,0.1111111111111111,0
37,2,0.9375,0.01724137931034482,0.26666666666666666,0.8888888888888888,0
38,2,0.925,0.012931034482758619,0.053333333333333344,0.5555555555555556,0
39,2,0.8375,0.0,0.25333333333333335,0.5555555555555556,0
40,2,0.9000000000000001,0.0,0.040000000000000036,0.5555555555555556,0
41,2,0.8625,0.012931034482758619,0.013333333333333364,0.3333333333333333,0
42,2,0.925,0.004310344827586202,0.026666666666666672,0.7777777777777777,0
43,2,0.8250000000000001,0.008620689655172417,0.053333333333333344,0.7777777777777777,0
44,2,0.9125000000000001,0.008620689655172417,0.10666666666666669,0.8888888888888888,0
45,2,0.925,0.025862068965517238,0.08000000000000002,0.8888888888888888,0
46,2,0.8500000000000001,0.01724137931034482,0.16000000000000003,0.5555555555555556,0
47,2,0.9000000000000001,0.03017241379310344,0.040000000000000036,0.3333333333333333,0
48,2,0.8500000000000001,0.004310344827586202,0.13333333333333336,0.0,0
49,2,0.925,0.012931034482758619,0.24000000000000005,0.3333333333333333,0
50,2,0.8125,0.004310344827586202,0.26666666666666666,0.0,0
51,2,0.8500000000000001,0.004310344827586202,0.013333333333333364,0.5555555555555556,0
52,2,0.8250000000000001,0.012931034482758619,0.10666666666666669,0.7777777777777777,0
53,2,0.8500000000000001,0.008620689655172417,0.24000000000000005,1.0,0
54,2,0.9000000000000001,0.012931034482758619,0.2,0.6666666666666665,0
55,2,0.8500000000000001,0.004310344827586202,0.040000000000000036,0.6666666666666665,0
56,2,0.875,0.025862068965517238,0.17333333333333334,0.7777777777777777,0
57,2,0.8125,0.004310344827586202,0.013333333333333364,0.6666666666666665,0
58,2,0.875,0.004310344827586202,0.09333333333333338,0.3333333333333333,0
59,2,0.8500000000000001,0.03017241379310344,0.053333333333333344,0.6666666666666665,0
60,2,0.8375,0.01724137931034482,0.1866666666666667,0.3333333333333333,0
61,2,0.8250000000000001,0.03017241379310344,0.22666666666666668,0.1111111111111111,0
62,2,0.8125,0.0,0.026666666666666672,0.3333333333333333,0
63,2,0.8375,0.025862068965517238,0.2,0.7777777777777777,0
64,2,0.8500000000000001,0.025862068965517238,0.013333333333333364,0.2222222222222222,0
65,2,0.8875,0.0,0.16000000000000003,0.4444444444444445,0
66,2,0.9000000000000001,0.01724137931034482,0.17333333333333334,0.8888888888888888,0
67,2,0.9375,0.03017241379310344,0.053333333333333344,0.3333333333333333,0
68,2,0.8625,0.012931034482758619,0.013333333333333364,1.0,0
69,2,0.9125000000000001,0.0,0.13333333333333336,0.0,0
70,2,0.8125,0.03017241379310344,0.21333333333333337,0.8888888888888888,0
71,2,0.8375,0.0,0.21333333333333337,0.1111111111111111,0
72,2,0.8375,0.004310344827586202,0.25333333333333335,0.1111111111111111,0
73,2,0.9375,0.012931034482758619,0.16000000000000003,0.1111111111111111,0
74,2,0.925,0.012931034482758619,0.24000000000000005,1.0,0
75,2,0.8125,0.004310344827586202,0.17333333333333334,1.0,0
76,2,0.925,0.021551724137931036,0.10666666666666669,0.3333333333333333,0
77,2,0.9375,0.021551724137931036,0.09333333333333338,0.4444444444444445,0
78,2,0.8875,0.008620689655172417,0.26666666666666666,0.4444444444444445,0
79,2,0.9000000000000001,0.021551724137931036,0.026666666666666672,0.0,0
80,2,0.9000000000000001,0.004310344827586202,0.026666666666666672,0.8888888888888888,0
81,2,0.8500000000000001,0.01724137931034482,0.053333333333333344,0.5555555555555556,0
82,2,0.8250000000000001,0.012931034482758619,0.14666666666666672,0.4444444444444445,0
83,2,0.8375,0.03017241379310344,0.22666666666666668,0.4444444444444445,0
84,2,0.925,0.0,0.22666666666666668,0.4444444444444445,0
85,2,0.9375,0.004310344827586202,0.053333333333333344,0.4444444444444445,0
86,2,0.8250000000000001,0.004310344827586202,0.22666666666666668,0.2222222222222222,0
87,2,0.8625,0.01724137931034482,0.25333333333333335,0.3333333333333333,0
88,2,0.875,0.012931034482758619,0.26666666666666666,0.4444444444444445,0
89,2,0.9125000000000001,0.03017241379310344,0.10666666666666669,0.0,0
90,2,0.8250000000000001,0.025862068965517238,0.10666666666666669,0.0,0
91,2,0.8125,0.021551724137931036,0.053333333333333344,0.4444444444444445,0
92,2,0.8375,0.03017241379310344,0.22666666666666668,0.6666666666666665,0
93,2,0.9125000000000001,0.0,0.040000000000000036,0.1111111111111111,0
94,2,0.8375,0.0,0.14666666666666672,1.0,0
95,2,0.9125000000000001,0.008620689655172417,0.17333333333333334,0.2222222222222222,0
96,2,0.8125,0.01724137931034482,0.14666666666666672,0.0,0
97,2,0.875,0.012931034482758619,0.09333333333333338,0.1111111111111111,0
98,2,0.875,0.025862068965517238,0.25333333333333335,0.2222222222222222,0
99,2,0.8500000000000001,0.008620689655172417,0.06666666666666671,0.6666666666666665,0
100,2,0.8125,0.008620689655172417,0.13333333333333336,0.6666666666666665,0
101,2,0.9375,0.012931034482758619,0.10666666666666669,0.2222222222222222,0
102,2,0.8250000000000001,0.025862068965517238,0.013333333333333364,0.7777777777777777,0
103,2,0.8500000000000001,0.012931034482758619,0.1866666666666667,0.5555555555555556,0
104,2,0.8625,0.012931034482758619,0.09333333333333338,0.0,0
105,2,0.9375,0.012931034482758619,0.16000000000000003,0.5555555555555556,0
106,2,0.8625,0.004310344827586202,0.10666666666666669,0.5555555555555556,0
107,2,0.9375,0.025862068965517238,0.22666666666666668,0.5555555555555556,0
108,2,0.8125,0.004310344827586202,0.10666666666666669,0.2222222222222222,0
109,2,0.925,0.01724137931034482,0.013333333333333364,0.1111111111111111,0
110,2,0.925,0.025862068965517238,0.14666666666666672,0.5555555555555556,0
111,2,0.8875,0.004310344827586202,0.16000000000000003,1.0,0
112,2,0.8500000000000001,0.01724137931034482,0.013333333333333364,0.6666666666666665,0
113,2,0.8125,0.012931034482758619,0.14666666666666672,0.6666666666666665,0
114,2,0.8250000000000001,0.021551724137931036,0.25333333333333335,0.5555555555555556,0
115,2,0.9375,0.004310344827586202,0.12000000000000005,0.8888888888888888,0
116,2,0.8625,0.025862068965517238,0.13333333333333336,0.6666666666666665,0
117,2,0.8625,0.008620689655172417,0.08000000000000002,0.6666666666666665,0
118,2,0.9375,0.025862068965517238,0.06666666666666671,1.0,0
119,2,0.925,0.01724137931034482,0.16000000000000003,0.8888888888888888,0
120,2,0.8125,0.01724137931034482,0.12000000000000005,0.3333333333333333,0
121,2,0.8875,0.021551724137931036,0.1866666666666667,0.7777777777777777,0
122,2,0.9000000000000001,0.012931034482758619,0.21333333333333337,0.7777777777777777,0
123,2,0.8375,0.004310344827586202,0.12000000000000005,0.8888888888888888,0
124,2,0.9375,0.021551724137931036,0.026666666666666672,0.3333333333333333,0
125,2,0.9375,0.01724137931034482,0.09333333333333338,0.3333333333333333,0
126,2,0.8375,0.0,0.013333333333333364,0.3333333333333333,0
127,2,0.9000000000000001,0.004310344827586202,0.1866666666666667,0.6666666666666665,0
128,2,0.9375,0.012931034482758619,0.16000000000000003,0.7777777777777777,0
129,2,0.8875,0.012931034482758619,0.053333333333333344,0.0,0
130,2,0.8250000000000001,0.025862068965517238,0.09333333333333338,0.2222222222222222,0
131,2,0.9125000000000001,0.03017241379310344,0.013333333333333364,0.8888888888888888,0
132,2,0.8500000000000001,0.004310344827586202,0.1866666666666667,0.2222222222222222,0
133,2,0.9000000000000001,0.021551724137931036,0.1866666666666667,1.0,0
134,2,0.9125000000000001,0.025862068965517238,0.22666666666666668,0.7777777777777777,0
135,2,0.8375,0.03017241379310344,0.1866666666666667,0.4444444444444445,0
136,2,0.8500000000000001,0.01724137931034482,0.21333333333333337,0.7777777777777777,0
137,2,0.9375,0.012931034482758619,0.10666666666666669,0.7777777777777777,0
138,2,0.8250000000000001,0.01724137931034482,0.09333333333333338,0.4444444444444445,0
139,2,0.875,0.021551724137931036,0.22666666666666668,0.1111111111111111,0
140,2,0.8375,0.008620689655172417,0.09333333333333338,0.6666666666666665,0
141,2,0.8375,0.012931034482758619,0.026666666666666672,0.6666666666666665,0
142,2,0.8875,0.021551724137931036,0.22666666666666668,0.7777777777777777,0
143,2,0.8875,0.0,0.08000000000000002,0.6666666666666665,0
144,2,0.8875,0.0,0.24000000000000005,0.6666666666666665,0
145,2,0.9000000000000001,0.0,0.14666666666666672,0.4444444444444445,0
146,2,0.8875,0.025862068965517238,0.22666666666666668,0.8888888888888888,0
147,2,0.925,0.012931034482758619,0.2,0.3333333333333333,0
148,2,0.8625,0.025862068965517238,0.2,0.0,0
149,2,0.8875,0.021551724137931036,0.16000000000000003,0.2222222222222222,0
150,2,0.9000000000000001,0.008620689655172417,0.25333333333333335,0.8888888888888888,0
151,2,0.8125,0.025862068965517238,0.24000000000000005,1.0,0
152,2,0.9375,0.0,0.026666666666666672,0.6666666666666665,0
153,2,0.8375,0.03017241379310344,0.06666666666666671,0.0,0
154,2,0.8625,0.025862068965517238,0.13333333333333336,0.3333333333333333,0
155,2,0.9000000000000001,0.021551724137931036,0.13333333333333336,0.6666666666666665,0
156,2,0.8625,0.025862068965517238,0.10666666666666669,0.1111111111111111,0
157,2,0.9000000000000001,0.0,0.22666666666666668,0.0,0
158,2,0.875,0.012931034482758619,0.26666666666666666,0.1111111111111111,0
159,2,0.9375,0.0,0.0,0.3333333333333333,0
160,2,0.8500000000000001,0.0,0.25333333333333335,0.2222222222222222,0
161,2,0.8500000000000001,0.008620689655172417,0.2,0.1111111111111111,0
162,2,0.925,0.012931034482758619,0.1866666666666667,0.4444444444444445,0
163,2,0.875,0.008620689655172417,0.25333333333333335,1.0,0
164,2,0.8250000000000001,0.008620689655172417,0.12000000000000005,0.1111111111111111,0
165,2,0.925,0.0,0.12000000000000005,1.0,0
166,2,0.9375,0.025862068965517238,0.16000000000000003,0.3333333333333333,0
167,2,0.8250000000000001,0.012931034482758619,0.040000000000000036,0.4444444444444445,0
168,2,0.9375,0.004310344827586202,0.24000000000000005,0.0,0
169,2,0.875,0.025862068965517238,0.14666666666666672,0.1111111111111111,0
170,2,0.9125000000000001,0.021551724137931036,0.0,0.6666666666666665,0
171,2,0.9000000000000001,0.004310344827586202,0.17333333333333334,0.5555555555555556,0
172,2,0.9375,0.03017241379310344,0.053333333333333344,0.6666666666666665,0
173,2,0.8375,0.01724137931034482,0.25333333333333335,0.8888888888888888,0
174,2,0.9000000000000001,0.03017241379310344,0.17333333333333334,1.0,0
175,2,0.8625,0.021551724137931036,0.09333333333333338,0.1111111111111111,0
176,2,0.8625,0.03017241379310344,0.09333333333333338,0.7777777777777777,0
177,2,0.925,0.025862068965517238,0.13333333333333336,0.0,0
178,2,0.9000000000000001,0.021551724137931036,0.06666666666666671,0.7777777777777777,0
179,2,0.8500000000000001,0.021551724137931036,0.10666666666666669,0.5555555555555556,0
180,2,0.8625,0.01724137931034482,0.22666666666666668,0.0,0
181,2,0.9125000000000001,0.012931034482758619,0.026666666666666672,0.3333333333333333,0
182,2,0.8875,0.03017241379310344,0.22666666666666668,0.3333333333333333,0
183,2,0.9000000000000001,0.03017241379310344,0.1866666666666667,0.0,0
184,2,0.8250000000000001,0.01724137931034482,0.09333333333333338,0.6666666666666665,0
185,2,0.8500000000000001,0.01724137931034482,0.24000000000000005,0.5555555555555556,0
186,2,0.9000000000000001,0.021551724137931036,0.17333333333333334,0.8888888888888888,0
187,2,0.875,0.021551724137931036,0.1866666666666667,0.4444444444444445,0
188,2,0.8625,0.01724137931034482,0.09333333333333338,0.1111111111111111,0
189,2,0.8500000000000001,0.021551724137931036,0.040000000000000036,0.8888888888888888,0
190,2,0.8375,0.012931034482758619,0.08000000000000002,0.7777777777777777,0
191,2,0.8625,0.01724137931034482,0.040000000000000036,0.3333333333333333,0
192,2,0.8625,0.012931034482758619,0.14666666666666672,0.2222222222222222,0
193,2,0.8625,0.0,0.22666666666666668,0.2222222222222222,0
194,2,0.8625,0.0,0.013333333333333364,0.8888888888888888,0
195,2,0.8625,0.008620689655172417,0.26666666666666666,0.7777777777777777,0
196,2,0.8250000000000001,0.0,0.24000000000000005,0.4444444444444445,0
197,2,0.9000000000000001,0.03017241379310344,0.1866666666666667,0.5555555555555556,0
198,2,0.8375,0.0,0.10666666666666669,0.7777777777777777,0
199,2,0.8250000000000001,0.004310344827586202,0.16000000000000003,0.7777777777777777,0
200,2,0.8250000000000001,0.0,0.053333333333333344,0.2222222222222222,0
201,2,0.925,0.01724137931034482,0.026666666666666672,0.3333333333333333,0
202,2,0.8250000000000001,0.025862068965517238,0.25333333333333335,1.0,0
203,2,0.925,0.012931034482758619,0.21333333333333337,0.6666666666666665,0
204,2,0.9000000000000001,0.03017241379310344,0.12000000000000005,1.0,0
205,2,0.8875,0.01724137931034482,0.24000000000000005,1.0,0
206,2,0.8125,0.004310344827586202,0.08000000000000002,0.3333333333333333,0
207,2,0.8625,0.004310344827586202,0.06666666666666671,0.3333333333333333,0
208,2,0.8375,0.004310344827586202,0.06666666666666671,0.0,0
209,2,0.8875,0.03017241379310344,0.25333333333333335,0.7777777777777777,0
210,2,0.8625,0.0,0.09333333333333338,0.4444444444444445,0
211,2,0.8625,0.03017241379310344,0.026666666666666672,0.3333333333333333,0
212,2,0.8625,0.012931034482758619,0.17333333333333334,0.1111111111111111,0
213,2,0.9125000000000001,0.012931034482758619,0.26666666666666666,0.2222222222222222,0
214,2,0.8625,0.008620689655172417,0.026666666666666672,0.0,0
215,2,0.8375,0.01724137931034482,0.25333333333333335,1.0,0
216,2,0.8625,0.03017241379310344,0.040000000000000036,0.7777777777777777,0
217,2,0.8625,0.025862068965517238,0.10666666666666669,0.8888888888888888,0
218,2,0.9125000000000001,0.03017241379310344,0.1866666666666667,0.1111111111111111,0
219,2,0.925,0.0,0.17333333333333334,0.5555555555555556,0
220,2,0.925,0.01724137931034482,0.0,0.1111111111111111,0
221,2,0.8500000000000001,0.0,0.10666666666666669,1.0,0
222,2,0.8125,0.008620689655172417,0.2,0.8888888888888888,0
223,2,0.9375,0.03017241379310344,0.10666666666666669,0.2222222222222222,0
224,2,0.925,0.025862068965517238,0.26666666666666666,0.7777777777777777,0
225,2,0.8250000000000001,0.03017241379310344,0.14666666666666672,0.6666666666666665,0
226,2,0.875,0.021551724137931036,0.040000000000000036,0.2222222222222222,0
227,2,0.875,0.025862068965517238,0.2,0.4444444444444445,0
228,2,0.9375,0.025862068965517238,0.22666666666666668,0.0,0
229,2,0.9000000000000001,0.004310344827586202,0.13333333333333336,0.4444444444444445,0
230,2,0.875,0.004310344827586202,0.16000000000000003,0.8888888888888888,0
231,2,0.8125,0.03017241379310344,0.17333333333333334,0.0,0
232,2,0.8500000000000001,0.021551724137931036,0.25333333333333335,0.7777777777777777,0
233,2,0.9375,0.03017241379310344,0.013333333333333364,0.3333333333333333,0
234,2,0.8625,0.008620689655172417,0.12000000000000005,0.7777777777777777,0
235,2,0.9000000000000001,0.004310344827586202,0.0,1.0,0
236,2,0.8500000000000001,0.008620689655172417,0.12000000000000005,0.8888888888888888,0
237,2,0.8125,0.025862068965517238,0.026666666666666672,0.3333333333333333,0
238,2,0.8250000000000001,0.03017241379310344,0.040000000000000036,0.2222222222222222,0
239,2,0.9000000000000001,0.01724137931034482,0.21333333333333337,0.4444444444444445,0
240,2,0.8875,0.03017241379310344,0.2,0.3333333333333333,0
241,2,0.9000000000000001,0.008620689655172417,0.16000000000000003,0.3333333333333333,0
242,2,0.925,0.008620689655172417,0.026666666666666672,0.4444444444444445,0
243,2,0.8875,0.021551724137931036,0.21333333333333337,0.4444444444444445,0
244,2,0.8125,0.01724137931034482,0.12000000000000005,1.0,0
245,2,0.925,0.03017241379310344,0.053333333333333344,0.7777777777777777,0
246,2,0.9125000000000001,0.03017241379310344,0.14666666666666672,0.5555555555555556,0
247,2,0.9125000000000001,0.025862068965517238,0.1866666666666667,0.5555555555555556,0
248,2,0.8500000000000001,0.012931034482758619,0.24000000000000005,0.6666666666666665,0
249,2,0.8500000000000001,0.025862068965517238,0.013333333333333364,0.5555555555555556,0
250,2,0.9000000000000001,0.025862068965517238,0.16000000000000003,0.2222222222222222,0
251,2,0.9000000000000001,0.0,0.053333333333333344,0.8888888888888888,0
252,2,0.925,0.021551724137931036,0.040000000000000036,0.7777777777777777,0
253,2,0.8250000000000001,0.03017241379310344,0.0,0.2222222222222222,0
254,2,0.8875,0.008620689655172417,0.026666666666666672,0.7777777777777777,0
255,2,0.8625,0.021551724137931036,0.25333333333333335,0.6666666666666665,0
256,2,0.9375,0.004310344827586202,0.13333333333333336,0.8888888888888888,0
257,2,0.8875,0.021551724137931036,0.26666666666666666,0.7777777777777777,0
258,2,0.9125000000000001,0.0,0.25333333333333335,0.1111111111111111,0
259,2,0.8500000000000001,0.01724137931034482,0.09333333333333338,0.1111111111111111,0
260,2,0.8875,0.004310344827586202,0.26666666666666666,0.1111111111111111,0
261,2,0.9000000000000001,0.008620689655172417,0.12000000000000005,0.0,0
262,2,0.8125,0.021551724137931036,0.013333333333333364,0.4444444444444445,0
263,2,0.875,0.021551724137931036,0.17333333333333334,0.2222222222222222,0
264,2,0.8500000000000001,0.025862068965517238,0.24000000000000005,0.2222222222222222,0
265,2,0.8375,0.008620689655172417,0.026666666666666672,1.0,0
266,2,0.8875,0.012931034482758619,0.2,1.0,0
267,2,0.8375,0.012931034482758619,0.1866666666666667,0.4444444444444445,0
268,2,0.9000000000000001,0.01724137931034482,0.0,0.7777777777777777,0
269,2,0.8625,0.008620689655172417,0.026666666666666672,0.7777777777777777,0
270,2,0.875,0.01724137931034482,0.26666666666666666,0.6666666666666665,0
271,2,0.8625,0.03017241379310344,0.12000000000000005,0.3333333333333333,0
272,2,0.8875,0.03017241379310344,0.040000000000000036,0.3333333333333333,0
273,2,0.8875,0.021551724137931036,0.24000000000000005,0.4444444444444445,0
274,2,0.8625,0.0,0.16000000000000003,0.4444444444444445,0
275,2,0.8125,0.0,0.25333333333333335,0.7777777777777777,0
276,2,0.8625,0.012931034482758619,0.25333333333333335,0.5555555555555556,0
277,2,0.8500000000000001,0.012931034482758619,0.25333333333333335,0.4444444444444445,0
278,2,0.9375,0.008620689655172417,0.26666666666666666,0.1111111111111111,0
279,2,0.9375,0.0,0.12000000000000005,0.7777777777777777,0
280,2,0.8125,0.021551724137931036,0.053333333333333344,0.1111111111111111,0
281,2,0.8625,0.021551724137931036,0.17333333333333334,0.2222222222222222,0
282,2,0.8500000000000001,0.008620689655172417,0.22666666666666668,0.5555555555555556,0
283,2,0.9125000000000001,0.01724137931034482,0.06666666666666671,0.4444444444444445,0
284,2,0.9000000000000001,0.01724137931034482,0.13333333333333336,0.1111111111111111,0
285,2,0.9000000000000001,0.004310344827586202,0.053333333333333344,0.3333333333333333,0
286,2,0.9375,0.025862068965517238,0.22666666666666668,0.5555555555555556,0
287,2,0.8250000000000001,0.025862068965517238,0.0,0.4444444444444445,0
288,2,0.9125000000000001,0.004310344827586202,0.1866666666666667,0.5555555555555556,0
289,2,0.9375,0.01724137931034482,0.24000000000000005,0.6666666666666665,0
290,2,0.9375,0.021551724137931036,0.040000000000000036,0.3333333333333333,0
291,2,0.9000000000000001,0.0,0.25333333333333335,0.8888888888888888,0
292,2,0.875,0.012931034482758619,0.26666666666666666,0.1111111111111111,0
293,2,0.9375,0.03017241379310344,0.12000000000000005,0.6666666666666665,0
294,2,0.8250000000000001,0.008620689655172417,0.013333333333333364,0.0,0
295,2,0.8625,0.03017241379310344,0.040000000000000036,0.1111111111111111,0
296,2,0.8500000000000001,0.008620689655172417,0.16000000000000003,0.7777777777777777,0
297,2,0.875,0.025862068965517238,0.24000000000000005,0.2222222222222222,0
298,2,0.8875,0.004310344827586202,0.2,1.0,0
299,2,0.8875,0.01724137931034482,0.013333333333333364,0.5555555555555556,0
300,2,0.8500000000000001,0.03017241379310344,0.1866666666666667,0.3333333333333333,0
301,2,0.875,0.004310344827586202,0.14666666666666672,0.8888888888888888,0
302,2,0.9375,0.021551724137931036,0.013333333333333364,0.6666666666666665,0
303,2,0.8625,0.012931034482758619,0.040000000000000036,0.7777777777777777,0
304,2,0.8250000000000001,0.012931034482758619,0.26666666666666666,1.0,0
305,2,0.8125,0.0,0.13333333333333336,0.3333333333333333,0
306,2,0.8375,0.012931034482758619,0.026666666666666672,0.8888888888888888,0
307,2,0.8500000000000001,0.012931034482758619,0.09333333333333338,0.5555555555555556,0
308,2,0.8375,0.0,0.10666666666666669,0.2222222222222222,0
309,2,0.8375,0.01724137931034482,0.06666666666666671,0.1111111111111111,0
310,2,0.9375,0.0,0.053333333333333344,0.0,0
311,2,0.875,0.012931034482758619,0.24000000000000005,0.5555555555555556,0
312,2,0.8125,0.008620689655172417,0.10666666666666669,0.0,0
313,2,0.8375,0.025862068965517238,0.21333333333333337,0.1111111111111111,0
314,2,0.8250000000000001,0.03017241379310344,0.1866666666666667,0.5555555555555556,0
315,2,0.9125000000000001,0.004310344827586202,0.1866666666666667,0.8888888888888888,0
316,2,0.8500000000000001,0.0,0.21333333333333337,0.4444444444444445,0
317,2,0.9000000000000001,0.0,0.013333333333333364,0.7777777777777777,0
318,2,0.8875,0.025862068965517238,0.040000000000000036,0.7777777777777777,0
319,2,0.9000000000000001,0.004310344827586202,0.026666666666666672,0.5555555555555556,0
320,2,0.925,0.008620689655172417,0.026666666666666672,0.2222222222222222,0
321,2,0.8625,0.021551724137931036,0.16000000000000003,1.0,0
322,2,0.9125000000000001,0.01724137931034482,0.1866666666666667,0.8888888888888888,0
323,2,0.925,0.025862068965517238,0.040000000000000036,0.1111111111111111,0
324,2,0.9375,0.012931034482758619,0.17333333333333334,0.7777777777777777,0
325,2,0.8500000000000001,0.025862068965517238,0.13333333333333336,0.7777777777777777,0
326,2,0.8875,0.025862068965517238,0.040000000000000036,0.5555555555555556,0
327,2,0.8875,0.021551724137931036,0.10666666666666669,0.5555555555555556,0
328,2,0.8375,0.03017241379310344,0.026666666666666672,0.1111111111111111,0
329,2,0.8250000000000001,0.004310344827586202,0.17333333333333334,0.1111111111111111,0
330,2,0.875,0.008620689655172417,0.22666666666666668,0.0,0
331,2,0.925,0.021551724137931036,0.040000000000000036,0.6666666666666665,0
332,2,0.875,0.025862068965517238,0.013333333333333364,0.4444444444444445,0
333,2,0.925,0.01724137931034482,0.14666666666666672,0.1111111111111111,0
334,2,0.925,0.012931034482758619,0.053333333333333344,0.7777777777777777,0
335,2,0.8500000000000001,0.004310344827586202,0.14666666666666672,0.8888888888888888,0
336,2,0.875,0.004310344827586202,0.10666666666666669,1.0,0
337,2,0.8500000000000001,0.025862068965517238,0.22666666666666668,1.0,0
338,2,0.925,0.0,0.25333333333333335,0.4444444444444445,0
339,2,0.8125,0.008620689655172417,0.10666666666666669,0.4444444444444445,0
340,2,0.875,0.021551724137931036,0.0,0.2222222222222222,0
341,2,0.8375,0.025862068965517238,0.026666666666666672,0.2222222222222222,0
342,2,0.9375,0.0,0.026666666666666672,0.8888888888888888,0
343,2,0.8500000000000001,0.025862068965517238,0.17333333333333334,0.7777777777777777,0
344,2,0.875,0.008620689655172417,0.14666666666666672,0.4444444444444445,0
345,2,0.875,0.004310344827586202,0.013333333333333364,0.2222222222222222,0
346,2,0.8375,0.0,0.026666666666666672,0.4444444444444445,0
347,2,0.9000000000000001,0.025862068965517238,0.2,1.0,0
348,2,0.9000000000000001,0.025862068965517238,0.10666666666666669,0.3333333333333333,0
349,2,0.9125000000000001,0.004310344827586202,0.14666666666666672,0.6666666666666665,0
350,2,0.8250000000000001,0.01724137931034482,0.24000000000000005,0.7777777777777777,0
351,2,0.9125000000000001,0.01724137931034482,0.013333333333333364,0.3333333333333333,0
352,2,0.8875,0.0,0.0,0.3333333333333333,0
353,2,0.8625,0.012931034482758619,0.053333333333333344,0.4444444444444445,0
354,2,0.8625,0.021551724137931036,0.040000000000000036,0.0,0
355,2,0.9000000000000001,0.025862068965517238,0.06666666666666671,0.2222222222222222,0
356,2,0.8875,0.012931034482758619,0.21333333333333337,0.8888888888888888,0
357,2,0.9375,0.021551724137931036,0.026666666666666672,0.6666666666666665,0
358,2,0.8125,0.025862068965517238,0.0,0.7777777777777777,0
359,2,0.8250000000000001,0.021551724137931036,0.24000000000000005,0.6666666666666665,0
360,2,0.925,0.025862068965517238,0.26666666666666666,0.6666666666666665,0
361,2,0.8625,0.004310344827586202,0.16000000000000003,0.0,0
362,2,0.875,0.008620689655172417,0.25333333333333335,0.7777777777777777,0
363,2,0.875,0.004310344827586202,0.17333333333333334,0.1111111111111111,0
364,2,0.8500000000000001,0.025862068965517238,0.24000000000000005,0.6666666666666665,0
365,2,0.9125000000000001,0.004310344827586202,0.16000000000000003,0.4444444444444445,0
366,2,0.875,0.012931034482758619,0.13333333333333336,0.2222222222222222,0
367,2,0.8250000000000001,0.004310344827586202,0.21333333333333337,0.8888888888888888,0
368,2,0.8500000000000001,0.021551724137931036,0.14666666666666672,0.2222222222222222,0
369,2,0.8500000000000001,0.004310344827586202,0.053333333333333344,0.4444444444444445,0
370,2,0.8500000000000001,0.008620689655172417,0.25333333333333335,0.2222222222222222,0
371,2,0.9375,0.004310344827586202,0.06666666666666671,0.7777777777777777,0
372,2,0.9000000000000001,0.03017241379310344,0.24000000000000005,1.0,0
373,2,0.875,0.021551724137931036,0.053333333333333344,0.7777777777777777,0
374,2,0.8250000000000001,0.03017241379310344,0.1866666666666667,0.4444444444444445,0
375,2,0.8625,0.0,0.14666666666666672,0.8888888888888888,0
376,2,0.8250000000000001,0.01724137931034482,0.1866666666666667,0.7777777777777777,0
377,2,0.8125,0.0,0.14666666666666672,0.4444444444444445,0
378,2,0.8250000000000001,0.004310344827586202,0.25333333333333335,1.0,0
379,2,0.9125000000000001,0.025862068965517238,0.1866666666666667,1.0,0
380,2,0.9125000000000001,0.0,0.1866666666666667,1.0,0
381,2,0.9375,0.012931034482758619,0.13333333333333336,1.0,0
382,2,0.9000000000000001,0.008620689655172417,0.013333333333333364,0.7777777777777777,0
383,2,0.8250000000000001,0.021551724137931036,0.026666666666666672,0.8888888888888888,0
384,2,0.9375,0.008620689655172417,0.013333333333333364,0.3333333333333333,0
385,2,0.9000000000000001,0.03017241379310344,0.21333333333333337,0.8888888888888888,0
386,2,0.925,0.008620689655172417,0.14666666666666672,0.5555555555555556,0
387,2,0.8625,0.025862068965517238,0.17333333333333334,0.5555555555555556,0
388,2,0.9375,0.0,0.26666666666666666,0.5555555555555556,0
389,2,0.8250000000000001,0.021551724137931036,0.040000000000000036,0.8888888888888888,0
390,2,0.9375,0.025862068965517238,0.12000000000000005,0.4444444444444445,0
391,2,0.9375,0.008620689655172417,0.13333333333333336,0.1111111111111111,0
392,2,0.925,0.008620689655172417,0.14666666666666672,0.4444444444444445,0
393,2,0.9375,0.025862068965517238,0.053333333333333344,1.0,0
394,2,0.8250000000000001,0.01724137931034482,0.22666666666666668,0.6666666666666665,0
395,2,0.9375,0.021551724137931036,0.053333333333333344,0.8888888888888888,0
396,2,0.8250000000000001,0.025862068965517238,0.21333333333333337,0.5555555555555556,0
397,2,0.8125,0.021551724137931036,0.12000000000000005,0.2222222222222222,0
398,2,0.8500000000000001,0.021551724137931036,0.2,0.3333333333333333,0
399,2,0.8500000000000001,0.008620689655172417,0.053333333333333344,0.1111111111111111,0
400,2,0.8625,0.004310344827586202,0.21333333333333337,0.8888888888888888,0
401,2,0.9125000000000001,0.0,0.13333333333333336,1.0,0
402,2,0.8375,0.025862068965517238,0.053333333333333344,0.2222222222222222,0
403,2,0.8375,0.008620689655172417,0.1866666666666667,0.0,0
404,2,0.8875,0.021551724137931036,0.09333333333333338,0.7777777777777777,0
405,2,0.925,0.01724137931034482,0.1866666666666667,0.3333333333333333,0
406,2,0.9125000000000001,0.012931034482758619,0.12000000000000005,0.7777777777777777,0
407,2,0.8500000000000001,0.021551724137931036,0.24000000000000005,0.7777777777777777,0
408,2,0.9000000000000001,0.01724137931034482,0.16000000000000003,0.8888888888888888,0
409,2,0.9125000000000001,0.025862068965517238,0.06666666666666671,0.3333333333333333,0
410,2,0.925,0.008620689655172417,0.10666666666666669,0.0,0
411,2,0.9375,0.03017241379310344,0.14666666666666672,0.8888888888888888,0
412,2,0.8250000000000001,0.004310344827586202,0.12000000000000005,0.1111111111111111,0
413,2,0.8375,0.01724137931034482,0.1866666666666667,0.8888888888888888,0
414,2,0.8375,0.025862068965517238,0.026666666666666672,0.3333333333333333,0
415,2,0.9000000000000001,0.021551724137931036,0.0,0.6666666666666665,0
416,2,0.8125,0.025862068965517238,0.21333333333333337,0.5555555555555556,0
417,2,0.8500000000000001,0.025862068965517238,0.026666666666666672,0.5555555555555556,0
418,2,0.8500000000000001,0.0,0.13333333333333336,0.1111111111111111,0
419,2,0.9375,0.021551724137931036,0.053333333333333344,0.2222222222222222,0
420,2,0.8125,0.01724137931034482,0.2,0.2222222222222222,0
421,2,0.9000000000000001,0.03017241379310344,0.25333333333333335,0.0,0
422,2,0.8250000000000001,0.0,0.10666666666666669,0.3333333333333333,0
423,2,0.8375,0.025862068965517238,0.040000000000000036,0.4444444444444445,0
424,2,0.8500000000000001,0.01724137931034482,0.040000000000000036,0.0,0
425,2,0.8500000000000001,0.025862068965517238,0.26666666666666666,1.0,0
426,2,0.9000000000000001,0.004310344827586202,0.040000000000000036,0.7777777777777777,0
427,2,0.925,0.0,0.26666666666666666,0.8888888888888888,0
428,2,0.925,0.012931034482758619,0.053333333333333344,0.4444444444444445,0
429,2,0.8875,0.0,0.25333333333333335,0.5555555555555556,0
430,2,0.8500000000000001,0.025862068965517238,0.06666666666666671,0.1111111111111111,0
431,2,0.9125000000000001,0.021551724137931036,0.026666666666666672,0.8888888888888888,0
432,2,0.9125000000000001,0.0,0.16000000000000003,0.7777777777777777,0
433,2,0.8125,0.025862068965517238,0.14666666666666672,0.4444444444444445,0
434,2,0.8125,0.021551724137931036,0.026666666666666672,0.5555555555555556,0
435,2,0.8500000000000001,0.004310344827586202,0.24000000000000005,0.5555555555555556,0
436,2,0.8375,0.0,0.14666666666666672,0.8888888888888888,0
437,2,0.875,0.008620689655172417,0.1866666666666667,0.7777777777777777,0
438,2,0.9375,0.008620689655172417,0.053333333333333344,0.1111111111111111,0
439,2,0.9000000000000001,0.0,0.12000000000000005,0.3333333333333333,0
440,2,0.8125,0.012931034482758619,0.013333333333333364,0.5555555555555556,0
441,2,0.8625,0.025862068965517238,0.22666666666666668,0.7777777777777777,0
442,2,0.8625,0.0,0.26666666666666666,0.3333333333333333,0
443,2,0.8625,0.021551724137931036,0.013333333333333364,0.5555555555555556,0
444,2,0.8625,0.004310344827586202,0.14666666666666672,0.6666666666666665,0
445,2,0.8875,0.03017241379310344,0.16000000000000003,0.5555555555555556,0
446,2,0.8375,0.03017241379310344,0.2,0.5555555555555556,0
447,2,0.9125000000000001,0.01724137931034482,0.026666666666666672,0.6666666666666665,0
448,2,0.8250000000000001,0.025862068965517238,0.25333333333333335,0.2222222222222222,0
449,2,0.9125000000000001,0.01724137931034482,0.13333333333333336,0.1111111111111111,0
450,2,0.8250000000000001,0.021551724137931036,0.12000000000000005,0.4444444444444445,0
451,2,0.9000000000000001,0.025862068965517238,0.06666666666666671,0.7777777777777777,0
452,2,0.875,0.03017241379310344,0.013333333333333364,0.5555555555555556,0
453,2,0.925,0.025862068965517238,0.10666666666666669,0.0,0
454,2,0.8250000000000001,0.025862068965517238,0.14666666666666672,0.8888888888888888,0
455,2,0.9375,0.008620689655172417,0.0,0.2222222222222222,0
456,2,0.925,0.03017241379310344,0.013333333333333364,0.2222222222222222,0
457,2,0.8250000000000001,0.012931034482758619,0.26666666666666666,0.5555555555555556,0
458,2,0.875,0.025862068965517238,0.24000000000000005,0.0,0
459,2,0.925,0.008620689655172417,0.1866666666666667,0.5555555555555556,0
460,2,0.875,0.03017241379310344,0.026666666666666672,1.0,0
461,2,0.8375,0.021551724137931036,0.16000000000000003,0.5555555555555556,0
462,2,0.9375,0.01724137931034482,0.09333333333333338,0.1111111111111111,0
463,2,0.8125,0.008620689655172417,0.2,0.8888888888888888,0
464,2,0.8875,0.004310344827586202,0.10666666666666669,0.4444444444444445,0
465,2,0.9000000000000001,0.012931034482758619,0.25333333333333335,0.4444444444444445,0
466,2,0.9000000000000001,0.012931034482758619,0.040000000000000036,0.2222222222222222,0
467,2,0.8250000000000001,0.03017241379310344,0.06666666666666671,0.7777777777777777,0
468,2,0.8250000000000001,0.021551724137931036,0.14666666666666672,0.1111111111111111,0
469,2,0.9125000000000001,0.01724137931034482,0.12000000000000005,0.2222222222222222,0
470,2,0.9375,0.008620689655172417,0.14666666666666672,0.8888888888888888,0
471,2,0.8500000000000001,0.004310344827586202,0.08000000000000002,0.2222222222222222,0
472,2,0.8500000000000001,0.03017241379310344,0.0,0.5555555555555556,0
473,2,0.9125000000000001,0.021551724137931036,0.1866666666666667,0.8888888888888888,0
474,2,0.8375,0.004310344827586202,0.026666666666666672,0.4444444444444445,0
475,2,0.8875,0.03017241379310344,0.21333333333333337,0.6666666666666665,0
476,2,0.8875,0.004310344827586202,0.053333333333333344,0.5555555555555556,0
477,2,0.9375,0.004310344827586202,0.1866666666666667,0.7777777777777777,0
478,2,0.9375,0.021551724137931036,0.053333333333333344,0.8888888888888888,0
479,2,0.9375,0.008620689655172417,0.053333333333333344,0.6666666666666665,0
480,2,0.9125000000000001,0.0,0.040000000000000036,0.8888888888888888,0
481,2,0.8375,0.01724137931034482,0.06666666666666671,0.2222222222222222,0
482,2,0.875,0.012931034482758619,0.14666666666666672,0.8888888888888888,0
483,2,0.8625,0.004310344827586202,0.10666666666666669,0.3333333333333333,0
484,2,0.9375,0.01724137931034482,0.053333333333333344,0.4444444444444445,0
485,2,0.925,0.004310344827586202,0.21333333333333337,0.2222222222222222,0
486,2,0.925,0.008620689655172417,0.06666666666666671,1.0,0
487,2,0.925,0.021551724137931036,0.24000000000000005,0.0,0
488,2,0.8125,0.004310344827586202,0.013333333333333364,1.0,0
489,2,0.8625,0.012931034482758619,0.24000000000000005,0.6666666666666665,0
490,2,0.925,0.0,0.2,0.8888888888888888,0
491,2,0.8625,0.01724137931034482,0.2,0.3333333333333333,0
492,2,0.9375,0.025862068965517238,0.12000000000000005,0.7777777777777777,0
493,2,0.8250000000000001,0.0,0.06666666666666671,0.7777777777777777,0
494,2,0.8875,0.03017241379310344,0.1866666666666667,0.3333333333333333,0
495,2,0.875,0.008620689655172417,0.13333333333333336,0.5555555555555556,0
496,2,0.875,0.025862068965517238,0.053333333333333344,0.5555555555555556,0
497,2,0.9125000000000001,0.004310344827586202,0.13333333333333336,0.3333333333333333,0
498,2,0.9000000000000001,0.004310344827586202,0.10666666666666669,0.7777777777777777,0
499,2,0.8500000000000001,0.008620689655172417,0.040000000000000036,0.0,0
500,2,0.8625,0.025862068965517238,0.25333333333333335,0.6666666666666665,0
501,2,0.8500000000000001,0.008620689655172417,0.13333333333333336,1.0,0
502,2,0.875,0.012931034482758619,0.06666666666666671,0.7777777777777777,0
503,2,0.9125000000000001,0.03017241379310344,0.2,0.4444444444444445,0
504,2,0.9000000000000001,0.0,0.026666666666666672,0.6666666666666665,0
505,2,0.9125000000000001,0.03017241379310344,0.09333333333333338,0.3333333333333333,0
506,2,0.925,0.021551724137931036,0.013333333333333364,0.0,0
507,2,0.8625,0.03017241379310344,0.25333333333333335,0.7777777777777777,0
508,2,0.8625,0.0,0.040000000000000036,0.6666666666666665,0
509,2,0.8375,0.01724137931034482,0.14666666666666672,0.6666666666666665,0
510,2,0.875,0.0,0.16000000000000003,0.0,0
511,2,0.925,0.012931034482758619,0.14666666666666672,0.8888888888888888,0
512,2,0.8625,0.004310344827586202,0.16000000000000003,0.8888888888888888,0
513,2,0.9000000000000001,0.01724137931034482,0.25333333333333335,1.0,0
514,2,0.8250000000000001,0.008620689655172417,0.040000000000000036,0.6666666666666665,0
515,2,0.875,0.021551724137931036,0.22666666666666668,0.5555555555555556,0
516,2,0.8375,0.012931034482758619,0.25333333333333335,0.8888888888888888,0
517,2,0.8875,0.0,0.013333333333333364,0.0,0
518,2,0.8375,0.021551724137931036,0.2,0.8888888888888888,0
519,2,0.9000000000000001,0.008620689655172417,0.25333333333333335,0.8888888888888888,0
520,2,0.8375,0.021551724137931036,0.25333333333333335,0.5555555555555556,0
521,2,0.8375,0.025862068965517238,0.25333333333333335,0.4444444444444445,0
522,2,0.925,0.021551724137931036,0.21333333333333337,0.8888888888888888,0
523,2,0.9125000000000001,0.03017241379310344,0.24000000000000005,0.4444444444444445,0
524,2,0.9000000000000001,0.0,0.14666666666666672,0.5555555555555556,0
525,2,0.9375,0.004310344827586202,0.17333333333333334,1.0,0
526,2,0.8625,0.0,0.25333333333333335,0.7777777777777777,0
527,2,0.8625,0.012931034482758619,0.013333333333333364,1.0,0
528,2,0.9000000000000001,0.008620689655172417,0.21333333333333337,1.0,0
529,2,0.8875,0.008620689655172417,0.09333333333333338,0.0,0
530,2,0.925,0.004310344827586202,0.08000000000000002,0.0,0
531,2,0.9000000000000001,0.021551724137931036,0.17333333333333334,0.2222222222222222,0
532,2,0.8875,0.012931034482758619,0.17333333333333334,0.8888888888888888,0
533,2,0.925,0.03017241379310344,0.013333333333333364,0.2222222222222222,0
534,2,0.9125000000000001,0.012931034482758619,0.22666666666666668,0.5555555555555556,0
535,2,0.9375,0.03017241379310344,0.21333333333333337,0.6666666666666665,0
536,2,0.875,0.008620689655172417,0.1866666666666667,0.8888888888888888,0
537,2,0.875,0.021551724137931036,0.26666666666666666,0.4444444444444445,0
538,2,0.925,0.03017241379310344,0.08000000000000002,0.3333333333333333,0
539,2,0.8625,0.01724137931034482,0.09333333333333338,0.4444444444444445,0
540,2,0.8625,0.012931034482758619,0.2,0.5555555555555556,0
541,2,0.9000000000000001,0.021551724137931036,0.22666666666666668,0.4444444444444445,0
542,2,0.8625,0.004310344827586202,0.24000000000000005,0.8888888888888888,0
543,2,0.8875,0.025862068965517238,0.14666666666666672,0.2222222222222222,0
544,2,0.8625,0.0,0.12000000000000005,0.1111111111111111,0
545,2,0.875,0.03017241379310344,0.26666666666666666,0.4444444444444445,0
546,2,0.9000000000000001,0.012931034482758619,0.08000000000000002,0.8888888888888888,0
547,2,0.8625,0.01724137931034482,0.053333333333333344,0.1111111111111111,0
548,2,0.925,0.012931034482758619,0.09333333333333338,0.0,0
549,2,0.9375,0.012931034482758619,0.26666666666666666,0.3333333333333333,0
550,2,0.8125,0.004310344827586202,0.17333333333333334,0.5555555555555556,0
551,2,0.9000000000000001,0.004310344827586202,0.053333333333333344,0.0,0
552,2,0.9125000000000001,0.008620689655172417,0.17333333333333334,0.7777777777777777,0
553,2,0.9000000000000001,0.012931034482758619,0.12000000000000005,0.5555555555555556,0
554,2,0.8625,0.0,0.026666666666666672,1.0,0
555,2,0.8500000000000001,0.0,0.06666666666666671,0.6666666666666665,0
556,2,0.8375,0.0,0.16000000000000003,0.7777777777777777,0
557,2,0.8375,0.01724137931034482,0.013333333333333364,0.0,0
558,2,0.8625,0.004310344827586202,0.13333333333333336,0.4444444444444445,0
559,2,0.9000000000000001,0.03017241379310344,0.053333333333333344,0.8888888888888888,0
560,2,0.9000000000000001,0.01724137931034482,0.08000000000000002,0.1111111111111111,0
561,2,0.875,0.008620689655172417,0.1866666666666667,0.4444444444444445,0
562,2,0.8375,0.0,0.13333333333333336,0.4444444444444445,0
563,2,0.925,0.012931034482758619,0.06666666666666671,1.0,0
564,2,0.9375,0.025862068965517238,0.17333333333333334,0.8888888888888888,0
565,2,0.875,0.004310344827586202,0.16000000000000003,0.1111111111111111,0
566,2,0.8375,0.008620689655172417,0.2,0.5555555555555556,0
567,2,0.8500000000000001,0.0,0.10666666666666669,0.6666666666666665,0
568,2,0.8500000000000001,0.03017241379310344,0.10666666666666669,0.5555555555555556,0
569,2,0.8625,0.0,0.10666666666666669,0.5555555555555556,0
570,2,0.8500000000000001,0.0,0.040000000000000036,0.7777777777777777,0
571,2,0.8625,0.008620689655172417,0.16000000000000003,0.8888888888888888,0
572,2,0.8625,0.004310344827586202,0.26666666666666666,0.4444444444444445,0
573,2,0.875,0.012931034482758619,0.09333333333333338,0.2222222222222222,0
574,2,0.9000000000000001,0.008620689655172417,0.1866666666666667,1.0,0
575,2,0.875,0.025862068965517238,0.22666666666666668,0.7777777777777777,0
576,2,0.9125000000000001,0.012931034482758619,0.09333333333333338,1.0,0
577,2,0.8250000000000001,0.03017241379310344,0.21333333333333337,0.5555555555555556,0
578,2,0.8250000000000001,0.004310344827586202,0.013333333333333364,0.8888888888888888,0
579,2,0.9125000000000001,0.012931034482758619,0.24000000000000005,0.8888888888888888,0
580,2,0.8375,0.008620689655172417,0.13333333333333336,0.8888888888888888,0
581,2,0.9000000000000001,0.004310344827586202,0.08000000000000002,1.0,0
582,2,0.9000000000000001,0.004310344827586202,0.21333333333333337,0.7777777777777777,0
583,2,0.8125,0.03017241379310344,0.053333333333333344,0.8888888888888888,0
584,2,0.8875,0.03017241379310344,0.24000000000000005,0.0,0
585,2,0.9125000000000001,0.03017241379310344,0.12000000000000005,0.0,0
586,2,0.8875,0.01724137931034482,0.0,0.3333333333333333,0
587,2,0.925,0.004310344827586202,0.013333333333333364,0.6666666666666665,0
588,2,0.875,0.004310344827586202,0.22666666666666668,0.0,0
589,2,0.8250000000000001,0.03017241379310344,0.013333333333333364,0.4444444444444445,0
590,2,0.8875,0.008620689655172417,0.053333333333333344,0.6666666666666665,0
591,2,0.875,0.025862068965517238,0.1866666666666667,0.6666666666666665,0
592,2,0.8875,0.004310344827586202,0.22666666666666668,0.2222222222222222,0
593,2,0.9375,0.021551724137931036,0.040000000000000036,0.2222222222222222,0
594,2,0.9125000000000001,0.025862068965517238,0.21333333333333337,0.2222222222222222,0
595,2,0.8500000000000001,0.0,0.0,0.4444444444444445,0
596,2,0.9000000000000001,0.025862068965517238,0.22666666666666668,0.6666666666666665,0
597,2,0.8500000000000001,0.012931034482758619,0.1866666666666667,0.5555555555555556,0
598,2,0.8375,0.01724137931034482,0.08000000000000002,0.1111111111111111,0
599,2,0.8125,0.025862068965517238,0.25333333333333335,0.0,0
600,2,0.8500000000000001,0.012931034482758619,0.026666666666666672,0.1111111111111111,0
601,2,0.925,0.0,0.1866666666666667,1.0,0
602,2,0.9375,0.0,0.09333333333333338,0.0,0
603,2,0.8875,0.03017241379310344,0.09333333333333338,0.8888888888888888,0
604,2,0.8500000000000001,0.0,0.053333333333333344,0.8888888888888888,0
605,2,0.8625,0.012931034482758619,0.24000000000000005,0.5555555555555556,0
606,2,0.925,0.021551724137931036,0.09333333333333338,0.4444444444444445,0
607,2,0.8375,0.012931034482758619,0.17333333333333334,0.4444444444444445,0
608,2,0.8625,0.0,0.22666666666666668,1.0,0
609,2,0.8375,0.025862068965517238,0.22666666666666668,0.7777777777777777,0
610,2,0.8125,0.021551724137931036,0.26666666666666666,0.6666666666666665,0
611,2,0.9125000000000001,0.021551724137931036,0.17333333333333334,0.6666666666666665,0
612,2,0.8375,0.01724137931034482,0.16000000000000003,0.2222222222222222,0
613,2,0.9125000000000001,0.03017241379310344,0.09333333333333338,0.3333333333333333,0
614,2,0.8625,0.008620689655172417,0.1866666666666667,0.0,0
615,2,0.9125000000000001,0.025862068965517238,0.17333333333333334,0.8888888888888888,0
616,2,0.9125000000000001,0.008620689655172417,0.16000000000000003,0.3333333333333333,0
617,2,0.8625,0.012931034482758619,0.13333333333333336,0.1111111111111111,0
618,2,0.9000000000000001,0.021551724137931036,0.026666666666666672,0.8888888888888888,0
619,2,0.8500000000000001,0.0,0.10666666666666669,0.6666666666666665,0
620,2,0.9375,0.0,0.026666666666666672,0.3333333333333333,0
621,2,0.925,0.012931034482758619,0.2,0.3333333333333333,0
622,2,0.875,0.01724137931034482,0.0,0.3333333333333333,0
623,2,0.8500000000000001,0.004310344827586202,0.2,0.3333333333333333,0
624,2,0.925,0.012931034482758619,0.16000000000000003,0.3333333333333333,0
625,2,0.9125000000000001,0.021551724137931036,0.12000000000000005,0.6666666666666665,0
626,2,0.9000000000000001,0.021551724137931036,0.12000000000000005,0.4444444444444445,0
627,2,0.875,0.03017241379310344,0.1866666666666667,0.1111111111111111,0
628,2,0.9000000000000001,0.021551724137931036,0.08000000000000002,0.5555555555555556,0
629,2,0.875,0.025862068965517238,0.013333333333333364,1.0,0
630,2,0.8500000000000001,0.008620689655172417,0.0,0.4444444444444445,0
631,2,0.9125000000000001,0.025862068965517238,0.12000000000000005,0.2222222222222222,0
632,2,0.8500000000000001,0.021551724137931036,0.09333333333333338,0.6666666666666665,0
633,2,0.925,0.012931034482758619,0.2,0.8888888888888888,0
634,2,0.9375,0.021551724137931036,0.10666666666666669,0.7777777777777777,0
635,2,0.9375,0.03017241379310344,0.1866666666666667,0.2222222222222222,0
636,2,0.875,0.008620689655172417,0.053333333333333344,0.8888888888888888,0
637,2,0.9000000000000001,0.008620689655172417,0.22666666666666668,0.0,0
638,2,0.9125000000000001,0.0,0.026666666666666672,0.0,0
639,2,0.8125,0.025862068965517238,0.053333333333333344,0.3333333333333333,0
640,2,0.8250000000000001,0.008620689655172417,0.0,0.3333333333333333,0
641,2,0.9125000000000001,0.03017241379310344,0.14666666666666672,0.0,0
642,2,0.925,0.03017241379310344,0.2,0.0,0
643,2,0.8125,0.025862068965517238,0.0,0.0,0
644,2,0.9125000000000001,0.01724137931034482,0.22666666666666668,0.4444444444444445,0
645,2,0.8125,0.025862068965517238,0.06666666666666671,0.1111111111111111,0
646,2,0.8250000000000001,0.008620689655172417,0.09333333333333338,0.3333333333333333,0
647,2,0.925,0.01724137931034482,0.14666666666666672,0.4444444444444445,0
648,2,0.8875,0.004310344827586202,0.14666666666666672,0.6666666666666665,0
649,2,0.9000000000000001,0.012931034482758619,0.09333333333333338,0.4444444444444445,0
650,2,0.9375,0.004310344827586202,0.26666666666666666,0.0,0
651,2,0.8250000000000001,0.025862068965517238,0.16000000000000003,0.6666666666666665,0
652,2,0.9125000000000001,0.03017241379310344,0.013333333333333364,0.0,0
653,2,0.8375,0.004310344827586202,0.2,0.6666666666666665,0
654,2,0.9375,0.021551724137931036,0.24000000000000005,0.1111111111111111,0
655,2,0.9125000000000001,0.0,0.09333333333333338,0.3333333333333333,0
656,2,0.925,0.03017241379310344,0.10666666666666669,0.0,0
657,2,0.8250000000000001,0.01724137931034482,0.22666666666666668,1.0,0
658,2,0.9375,0.0,0.06666666666666671,0.5555555555555556,0
659,2,0.8125,0.012931034482758619,0.24000000000000005,0.2222222222222222,0
660,2,0.8875,0.004310344827586202,0.12000000000000005,0.2222222222222222,0
661,2,0.925,0.012931034482758619,0.24000000000000005,0.6666666666666665,0
662,2,0.9375,0.021551724137931036,0.16000000000000003,0.2222222222222222,0
663,2,0.8250000000000001,0.021551724137931036,0.013333333333333364,0.1111111111111111,0
664,2,0.8875,0.012931034482758619,0.026666666666666672,0.5555555555555556,0
665,2,0.925,0.025862068965517238,0.13333333333333336,0.0,0
666,2,0.9375,0.01724137931034482,0.1866666666666667,0.7777777777777777,0
667,2,0.8500000000000001,0.021551724137931036,0.22666666666666668,0.6666666666666665,0
668,2,0.8875,0.008620689655172417,0.24000000000000005,0.6666666666666665,0
669,2,0.8250000000000001,0.01724137931034482,0.09333333333333338,0.1111111111111111,0
670,2,0.8250000000000001,0.01724137931034482,0.053333333333333344,0.6666666666666665,0
671,2,0.9375,0.008620689655172417,0.16000000000000003,0.5555555555555556,0
672,2,0.875,0.004310344827586202,0.026666666666666672,0.0,0
673,2,0.8625,0.03017241379310344,0.14666666666666672,0.4444444444444445,0
674,2,0.8250000000000001,0.008620689655172417,0.026666666666666672,0.2222222222222222,0
675,2,0.8875,0.03017241379310344,0.22666666666666668,0.8888888888888888,0
676,2,0.9125000000000001,0.025862068965517238,0.040000000000000036,0.0,0
677,2,0.8250000000000001,0.021551724137931036,0.22666666666666668,0.1111111111111111,0
678,2,0.925,0.021551724137931036,0.16000000000000003,0.0,0
679,2,0.8625,0.025862068965517238,0.16000000000000003,0.1111111111111111,0
680,2,0.9125000000000001,0.012931034482758619,0.24000000000000005,0.8888888888888888,0
681,2,0.8375,0.025862068965517238,0.06666666666666671,0.2222222222222222,0
682,2,0.8625,0.01724137931034482,0.10666666666666669,0.7777777777777777,0
683,2,0.8375,0.004310344827586202,0.06666666666666671,0.6666666666666665,0
684,2,0.8625,0.025862068965517238,0.12000000000000005,0.7777777777777777,0
685,2,0.8250000000000001,0.021551724137931036,0.10666666666666669,0.3333333333333333,0
686,2,0.9375,0.03017241379310344,0.25333333333333335,1.0,0
687,2,0.8500000000000001,0.03017241379310344,0.040000000000000036,0.2222222222222222,0
688,2,0.8625,0.0,0.16000000000000003,0.5555555555555556,0
689,2,0.925,0.025862068965517238,0.13333333333333336,0.7777777777777777,0
690,2,0.875,0.025862068965517238,0.26666666666666666,1.0,0
691,2,0.8375,0.01724137931034482,0.13333333333333336,1.0,0
692,2,0.8500000000000001,0.03017241379310344,0.13333333333333336,0.2222222222222222,0
693,2,0.8875,0.021551724137931036,0.12000000000000005,0.7777777777777777,0
694,2,0.925,0.012931034482758619,0.13333333333333336,0.6666666666666665,0
695,2,0.8625,0.025862068965517238,0.14666666666666672,0.1111111111111111,0
696,2,0.925,0.012931034482758619,0.24000000000000005,0.8888888888888888,0
697,2,0.8375,0.0,0.1866666666666667,0.3333333333333333,0
698,2,0.9000000000000001,0.01724137931034482,0.026666666666666672,0.6666666666666665,0
699,2,0.9375,0.03017241379310344,0.053333333333333344,0.4444444444444445,0
700,2,0.8500000000000001,0.01724137931034482,0.053333333333333344,0.6666666666666665,0
701,2,0.8875,0.004310344827586202,0.1866666666666667,1.0,0
702,2,0.9000000000000001,0.025862068965517238,0.22666666666666668,0.8888888888888888,0
703,2,0.8875,0.0,0.14666666666666672,0.8888888888888888,0
704,2,0.925,0.004310344827586202,0.040000000000000036,0.3333333333333333,0
705,2,0.9375,0.021551724137931036,0.06666666666666671,1.0,0
706,2,0.8125,0.025862068965517238,0.13333333333333336,0.6666666666666665,0
707,2,0.8250000000000001,0.0,0.040000000000000036,0.4444444444444445,0
708,2,0.8500000000000001,0.012931034482758619,0.1866666666666667,0.5555555555555556,0
709,2,0.8875,0.03017241379310344,0.24000000000000005,0.8888888888888888,0
710,2,0.8375,0.021551724137931036,0.0,0.7777777777777777,0
711,2,0.8250000000000001,0.01724137931034482,0.17333333333333334,0.1111111111111111,0
712,2,0.8250000000000001,0.008620689655172417,0.14666666666666672,0.4444444444444445,0
713,2,0.875,0.03017241379310344,0.08000000000000002,0.8888888888888888,0
714,2,0.9000000000000001,0.021551724137931036,0.2,0.1111111111111111,0
715,2,0.9000000000000001,0.03017241379310344,0.13333333333333336,0.1111111111111111,0
716,2,0.8625,0.0,0.040000000000000036,0.0,0
717,2,0.875,0.004310344827586202,0.06666666666666671,0.3333333333333333,0
718,2,0.9125000000000001,0.008620689655172417,0.22666666666666668,0.2222222222222222,0
719,2,0.875,0.025862068965517238,0.1866666666666667,0.3333333333333333,0
720,2,0.8875,0.008620689655172417,0.06666666666666671,0.6666666666666665,0
721,2,0.8875,0.0,0.25333333333333335,0.3333333333333333,0
722,2,0.9000000000000001,0.025862068965517238,0.16000000000000003,0.0,0
723,2,0.8500000000000001,0.012931034482758619,0.10666666666666669,0.1111111111111111,0
724,2,0.925,0.004310344827586202,0.22666666666666668,0.2222222222222222,0
725,2,0.875,0.021551724137931036,0.08000000000000002,0.7777777777777777,0
726,2,0.8250000000000001,0.01724137931034482,0.2,0.8888888888888888,0
727,2,0.9375,0.021551724137931036,0.25333333333333335,0.6666666666666665,0
728,2,0.925,0.025862068965517238,0.24000000000000005,0.1111111111111111,0
729,2,0.875,0.021551724137931036,0.1866666666666667,1.0,0
730,2,0.8375,0.01724137931034482,0.25333333333333335,1.0,0
731,2,0.8250000000000001,0.008620689655172417,0.13333333333333336,0.1111111111111111,0
732,2,0.8500000000000001,0.01724137931034482,0.040000000000000036,0.2222222222222222,0
733,2,0.875,0.008620689655172417,0.21333333333333337,0.6666666666666665,0
734,2,0.8875,0.008620689655172417,0.24000000000000005,0.6666666666666665,0
735,2,0.8875,0.008620689655172417,0.2,0.8888888888888888,0
736,2,0.9375,0.008620689655172417,0.22666666666666668,0.2222222222222222,0
737,2,0.9000000000000001,0.01724137931034482,0.053333333333333344,0.2222222222222222,0
738,2,0.875,0.03017241379310344,0.25333333333333335,0.0,0
739,2,0.875,0.0,0.2,0.2222222222222222,0
740,2,0.8500000000000001,0.025862068965517238,0.22666666666666668,0.8888888888888888,0
741,2,0.9375,0.03017241379310344,0.17333333333333334,0.7777777777777777,0
742,2,0.8875,0.03017241379310344,0.2,0.2222222222222222,0
743,2,0.8250000000000001,0.0,0.09333333333333338,0.4444444444444445,0
744,2,0.8125,0.01724137931034482,0.09333333333333338,0.8888888888888888,0
745,2,0.8625,0.008620689655172417,0.1866666666666667,1.0,0
746,2,0.9000000000000001,0.004310344827586202,0.24000000000000005,0.1111111111111111,0
747,2,0.8625,0.021551724137931036,0.22666666666666668,0.0,0
748,2,0.9000000000000001,0.012931034482758619,0.17333333333333334,0.1111111111111111,0
749,2,0.9375,0.012931034482758619,0.12000000000000005,0.0,0
750,2,0.9000000000000001,0.01724137931034482,0.14666666666666672,0.1111111111111111,0
751,2,0.9000000000000001,0.004310344827586202,0.09333333333333338,0.3333333333333333,0
752,2,0.925,0.021551724137931036,0.25333333333333335,0.6666666666666665,0
753,2,0.8375,0.008620689655172417,0.08000000000000002,0.3333333333333333,0
754,2,0.8125,0.021551724137931036,0.22666666666666668,0.4444444444444445,0
755,2,0.925,0.008620689655172417,0.13333333333333336,0.4444444444444445,0
756,2,0.8625,0.01724137931034482,0.21333333333333337,0.1111111111111111,0
757,2,0.8375,0.025862068965517238,0.013333333333333364,0.4444444444444445,0
758,2,0.9375,0.008620689655172417,0.053333333333333344,0.3333333333333333,0
759,2,0.8375,0.021551724137931036,0.09333333333333338,0.6666666666666665,0
760,2,0.9000000000000001,0.008620689655172417,0.24000000000000005,0.4444444444444445,0
761,2,0.9375,0.025862068965517238,0.16000000000000003,0.7777777777777777,0
762,2,0.8250000000000001,0.004310344827586202,0.16000000000000003,0.8888888888888888,0
763,2,0.8625,0.021551724137931036,0.1866666666666667,0.7777777777777777,0
764,2,0.875,0.0,0.026666666666666672,0.7777777777777777,0
765,2,0.9375,0.021551724137931036,0.026666666666666672,0.8888888888888888,0
766,2,0.8875,0.012931034482758619,0.17333333333333334,0.3333333333333333,0
767,2,0.9000000000000001,0.01724137931034482,0.13333333333333336,0.4444444444444445,0
768,2,0.875,0.008620689655172417,0.24000000000000005,0.7777777777777777,0
769,2,0.875,0.0,0.013333333333333364,0.1111111111111111,0
770,2,0.9375,0.03017241379310344,0.0,0.1111111111111111,0
771,2,0.8375,0.03017241379310344,0.1866666666666667,0.0,0
772,2,0.8875,0.012931034482758619,0.053333333333333344,0.4444444444444445,0
773,2,0.8375,0.01724137931034482,0.026666666666666672,0.5555555555555556,0
774,2,0.8625,0.004310344827586202,0.14666666666666672,0.2222222222222222,0
775,2,0.8125,0.025862068965517238,0.26666666666666666,0.4444444444444445,0
776,2,0.8500000000000001,0.025862068965517238,0.26666666666666666,0.1111111111111111,0
777,2,0.8250000000000001,0.0,0.08000000000000002,0.7777777777777777,0
778,2,0.8250000000000001,0.008620689655172417,0.24000000000000005,0.3333333333333333,0
779,2,0.9125000000000001,0.03017241379310344,0.0,0.0,0
780,2,0.875,0.004310344827586202,0.17333333333333334,0.2222222222222222,0
781,2,0.9000000000000001,0.004310344827586202,0.09333333333333338,0.6666666666666665,0
782,2,0.8250000000000001,0.004310344827586202,0.040000000000000036,0.5555555555555556,0
783,2,0.875,0.01724137931034482,0.053333333333333344,0.6666666666666665,0
784,2,0.8375,0.008620689655172417,0.026666666666666672,0.8888888888888888,0
785,2,0.925,0.0,0.25333333333333335,0.2222222222222222,0
786,2,0.9000000000000001,0.021551724137931036,0.08000000000000002,0.2222222222222222,0
787,2,0.8875,0.03017241379310344,0.08000000000000002,0.1111111111111111,0
788,2,0.8250000000000001,0.008620689655172417,0.040000000000000036,1.0,0
789,2,0.8875,0.021551724137931036,0.17333333333333334,0.5555555555555556,0
790,2,0.8375,0.012931034482758619,0.10666666666666669,0.1111111111111111,0
791,2,0.8500000000000001,0.01724137931034482,0.0,0.4444444444444445,0
792,2,0.8500000000000001,0.012931034482758619,0.16000000000000003,0.4444444444444445,0
793,2,0.9375,0.0,0.09333333333333338,0.7777777777777777,0
794,2,0.8875,0.004310344827586202,0.09333333333333338,0.7777777777777777,0
795,2,0.9375,0.004310344827586202,0.21333333333333337,0.0,0
796,2,0.875,0.021551724137931036,0.053333333333333344,0.6666666666666665,0
797,2,0.925,0.025862068965517238,0.14666666666666672,0.8888888888888888,0
798,2,0.9375,0.008620689655172417,0.2,0.1111111111111111,0
799,2,0.8125,0.004310344827586202,0.0,0.4444444444444445,0
800,2,0.8500000000000001,0.0,0.013333333333333364,0.6666666666666665,0
801,2,0.9125000000000001,0.01724137931034482,0.26666666666666666,0.8888888888888888,0
802,2,0.8875,0.025862068965517238,0.16000000000000003,0.1111111111111111,0
803,2,0.9375,0.008620689655172417,0.10666666666666669,0.1111111111111111,0
804,2,0.8625,0.004310344827586202,0.21333333333333337,0.3333333333333333,0
805,2,0.8375,0.021551724137931036,0.16000000000000003,1.0,0
806,2,0.9375,0.004310344827586202,0.12000000000000005,0.6666666666666665,0
807,2,0.8500000000000001,0.0,0.09333333333333338,0.1111111111111111,0
808,2,0.8875,0.004310344827586202,0.1866666666666667,1.0,0
809,2,0.925,0.0,0.12000000000000005,0.2222222222222222,0
810,2,0.8250000000000001,0.0,0.053333333333333344,0.0,0
811,2,0.8375,0.03017241379310344,0.14666666666666672,0.8888888888888888,0
812,2,0.9125000000000001,0.01724137931034482,0.06666666666666671,0.5555555555555556,0
813,2,0.8375,0.01724137931034482,0.040000000000000036,0.0,0
814,2,0.875,0.025862068965517238,0.10666666666666669,0.8888888888888888,0
815,2,0.8250000000000001,0.01724137931034482,0.24000000000000005,0.1111111111111111,0
816,2,0.9000000000000001,0.03017241379310344,0.21333333333333337,0.5555555555555556,0
817,2,0.8125,0.03017241379310344,0.24000000000000005,0.2222222222222222,0
818,2,0.875,0.008620689655172417,0.10666666666666669,0.1111111111111111,0
819,2,0.925,0.004310344827586202,0.09333333333333338,0.8888888888888888,0
820,2,0.8125,0.0,0.0,0.3333333333333333,0
821,2,0.8125,0.03017241379310344,0.14666666666666672,0.6666666666666665,0
822,2,0.8375,0.008620689655172417,0.013333333333333364,0.8888888888888888,0
823,2,0.9375,0.025862068965517238,0.09333333333333338,0.5555555555555556,0
824,2,0.8500000000000001,0.025862068965517238,0.13333333333333336,0.4444444444444445,0
825,2,0.8250000000000001,0.021551724137931036,0.040000000000000036,0.8888888888888888,0
826,2,0.9375,0.0,0.06666666666666671,0.3333333333333333,0
827,2,0.9125000000000001,0.0,0.16000000000000003,0.1111111111111111,0
828,2,0.9000000000000001,0.01724137931034482,0.12000000000000005,0.5555555555555556,0
829,2,0.8250000000000001,0.03017241379310344,0.0,0.5555555555555556,0
830,2,0.8500000000000001,0.01724137931034482,0.24000000000000005,0.4444444444444445,0
831,2,0.925,0.012931034482758619,0.1866666666666667,0.5555555555555556,0
832,2,0.925,0.03017241379310344,0.08000000000000002,0.8888888888888888,0
833,2,0.8500000000000001,0.008620689655172417,0.0,0.6666666666666665,0
834,2,0.8125,0.012931034482758619,0.22666666666666668,0.5555555555555556,0
835,2,0.9375,0.0,0.13333333333333336,0.0,0
836,2,0.9375,0.025862068965517238,0.12000000000000005,0.1111111111111111,0
837,2,0.8500000000000001,0.012931034482758619,0.17333333333333334,0.7777777777777777,0
838,2,0.8125,0.008620689655172417,0.10666666666666669,0.1111111111111111,0
839,2,0.8125,0.012931034482758619,0.21333333333333337,0.6666666666666665,0
840,2,0.875,0.03017241379310344,0.026666666666666672,1.0,0
841,2,0.8250000000000001,0.008620689655172417,0.26666666666666666,0.6666666666666665,0
842,2,0.8250000000000001,0.0,0.17333333333333334,0.2222222222222222,0
843,2,0.8500000000000001,0.01724137931034482,0.10666666666666669,0.5555555555555556,0
844,2,0.8875,0.021551724137931036,0.13333333333333336,0.7777777777777777,0
845,2,0.8625,0.012931034482758619,0.026666666666666672,0.3333333333333333,0
846,2,0.8375,0.004310344827586202,0.053333333333333344,0.1111111111111111,0
847,2,0.8375,0.03017241379310344,0.1866666666666667,0.5555555555555556,0
848,2,0.8875,0.004310344827586202,0.22666666666666668,0.5555555555555556,0
849,2,0.8500000000000001,0.03017241379310344,0.12000000000000005,0.7777777777777777,0
850,2,0.8625,0.004310344827586202,0.026666666666666672,0.2222222222222222,0
851,2,0.9375,0.01724137931034482,0.25333333333333335,0.0,0
852,2,0.8500000000000001,0.021551724137931036,0.053333333333333344,0.1111111111111111,0
853,2,0.8500000000000001,0.021551724137931036,0.16000000000000003,0.8888888888888888,0
854,2,0.8125,0.01724137931034482,0.10666666666666669,0.2222222222222222,0
855,2,0.8125,0.025862068965517238,0.1866666666666667,0.8888888888888888,0
856,2,0.9125000000000001,0.012931034482758619,0.040000000000000036,0.7777777777777777,0
857,2,0.8250000000000001,0.008620689655172417,0.040000000000000036,0.0,0
858,2,0.8125,0.012931034482758619,0.053333333333333344,0.3333333333333333,0
859,2,0.8875,0.021551724137931036,0.26666666666666666,0.1111111111111111,0
860,2,0.925,0.01724137931034482,0.026666666666666672,0.0,0
861,2,0.8250000000000001,0.012931034482758619,0.26666666666666666,0.7777777777777777,0
862,2,0.8375,0.004310344827586202,0.13333333333333336,0.1111111111111111,0
863,2,0.8125,0.03017241379310344,0.013333333333333364,0.2222222222222222,0
864,2,0.925,0.025862068965517238,0.16000000000000003,0.7777777777777777,0
865,2,0.8125,0.025862068965517238,0.17333333333333334,0.2222222222222222,0
866,2,0.875,0.012931034482758619,0.06666666666666671,0.4444444444444445,0
867,2,0.8625,0.03017241379310344,0.053333333333333344,0.0,0
868,2,0.925,0.012931034482758619,0.26666666666666666,0.4444444444444445,0
869,2,0.9000000000000001,0.025862068965517238,0.22666666666666668,0.7777777777777777,0
870,2,0.8125,0.004310344827586202,0.10666666666666669,0.6666666666666665,0
871,2,0.8375,0.025862068965517238,0.08000000000000002,0.8888888888888888,0
872,2,0.8500000000000001,0.0,0.16000000000000003,0.5555555555555556,0
873,2,0.9000000000000001,0.03017241379310344,0.14666666666666672,1.0,0
874,2,0.9125000000000001,0.021551724137931036,0.16000000000000003,0.4444444444444445,0
875,2,0.8375,0.0,0.13333333333333336,1.0,0
876,2,0.8500000000000001,0.0,0.10666666666666669,0.0,0
877,2,0.9000000000000001,0.021551724137931036,0.24000000000000005,0.3333333333333333,0
878,2,0.8375,0.004310344827586202,0.09333333333333338,0.3333333333333333,0
879,2,0.8625,0.0,0.09333333333333338,1.0,0
880,2,0.8875,0.021551724137931036,0.06666666666666671,0.2222222222222222,0
881,2,0.8500000000000001,0.021551724137931036,0.14666666666666672,1.0,0
882,2,0.8125,0.021551724137931036,0.24000000000000005,1.0,0
883,2,0.8375,0.012931034482758619,0.2,0.8888888888888888,0
884,2,0.8625,0.008620689655172417,0.2,0.0,0
885,2,0.8250000000000001,0.0,0.09333333333333338,1.0,0
886,2,0.8500000000000001,0.0,0.21333333333333337,0.7777777777777777,0
887,2,0.8125,0.021551724137931036,0.25333333333333335,0.3333333333333333,0
888,2,0.8375,0.021551724137931036,0.06666666666666671,0.5555555555555556,0
889,2,0.8125,0.0,0.053333333333333344,1.0,0
890,2,0.8375,0.004310344827586202,0.21333333333333337,0.5555555555555556,0
891,2,0.8250000000000001,0.021551724137931036,0.16000000000000003,1.0,0
892,2,0.8250000000000001,0.021551724137931036,0.12000000000000005,0.5555555555555556,0
893,2,0.8375,0.008620689655172417,0.17333333333333334,0.7777777777777777,0
894,2,0.9375,0.021551724137931036,0.06666666666666671,0.8888888888888888,0
895,2,0.925,0.021551724137931036,0.09333333333333338,1.0,0
896,2,0.8375,0.025862068965517238,0.12000000000000005,0.4444444444444445,0
897,2,0.8375,0.008620689655172417,0.0,1.0,0
898,2,0.8875,0.0,0.06666666666666671,1.0,0
899,2,0.875,0.012931034482758619,0.26666666666666666,1.0,0
900,2,0.8250000000000001,0.03017241379310344,0.053333333333333344,0.5555555555555556,0
901,2,0.8250000000000001,0.012931034482758619,0.14666666666666672,0.5555555555555556,0
902,2,0.8375,0.004310344827586202,0.26666666666666666,0.5555555555555556,0
903,2,0.9000000000000001,0.0,0.10666666666666669,0.3333333333333333,0
904,2,0.8500000000000001,0.004310344827586202,0.14666666666666672,0.4444444444444445,0
905,2,0.8250000000000001,0.0,0.013333333333333364,0.6666666666666665,0
906,2,0.9000000000000001,0.025862068965517238,0.06666666666666671,0.6666666666666665,0
907,2,0.9000000000000001,0.025862068965517238,0.14666666666666672,0.8888888888888888,0
908,2,0.8875,0.004310344827586202,0.2,1.0,0
909,2,0.9375,0.012931034482758619,0.06666666666666671,0.7777777777777777,0
910,2,0.8250000000000001,0.0,0.12000000000000005,0.0,0
911,2,0.875,0.01724137931034482,0.040000000000000036,0.1111111111111111,0
912,2,0.875,0.008620689655172417,0.16000000000000003,0.2222222222222222,0
913,2,0.8250000000000001,0.004310344827586202,0.13333333333333336,1.0,0
914,2,0.925,0.03017241379310344,0.0,0.6666666666666665,0
915,2,0.9375,0.008620689655172417,0.25333333333333335,0.6666666666666665,0
916,2,0.8375,0.0,0.040000000000000036,0.5555555555555556,0
917,2,0.8500000000000001,0.012931034482758619,0.17333333333333334,0.8888888888888888,0
918,2,0.9125000000000001,0.01724137931034482,0.12000000000000005,0.4444444444444445,0
919,2,0.8500000000000001,0.004310344827586202,0.013333333333333364,0.6666666666666665,0
920,2,0.925,0.03017241379310344,0.053333333333333344,0.0,0
921,2,0.875,0.0,0.17333333333333334,0.1111111111111111,0
922,2,0.8625,0.03017241379310344,0.08000000000000002,0.1111111111111111,0
923,2,0.8125,0.012931034482758619,0.06666666666666671,0.4444444444444445,0
924,2,0.8250000000000001,0.03017241379310344,0.040000000000000036,0.4444444444444445,0
925,2,0.8875,0.03017241379310344,0.2,0.4444444444444445,0
926,2,0.8250000000000001,0.025862068965517238,0.06666666666666671,0.5555555555555556,0
927,2,0.8875,0.021551724137931036,0.06666666666666671,0.7777777777777777,0
928,2,0.8125,0.01724137931034482,0.1866666666666667,0.7777777777777777,0
929,2,0.8625,0.012931034482758619,0.10666666666666669,1.0,0
930,2,0.8125,0.008620689655172417,0.040000000000000036,0.1111111111111111,0
931,2,0.9375,0.021551724137931036,0.22666666666666668,0.6666666666666665,0
932,2,0.925,0.012931034482758619,0.22666666666666668,0.0,0
933,2,0.8875,0.025862068965517238,0.22666666666666668,0.7777777777777777,0
934,2,0.925,0.012931034482758619,0.2,0.4444444444444445,0
935,2,0.8250000000000001,0.025862068965517238,0.013333333333333364,0.8888888888888888,0
936,2,0.925,0.008620689655172417,0.040000000000000036,0.7777777777777777,0
937,2,0.8375,0.008620689655172417,0.08000000000000002,0.3333333333333333,0
938,2,0.8375,0.0,0.17333333333333334,0.1111111111111111,0
939,2,0.9375,0.025862068965517238,0.08000000000000002,0.2222222222222222,0
940,2,0.925,0.01724137931034482,0.13333333333333336,0.1111111111111111,0
941,2,0.8250000000000001,0.025862068965517238,0.22666666666666668,0.6666666666666665,0
942,2,0.9125000000000001,0.021551724137931036,0.10666666666666669,0.8888888888888888,0
943,2,0.9000000000000001,0.0,0.25333333333333335,1.0,0
944,2,0.9125000000000001,0.025862068965517238,0.040000000000000036,0.6666666666666665,0
945,2,0.8375,0.008620689655172417,0.24000000000000005,1.0,0
946,2,0.925,0.004310344827586202,0.040000000000000036,1.0,0
947,2,0.8250000000000001,0.01724137931034482,0.22666666666666668,0.5555555555555556,0
948,2,0.8875,0.01724137931034482,0.16000000000000003,0.7777777777777777,0
949,2,0.925,0.03017241379310344,0.013333333333333364,0.2222222222222222,0
950,2,0.8625,0.025862068965517238,0.053333333333333344,1.0,0
951,2,0.925,0.025862068965517238,0.013333333333333364,0.6666666666666665,0
952,2,0.875,0.012931034482758619,0.013333333333333364,0.7777777777777777,0
953,2,0.8625,0.021551724137931036,0.0,0.5555555555555556,0
954,2,0.8625,0.01724137931034482,0.10666666666666669,0.7777777777777777,0
955,2,0.9375,0.004310344827586202,0.09333333333333338,0.2222222222222222,0
956,2,0.8625,0.03017241379310344,0.13333333333333336,0.4444444444444445,0
957,2,0.8875,0.004310344827586202,0.08000000000000002,0.7777777777777777,0
958,2,0.8500000000000001,0.025862068965517238,0.2,0.8888888888888888,0
959,2,0.875,0.0,0.21333333333333337,0.2222222222222222,0
960,2,0.8250000000000001,0.01724137931034482,0.21333333333333337,0.6666666666666665,0
961,2,0.8375,0.0,0.06666666666666671,0.3333333333333333,0
962,2,0.8500000000000001,0.0,0.09333333333333338,0.0,0
963,2,0.9000000000000001,0.0,0.14666666666666672,0.3333333333333333,0
964,2,0.8625,0.021551724137931036,0.1866666666666667,0.8888888888888888,0
965,2,0.8875,0.004310344827586202,0.0,0.3333333333333333,0
966,2,0.875,0.03017241379310344,0.25333333333333335,0.7777777777777777,0
967,2,0.8375,0.03017241379310344,0.24000000000000005,0.8888888888888888,0
968,2,0.875,0.021551724137931036,0.06666666666666671,0.4444444444444445,0
969,2,0.8250000000000001,0.01724137931034482,0.0,0.6666666666666665,0
970,2,0.8125,0.008620689655172417,0.24000000000000005,0.3333333333333333,0
971,2,0.8500000000000001,0.012931034482758619,0.08000000000000002,0.4444444444444445,0
972,2,0.9375,0.025862068965517238,0.21333333333333337,0.0,0
973,2,0.9375,0.0,0.2,0.2222222222222222,0
974,2,0.9375,0.008620689655172417,0.25333333333333335,0.0,0
975,2,0.8500000000000001,0.01724137931034482,0.25333333333333335,0.4444444444444445,0
976,2,0.9375,0.01724137931034482,0.17333333333333334,0.6666666666666665,0
977,2,0.875,0.03017241379310344,0.10666666666666669,0.3333333333333333,0
978,2,0.9000000000000001,0.01724137931034482,0.21333333333333337,1.0,0
979,2,0.8875,0.004310344827586202,0.0,0.8888888888888888,0
980,2,0.9375,0.021551724137931036,0.22666666666666668,1.0,0
981,2,0.925,0.01724137931034482,0.12000000000000005,0.1111111111111111,0
982,2,0.9000000000000001,0.004310344827586202,0.13333333333333336,0.4444444444444445,0
983,2,0.9375,0.021551724137931036,0.10666666666666669,0.4444444444444445,0
984,2,0.9375,0.01724137931034482,0.08000000000000002,0.2222222222222222,0
985,2,0.9125000000000001,0.012931034482758619,0.013333333333333364,1.0,0
986,2,0.8875,0.021551724137931036,0.053333333333333344,0.0,0
987,2,0.9375,0.03017241379310344,0.12000000000000005,0.4444444444444445,0
988,2,0.8875,0.025862068965517238,0.16000000000000003,0.0,0
989,2,0.925,0.012931034482758619,0.13333333333333336,0.3333333333333333,0
990,2,0.9375,0.03017241379310344,0.14666666666666672,0.8888888888888888,0
991,2,0.8625,0.008620689655172417,0.22666666666666668,0.2222222222222222,0
992,2,0.8625,0.004310344827586202,0.2,0.2222222222222222,0
993,2,0.8625,0.008620689655172417,0.13333333333333336,0.1111111111111111,0
994,2,0.8500000000000001,0.021551724137931036,0.09333333333333338,0.4444444444444445,0
995,2,0.8875,0.021551724137931036,0.14666666666666672,0.4444444444444445,0
996,2,0.925,0.01724137931034482,0.1866666666666667,0.1111111111111111,0
997,2,0.9000000000000001,0.0,0.26666666666666666,1.0,0
998,2,0.925,0.004310344827586202,0.2,0.3333333333333333,0
999,2,0.9125000000000001,0.004310344827586202,0.16000000000000003,0.8888888888888888,0
1000,2,0.8625,0.025862068965517238,0.013333333333333364,0.2222222222222222,0
1001,1,0.4750000000000001,0.15948275862068967,0.4133333333333334,0.6666666666666665,0
1002,1,0.8250000000000001,0.3017241379310345,0.25333333333333335,0.5555555555555556,0
1003,1,0.9375,0.15086206896551724,0.7866666666666668,0.1111111111111111,0
1004,1,0.7625000000000001,0.2327586206896552,0.6666666666666667,0.2222222222222222,0
1005,1,0.625,0.08189655172413791,0.13333333333333336,0.7777777777777777,0
1006,1,0.5875,0.16379310344827586,0.7733333333333334,0.2222222222222222,0
1007,1,0.8250000000000001,0.13793103448275862,0.5466666666666666,0.1111111111111111,0
1008,1,0.4750000000000001,0.28879310344827586,0.6666666666666667,0.6666666666666665,0
1009,1,0.6875,0.28448275862068967,0.5333333333333334,0.6666666666666665,0
1010,1,0.375,0.0689655172413793,0.5866666666666667,0.3333333333333333,0
1011,1,0.95,0.2543103448275862,0.13333333333333336,0.5555555555555556,0
1012,1,0.9750000000000001,0.34051724137931033,0.2933333333333334,0.0,0
1013,1,0.9125000000000001,0.05172413793103449,0.6666666666666667,0.3333333333333333,0
1014,1,0.55,0.24137931034482757,0.38666666666666666,0.2222222222222222,0
1015,1,0.45000000000000007,0.2629310344827586,0.56,1.0,0
1016,1,0.6125,0.1422413793103448,0.1866666666666667,0.0,0
1017,1,0.6125,0.21120689655172414,0.52,0.8888888888888888,0
1018,1,0.8500000000000001,0.34051724137931033,0.4133333333333334,0.6666666666666665,0
1019,1,0.9125000000000001,0.12499999999999999,0.4133333333333334,0.7777777777777777,0
1020,1,0.65,0.15517241379310343,0.26666666666666666,0.6666666666666665,0
1021,1,0.38750000000000007,0.17672413793103448,0.32,0.2222222222222222,0
1022,1,0.5375000000000001,0.06034482758620689,0.6266666666666667,0.8888888888888888,0
1023,1,0.5,0.11637931034482758,0.44,0.0,0
1024,1,0.675,0.1896551724137931,0.7866666666666668,0.8888888888888888,0
1025,1,0.8625,0.07758620689655173,0.6400000000000001,0.0,0
1026,1,0.9000000000000001,0.10775862068965518,0.6800000000000002,0.0,0
1027,1,0.4125,0.11206896551724137,0.48000000000000004,0.7777777777777777,0
1028,1,0.675,0.11637931034482758,0.6000000000000001,0.4444444444444445,0
1029,1,0.75,0.13362068965517243,0.3066666666666667,0.0,0
1030,1,0.6125,0.2801724137931035,0.6933333333333334,0.1111111111111111,0
1031,1,0.9000000000000001,0.33620689655172414,0.36000000000000004,1.0,0
1032,1,0.8500000000000001,0.12499999999999999,0.48000000000000004,0.1111111111111111,0
1033,1,0.775,0.11637931034482758,0.37333333333333335,0.1111111111111111,0
1034,1,1.0,0.10775862068965518,0.5466666666666666,0.3333333333333333,0
1035,1,0.8500000000000001,0.15948275862068967,0.7866666666666668,0.4444444444444445,0
1036,1,0.7875000000000001,0.15948275862068967,0.4266666666666667,0.6666666666666665,0
1037,1,0.6000000000000001,0.13793103448275862,0.16000000000000003,0.8888888888888888,0
1038,1,0.7625000000000001,0.16379310344827586,0.72,0.7777777777777777,0
1039,1,0.6375000000000001,0.18103448275862072,0.13333333333333336,0.0,0
1040,1,0.9000000000000001,0.09913793103448275,0.22666666666666668,1.0,0
1041,1,0.9000000000000001,0.3232758620689655,0.25333333333333335,0.1111111111111111,0
1042,1,0.9875,0.33189655172413796,0.1866666666666667,0.1111111111111111,0
1043,1,0.5750000000000001,0.17672413793103448,0.52,0.4444444444444445,0
1044,1,0.5750000000000001,0.3060344827586207,0.17333333333333334,0.1111111111111111,0
1045,1,0.5125000000000001,0.07327586206896551,0.37333333333333335,0.5555555555555556,0
1046,1,0.9125000000000001,0.22413793103448276,0.49333333333333335,0.1111111111111111,0
1047,1,0.45000000000000007,0.07327586206896551,0.13333333333333336,0.2222222222222222,0
1048,1,0.9000000000000001,0.1422413793103448,0.4133333333333334,0.5555555555555556,0
1049,1,0.7250000000000001,0.19827586206896552,0.7466666666666668,0.1111111111111111,0
1050,1,0.6625000000000001,0.23706896551724138,0.2800000000000001,0.1111111111111111,0
1051,1,0.6875,0.27155172413793105,0.52,0.4444444444444445,0
1052,1,0.675,0.3146551724137931,0.48000000000000004,0.2222222222222222,0
1053,1,0.4625,0.1206896551724138,0.72,0.0,0
1054,1,0.5,0.10775862068965518,0.48000000000000004,1.0,0
1055,1,0.75,0.2931034482758621,0.2800000000000001,1.0,0
1056,1,0.675,0.2456896551724138,0.6533333333333333,0.0,0
1057,1,0.9125000000000001,0.1206896551724138,0.5333333333333334,0.7777777777777777,0
1058,1,0.4625,0.27586206896551724,0.5066666666666668,0.0,0
1059,1,0.42500000000000004,0.19396551724137934,0.6800000000000002,0.5555555555555556,0
1060,1,0.375,0.34051724137931033,0.7866666666666668,1.0,0
1061,1,0.95,0.1724137931034483,0.6933333333333334,0.5555555555555556,0
1062,1,0.7875000000000001,0.33620689655172414,0.72,1.0,0
1063,1,0.45000000000000007,0.28879310344827586,0.6933333333333334,0.3333333333333333,0
1064,1,0.75,0.24137931034482757,0.6933333333333334,0.6666666666666665,0
1065,1,0.48750000000000004,0.07758620689655173,0.13333333333333336,0.2222222222222222,0
1066,1,0.775,0.3103448275862069,0.5466666666666666,0.2222222222222222,0
1067,1,0.42500000000000004,0.31896551724137934,0.4000000000000001,0.3333333333333333,0
1068,1,0.6375000000000001,0.2025862068965517,0.17333333333333334,0.8888888888888888,0
1069,1,0.55,0.35344827586206895,0.6800000000000002,0.6666666666666665,0
1070,1,0.6875,0.18103448275862072,0.2,0.7777777777777777,0
1071,1,0.7250000000000001,0.2974137931034483,0.2,0.7777777777777777,0
1072,1,0.7250000000000001,0.22413793103448276,0.22666666666666668,0.7777777777777777,0
1073,1,0.9625000000000001,0.06034482758620689,0.21333333333333337,0.6666666666666665,0
1074,1,0.7000000000000001,0.0689655172413793,0.6000000000000001,0.8888888888888888,0
1075,1,0.375,0.09913793103448275,0.8,1.0,0
1076,1,0.8625,0.21551724137931033,0.56,0.8888888888888888,0
1077,1,0.5375000000000001,0.3017241379310345,0.4133333333333334,0.5555555555555556,0
1078,1,0.4125,0.1724137931034483,0.52,0.5555555555555556,0
1079,1,0.8125,0.3103448275862069,0.7333333333333334,0.5555555555555556,0
1080,1,0.9375,0.2974137931034483,0.22666666666666668,0.1111111111111111,0
1081,1,0.9750000000000001,0.1724137931034483,0.13333333333333336,0.5555555555555556,0
1082,1,0.65,0.21120689655172414,0.6000000000000001,0.8888888888888888,0
1083,1,0.6625000000000001,0.10775862068965518,0.16000000000000003,0.2222222222222222,0
1084,1,0.7625000000000001,0.12499999999999999,0.7333333333333334,0.6666666666666665,0
1085,1,0.45000000000000007,0.1896551724137931,0.6533333333333333,0.3333333333333333,0
1086,1,0.525,0.11637931034482758,0.46666666666666673,0.3333333333333333,0
1087,1,0.7375,0.15517241379310343,0.7333333333333334,0.5555555555555556,0
1088,1,0.45000000000000007,0.2801724137931035,0.16000000000000003,1.0,0
1089,1,0.4625,0.2974137931034483,0.52,1.0,0
1090,1,0.775,0.12499999999999999,0.5466666666666666,0.0,0
1091,1,0.7875000000000001,0.07758620689655173,0.6000000000000001,0.6666666666666665,0
1092,1,0.8375,0.3146551724137931,0.56,0.2222222222222222,0
1093,1,0.925,0.14655172413793105,0.7466666666666668,0.2222222222222222,0
1094,1,0.45000000000000007,0.2629310344827586,0.6933333333333334,1.0,0
1095,1,0.8500000000000001,0.22844827586206895,0.56,0.6666666666666665,0
1096,1,0.7000000000000001,0.1853448275862069,0.36000000000000004,0.6666666666666665,0
1097,1,0.6375000000000001,0.21120689655172414,0.5066666666666668,0.2222222222222222,0
1098,1,0.4750000000000001,0.27586206896551724,0.6400000000000001,0.8888888888888888,0
1099,1,0.6125,0.35344827586206895,0.4000000000000001,0.8888888888888888,0
1100,1,0.875,0.16810344827586204,0.2933333333333334,0.3333333333333333,0
1101,1,0.8625,0.21120689655172414,0.7066666666666668,0.5555555555555556,0
1102,1,0.9125000000000001,0.1206896551724138,0.7333333333333334,0.2222222222222222,0
1103,1,0.775,0.34913793103448276,0.72,0.5555555555555556,0
1104,1,0.9375,0.11206896551724137,0.7733333333333334,0.5555555555555556,0
1105,1,0.8125,0.3146551724137931,0.6266666666666667,1.0,0
1106,1,0.9000000000000001,0.2801724137931035,0.7066666666666668,0.8888888888888888,0
1107,1,0.6000000000000001,0.28448275862068967,0.13333333333333336,0.8888888888888888,0
1108,1,0.45000000000000007,0.06465517241379311,0.4533333333333334,0.2222222222222222,0
1109,1,0.4125,0.08189655172413791,0.2933333333333334,0.4444444444444445,0
1110,1,0.9750000000000001,0.13793103448275862,0.37333333333333335,0.4444444444444445,0
1111,1,0.48750000000000004,0.08189655172413791,0.72,0.4444444444444445,0
1112,1,0.5375000000000001,0.34913793103448276,0.16000000000000003,0.5555555555555556,0
1113,1,0.7250000000000001,0.10775862068965518,0.6533333333333333,0.8888888888888888,0
1114,1,0.55,0.2629310344827586,0.3333333333333334,0.8888888888888888,0
1115,1,1.0,0.20689655172413796,0.72,0.0,0
1116,1,0.675,0.2629310344827586,0.48000000000000004,0.5555555555555556,0
1117,1,0.8125,0.07758620689655173,0.13333333333333336,0.4444444444444445,0
1118,1,0.525,0.2931034482758621,0.32,0.5555555555555556,0
1119,1,0.9750000000000001,0.34913793103448276,0.7600000000000002,1.0,0
1120,1,0.525,0.15517241379310343,0.37333333333333335,0.7777777777777777,0
1121,1,0.5125000000000001,0.09051724137931035,0.2800000000000001,0.2222222222222222,0
1122,1,0.9625000000000001,0.33189655172413796,0.22666666666666668,0.6666666666666665,0
1123,1,0.4,0.28448275862068967,0.36000000000000004,0.8888888888888888,0
1124,1,0.5750000000000001,0.1206896551724138,0.26666666666666666,1.0,0
1125,1,0.5750000000000001,0.05172413793103449,0.4133333333333334,0.7777777777777777,0
1126,1,0.9375,0.13362068965517243,0.16000000000000003,0.2222222222222222,0
1127,1,0.625,0.07758620689655173,0.7866666666666668,1.0,0
1128,1,0.9000000000000001,0.21551724137931033,0.5466666666666666,1.0,0
1129,1,0.8125,0.2456896551724138,0.1866666666666667,0.5555555555555556,0
1130,1,0.7875000000000001,0.1724137931034483,0.2800000000000001,0.8888888888888888,0
1131,1,0.42500000000000004,0.3275862068965517,0.26666666666666666,0.6666666666666665,0
1132,1,0.8,0.3448275862068966,0.46666666666666673,0.1111111111111111,0
1133,1,0.65,0.1724137931034483,0.3066666666666667,0.5555555555555556,0
1134,1,0.6375000000000001,0.25,0.37333333333333335,0.3333333333333333,0
1135,1,0.9750000000000001,0.34051724137931033,0.5333333333333334,0.8888888888888888,0
1136,1,0.9750000000000001,0.05603448275862068,0.22666666666666668,0.5555555555555556,0
1137,1,0.7250000000000001,0.18103448275862072,0.6800000000000002,1.0,0
1138,1,0.8625,0.1853448275862069,0.16000000000000003,0.5555555555555556,0
1139,1,0.675,0.11206896551724137,0.4533333333333334,0.4444444444444445,0
1140,1,0.8,0.20689655172413796,0.14666666666666672,0.8888888888888888,0
1141,1,0.9875,0.2543103448275862,0.56,0.8888888888888888,0
1142,1,0.7250000000000001,0.31896551724137934,0.16000000000000003,0.4444444444444445,0
1143,1,0.8875,0.15517241379310343,0.4000000000000001,0.8888888888888888,0
1144,1,0.4375,0.10344827586206896,0.26666666666666666,0.8888888888888888,0
1145,1,0.8,0.05172413793103449,0.6666666666666667,0.1111111111111111,0
1146,1,0.5375000000000001,0.16810344827586204,0.7066666666666668,0.6666666666666665,0
1147,1,0.45000000000000007,0.16379310344827586,0.5866666666666667,0.6666666666666665,0
1148,1,0.8875,0.09051724137931035,0.7600000000000002,0.2222222222222222,0
1149,1,0.38750000000000007,0.3017241379310345,0.7333333333333334,0.5555555555555556,0
1150,1,0.4,0.09913793103448275,0.1866666666666667,0.0,0
1151,1,0.5125000000000001,0.1896551724137931,0.6000000000000001,0.1111111111111111,0
1152,1,0.8250000000000001,0.17672413793103448,0.34666666666666673,0.6666666666666665,0
1153,1,0.675,0.2974137931034483,0.6666666666666667,0.6666666666666665,0
1154,1,0.7125,0.22413793103448276,0.14666666666666672,0.6666666666666665,0
1155,1,0.9125000000000001,0.11637931034482758,0.5866666666666667,0.0,0
1156,1,0.8875,0.08620689655172413,0.7733333333333334,1.0,0
1157,1,0.4,0.09051724137931035,0.4266666666666667,0.8888888888888888,0
1158,1,0.45000000000000007,0.21120689655172414,0.8,0.4444444444444445,0
1159,1,0.8500000000000001,0.09913793103448275,0.37333333333333335,0.7777777777777777,0
1160,1,0.675,0.26724137931034486,0.6933333333333334,0.0,0
1161,1,0.75,0.13793103448275862,0.5866666666666667,0.3333333333333333,0
1162,1,0.4750000000000001,0.26724137931034486,0.8,0.8888888888888888,0
1163,1,0.6000000000000001,0.1293103448275862,0.38666666666666666,0.5555555555555556,0
1164,1,0.375,0.35344827586206895,0.6000000000000001,0.2222222222222222,0
1165,1,0.4625,0.07327586206896551,0.13333333333333336,1.0,0
1166,1,0.8500000000000001,0.26724137931034486,0.5866666666666667,0.8888888888888888,0
1167,1,0.4375,0.21982758620689657,0.3066666666666667,0.5555555555555556,0
1168,1,0.5375000000000001,0.27586206896551724,0.6800000000000002,0.8888888888888888,0
1169,1,0.48750000000000004,0.13793103448275862,0.2800000000000001,0.3333333333333333,0
1170,1,0.8625,0.1896551724137931,0.2933333333333334,0.1111111111111111,0
1171,1,0.5125000000000001,0.07758620689655173,0.7733333333333334,0.8888888888888888,0
1172,1,0.7375,0.35344827586206895,0.1866666666666667,0.4444444444444445,0
1173,1,0.9000000000000001,0.08620689655172413,0.34666666666666673,0.1111111111111111,0
1174,1,0.525,0.31896551724137934,0.4133333333333334,0.5555555555555556,0
1175,1,0.4750000000000001,0.18103448275862072,0.21333333333333337,0.4444444444444445,0
1176,1,0.8625,0.08620689655172413,0.2933333333333334,0.5555555555555556,0
1177,1,0.7625000000000001,0.2974137931034483,0.4133333333333334,1.0,0
1178,1,0.9000000000000001,0.21982758620689657,0.72,1.0,0
1179,1,0.48750000000000004,0.25,0.4000000000000001,0.6666666666666665,0
1180,1,0.5,0.05172413793103449,0.4000000000000001,0.3333333333333333,0
1181,1,1.0,0.1724137931034483,0.7333333333333334,0.6666666666666665,0
1182,1,0.5875,0.25,0.24000000000000005,0.5555555555555556,0
1183,1,0.75,0.3060344827586207,0.5066666666666668,0.5555555555555556,0
1184,1,0.9875,0.21982758620689657,0.5466666666666666,0.8888888888888888,0
1185,1,0.45000000000000007,0.14655172413793105,0.6800000000000002,1.0,0
1186,1,0.4375,0.2025862068965517,0.24000000000000005,0.8888888888888888,0
1187,1,0.525,0.19396551724137934,0.7466666666666668,0.1111111111111111,0
1188,1,0.95,0.09051724137931035,0.14666666666666672,0.8888888888888888,0
1189,1,0.875,0.06465517241379311,0.6266666666666667,1.0,0
1190,1,0.6875,0.16810344827586204,0.16000000000000003,0.8888888888888888,0
1191,1,0.5750000000000001,0.34913793103448276,0.5866666666666667,0.7777777777777777,0
1192,1,0.8875,0.13362068965517243,0.44,0.6666666666666665,0
1193,1,0.55,0.21120689655172414,0.24000000000000005,0.7777777777777777,0
1194,1,0.775,0.33189655172413796,0.2,0.6666666666666665,0
1195,1,0.6625000000000001,0.3275862068965517,0.13333333333333336,0.3333333333333333,0
1196,1,0.8625,0.1422413793103448,0.7733333333333334,0.8888888888888888,0
1197,1,0.4750000000000001,0.2974137931034483,0.26666666666666666,0.2222222222222222,0
1198,1,0.8250000000000001,0.1293103448275862,0.7600000000000002,0.7777777777777777,0
1199,1,0.65,0.07327586206896551,0.32,0.7777777777777777,0
1200,1,0.55,0.08620689655172413,0.34666666666666673,0.5555555555555556,0
1201,1,0.55,0.07327586206896551,0.6933333333333334,0.3333333333333333,0
1202,1,0.7875000000000001,0.25,0.4533333333333334,0.7777777777777777,0
1203,1,0.7375,0.07327586206896551,0.16000000000000003,0.5555555555555556,0
1204,1,0.45000000000000007,0.33620689655172414,0.6666666666666667,0.4444444444444445,0
1205,1,0.9625000000000001,0.19396551724137934,0.6266666666666667,0.8888888888888888,0
1206,1,0.8250000000000001,0.14655172413793105,0.4533333333333334,0.6666666666666665,0
1207,1,0.6625000000000001,0.09051724137931035,0.5733333333333335,0.4444444444444445,0
1208,1,0.675,0.1724137931034483,0.5733333333333335,0.6666666666666665,0
1209,1,0.65,0.24137931034482757,0.5466666666666666,0.7777777777777777,0
1210,1,0.8500000000000001,0.05172413793103449,0.56,0.2222222222222222,0
1211,1,0.7250000000000001,0.1422413793103448,0.32,0.1111111111111111,0
1212,1,0.775,0.2025862068965517,0.3066666666666667,0.2222222222222222,0
1213,1,0.5125000000000001,0.13793103448275862,0.44,1.0,0
1214,1,0.9375,0.11637931034482758,0.6933333333333334,0.3333333333333333,0
1215,1,0.7000000000000001,0.2327586206896552,0.7466666666666668,0.1111111111111111,0
1216,1,0.75,0.3146551724137931,0.5333333333333334,0.3333333333333333,0
1217,1,0.8375,0.13793103448275862,0.6800000000000002,0.6666666666666665,0
1218,1,0.38750000000000007,0.1853448275862069,0.16000000000000003,0.2222222222222222,0
1219,1,0.8250000000000001,0.13793103448275862,0.24000000000000005,0.8888888888888888,0
1220,1,0.4,0.1293103448275862,0.17333333333333334,0.2222222222222222,0
1221,1,0.5750000000000001,0.15086206896551724,0.5733333333333335,0.6666666666666665,0
1222,1,0.8500000000000001,0.06034482758620689,0.7466666666666668,0.4444444444444445,0
1223,1,0.4375,0.16810344827586204,0.5066666666666668,1.0,0
1224,1,0.75,0.3146551724137931,0.26666666666666666,0.3333333333333333,0
1225,1,0.7000000000000001,0.1293103448275862,0.8,1.0,0
1226,1,0.9875,0.15086206896551724,0.6533333333333333,0.8888888888888888,0
1227,1,0.5750000000000001,0.1422413793103448,0.7466666666666668,0.5555555555555556,0
1228,1,0.7375,0.08620689655172413,0.32,0.6666666666666665,0
1229,1,0.675,0.1206896551724138,0.21333333333333337,0.0,0
1230,1,0.525,0.33620689655172414,0.56,0.6666666666666665,0
1231,1,0.48750000000000004,0.10344827586206896,0.2800000000000001,0.7777777777777777,0
1232,1,0.8625,0.0689655172413793,0.8,0.8888888888888888,0
1233,1,0.775,0.11637931034482758,0.2,0.7777777777777777,0
1234,1,0.9000000000000001,0.1206896551724138,0.6400000000000001,0.8888888888888888,0
1235,1,0.375,0.28879310344827586,0.5733333333333335,0.6666666666666665,0
1236,1,0.6625000000000001,0.07327586206896551,0.72,0.8888888888888888,0
1237,1,0.7125,0.17672413793103448,0.5333333333333334,0.6666666666666665,0
1238,1,0.65,0.10344827586206896,0.49333333333333335,0.2222222222222222,0
1239,1,0.5750000000000001,0.3146551724137931,0.7866666666666668,0.3333333333333333,0
1240,1,0.4375,0.20689655172413796,0.6400000000000001,0.8888888888888888,0
1241,1,0.7000000000000001,0.1896551724137931,0.2933333333333334,0.0,0
1242,1,0.9375,0.05172413793103449,0.6133333333333333,0.8888888888888888,0
1243,1,0.4625,0.33620689655172414,0.13333333333333336,0.6666666666666665,0
1244,1,0.8875,0.16379310344827586,0.72,0.5555555555555556,0
1245,1,0.7000000000000001,0.25,0.21333333333333337,0.2222222222222222,0
1246,1,0.7125,0.1896551724137931,0.34666666666666673,0.8888888888888888,0
1247,1,0.7125,0.25,0.6533333333333333,0.4444444444444445,0
1248,1,0.9125000000000001,0.26724137931034486,0.7733333333333334,0.3333333333333333,0
1249,1,0.7000000000000001,0.35344827586206895,0.8,0.8888888888888888,0
1250,1,0.75,0.14655172413793105,0.44,0.8888888888888888,0
1251,1,0.8125,0.3146551724137931,0.34666666666666673,0.4444444444444445,0
1252,1,0.8250000000000001,0.24137931034482757,0.7866666666666668,0.6666666666666665,0
1253,1,0.9625000000000001,0.12499999999999999,0.6933333333333334,0.1111111111111111,0
1254,1,0.9625000000000001,0.17672413793103448,0.5066666666666668,0.2222222222222222,0
1255,1,0.45000000000000007,0.16810344827586204,0.56,0.6666666666666665,0
1256,1,1.0,0.23706896551724138,0.6000000000000001,1.0,0
1257,1,0.925,0.07758620689655173,0.26666666666666666,0.6666666666666665,0
1258,1,0.875,0.05172413793103449,0.2,0.2222222222222222,0
1259,1,0.75,0.28879310344827586,0.2,0.1111111111111111,0
1260,1,0.5750000000000001,0.1724137931034483,0.44,0.1111111111111111,0
1261,1,0.8500000000000001,0.0689655172413793,0.7466666666666668,0.6666666666666665,0
1262,1,0.6875,0.33620689655172414,0.37333333333333335,1.0,0
1263,1,0.4125,0.14655172413793105,0.6666666666666667,0.7777777777777777,0
1264,1,0.7250000000000001,0.05603448275862068,0.2933333333333334,0.8888888888888888,0
1265,1,0.6000000000000001,0.15517241379310343,0.16000000000000003,1.0,0
1266,1,0.775,0.33620689655172414,0.72,0.3333333333333333,0
1267,1,0.8625,0.1422413793103448,0.7066666666666668,0.0,0
1268,1,0.6625000000000001,0.18103448275862072,0.6800000000000002,0.0,0
1269,1,0.5,0.09913793103448275,0.36000000000000004,0.6666666666666665,0
1270,1,0.65,0.26724137931034486,0.46666666666666673,1.0,0
1271,1,0.525,0.33620689655172414,0.13333333333333336,0.1111111111111111,0
1272,1,0.4375,0.35344827586206895,0.37333333333333335,0.8888888888888888,0
1273,1,0.8375,0.24137931034482757,0.4266666666666667,0.4444444444444445,0
1274,1,0.55,0.15517241379310343,0.52,0.6666666666666665,0
1275,1,0.8250000000000001,0.05172413793103449,0.34666666666666673,0.2222222222222222,0
1276,1,0.7000000000000001,0.3275862068965517,0.21333333333333337,0.8888888888888888,0
1277,1,0.42500000000000004,0.3275862068965517,0.37333333333333335,0.5555555555555556,0
1278,1,0.4625,0.33189655172413796,0.34666666666666673,0.8888888888888888,0
1279,1,1.0,0.1896551724137931,0.72,0.7777777777777777,0
1280,1,0.675,0.3146551724137931,0.7866666666666668,0.3333333333333333,0
1281,1,0.9750000000000001,0.23706896551724138,0.7866666666666668,0.7777777777777777,0
1282,1,0.9125000000000001,0.3017241379310345,0.6266666666666667,0.0,0
1283,1,0.75,0.11206896551724137,0.34666666666666673,0.1111111111111111,0
1284,1,0.675,0.1724137931034483,0.7066666666666668,0.3333333333333333,0
1285,1,0.625,0.27586206896551724,0.4266666666666667,0.8888888888888888,0
1286,1,0.8,0.05603448275862068,0.72,0.4444444444444445,0
1287,1,0.5625,0.20689655172413796,0.2,0.6666666666666665,0
1288,1,0.9125000000000001,0.23706896551724138,0.1866666666666667,0.8888888888888888,0
1289,1,0.5125000000000001,0.3103448275862069,0.4000000000000001,0.5555555555555556,0
1290,1,0.5375000000000001,0.19827586206896552,0.2800000000000001,0.3333333333333333,0
1291,1,0.7625000000000001,0.15948275862068967,0.3333333333333334,0.3333333333333333,0
1292,1,0.5750000000000001,0.16379310344827586,0.32,0.3333333333333333,0
1293,1,0.5625,0.2456896551724138,0.25333333333333335,0.1111111111111111,0
1294,1,0.4625,0.09482758620689656,0.7066666666666668,0.7777777777777777,0
1295,1,0.8625,0.05172413793103449,0.7733333333333334,0.8888888888888888,0
1296,1,0.4,0.3146551724137931,0.44,1.0,0
1297,1,0.625,0.3232758620689655,0.6133333333333333,0.4444444444444445,0
1298,1,0.7625000000000001,0.15086206896551724,0.7733333333333334,0.8888888888888888,0
1299,1,0.5875,0.26724137931034486,0.32,1.0,0
1300,1,0.4750000000000001,0.07758620689655173,0.5733333333333335,0.6666666666666665,0
1301,1,0.75,0.34913793103448276,0.16000000000000003,0.8888888888888888,0
1302,1,0.65,0.26724137931034486,0.7066666666666668,0.2222222222222222,0
1303,1,0.7375,0.11637931034482758,0.72,0.8888888888888888,0
1304,1,0.7375,0.22413793103448276,0.72,0.0,0
1305,1,0.375,0.16379310344827586,0.4533333333333334,1.0,0
1306,1,0.45000000000000007,0.22844827586206895,0.44,1.0,0
1307,1,0.5750000000000001,0.15086206896551724,0.6000000000000001,0.4444444444444445,0
1308,1,0.5625,0.19827586206896552,0.5333333333333334,1.0,0
1309,1,0.6375000000000001,0.25,0.2800000000000001,0.7777777777777777,0
1310,1,0.7125,0.16379310344827586,0.48000000000000004,0.5555555555555556,0
1311,1,0.6625000000000001,0.27155172413793105,0.36000000000000004,0.7777777777777777,0
1312,1,0.5125000000000001,0.1206896551724138,0.6133333333333333,0.3333333333333333,0
1313,1,0.45000000000000007,0.19827586206896552,0.3333333333333334,0.8888888888888888,0
1314,1,0.7125,0.25862068965517243,0.2933333333333334,0.2222222222222222,0
1315,1,0.9625000000000001,0.13362068965517243,0.5333333333333334,0.0,0
1316,1,0.5125000000000001,0.2801724137931035,0.5466666666666666,0.2222222222222222,0
1317,1,0.875,0.33620689655172414,0.5866666666666667,0.5555555555555556,0
1318,1,1.0,0.31896551724137934,0.38666666666666666,0.4444444444444445,0
1319,1,0.8125,0.07758620689655173,0.46666666666666673,0.1111111111111111,0
1320,1,0.925,0.13793103448275862,0.17333333333333334,0.3333333333333333,0
1321,1,0.5750000000000001,0.3103448275862069,0.6666666666666667,0.1111111111111111,0
1322,1,0.7250000000000001,0.2327586206896552,0.34666666666666673,0.5555555555555556,0
1323,1,0.6625000000000001,0.1896551724137931,0.4266666666666667,0.0,0
1324,1,0.7000000000000001,0.11637931034482758,0.4266666666666667,1.0,0
1325,1,0.525,0.3448275862068966,0.2800000000000001,0.4444444444444445,0
1326,1,0.65,0.22844827586206895,0.7066666666666668,0.8888888888888888,0
1327,1,0.7625000000000001,0.2974137931034483,0.2,0.6666666666666665,0
1328,1,0.8625,0.20689655172413796,0.52,0.2222222222222222,0
1329,1,0.5,0.23706896551724138,0.48000000000000004,1.0,0
1330,1,0.8250000000000001,0.27155172413793105,0.1866666666666667,0.1111111111111111,0
1331,1,0.5,0.23706896551724138,0.32,0.5555555555555556,0
1332,1,0.625,0.21120689655172414,0.7333333333333334,0.4444444444444445,0
1333,1,0.8500000000000001,0.26724137931034486,0.36000000000000004,0.7777777777777777,0
1334,1,0.9875,0.25,0.7600000000000002,1.0,0
1335,1,0.7875000000000001,0.2974137931034483,0.48000000000000004,0.2222222222222222,0
1336,1,0.5125000000000001,0.06034482758620689,0.24000000000000005,0.3333333333333333,0
1337,1,0.9000000000000001,0.1896551724137931,0.7600000000000002,0.1111111111111111,0
1338,1,0.5375000000000001,0.1422413793103448,0.46666666666666673,0.1111111111111111,0
1339,1,0.45000000000000007,0.08620689655172413,0.5333333333333334,0.8888888888888888,0
1340,1,0.4125,0.06465517241379311,0.7866666666666668,0.6666666666666665,0
1341,1,0.7875000000000001,0.09482758620689656,0.21333333333333337,0.4444444444444445,0
1342,1,0.8625,0.13362068965517243,0.2,0.6666666666666665,0
1343,1,0.6125,0.17672413793103448,0.3333333333333334,0.4444444444444445,0
1344,1,0.7250000000000001,0.1206896551724138,0.24000000000000005,0.8888888888888888,0
1345,1,0.5,0.06465517241379311,0.16000000000000003,0.5555555555555556,0
1346,1,0.625,0.3103448275862069,0.52,0.8888888888888888,0
1347,1,0.5875,0.35344827586206895,0.5066666666666668,0.2222222222222222,0
1348,1,0.925,0.34913793103448276,0.2800000000000001,1.0,0
1349,1,0.8500000000000001,0.3017241379310345,0.6666666666666667,1.0,0
1350,1,0.7125,0.34051724137931033,0.6666666666666667,0.8888888888888888,0
1351,1,0.6125,0.24137931034482757,0.5333333333333334,0.8888888888888888,0
1352,1,0.55,0.09913793103448275,0.5066666666666668,0.4444444444444445,0
1353,1,0.6625000000000001,0.27586206896551724,0.34666666666666673,0.2222222222222222,0
1354,1,0.6125,0.05603448275862068,0.13333333333333336,0.8888888888888888,0
1355,1,0.9750000000000001,0.12499999999999999,0.4266666666666667,0.4444444444444445,0
1356,1,0.75,0.3448275862068966,0.13333333333333336,0.7777777777777777,0
1357,1,0.9750000000000001,0.3146551724137931,0.38666666666666666,0.0,0
1358,1,0.9875,0.28879310344827586,0.37333333333333335,1.0,0
1359,1,0.55,0.05172413793103449,0.6000000000000001,0.5555555555555556,0
1360,1,0.525,0.27586206896551724,0.6000000000000001,0.6666666666666665,0
1361,1,0.6875,0.1853448275862069,0.26666666666666666,0.6666666666666665,0
1362,1,0.675,0.1724137931034483,0.34666666666666673,0.1111111111111111,0
1363,1,0.7125,0.18103448275862072,0.5733333333333335,1.0,0
1364,1,0.925,0.19827586206896552,0.37333333333333335,0.8888888888888888,0
1365,1,0.5875,0.27586206896551724,0.2933333333333334,0.1111111111111111,0
1366,1,0.5125000000000001,0.12499999999999999,0.37333333333333335,0.1111111111111111,0
1367,1,0.875,0.3017241379310345,0.6533333333333333,0.7777777777777777,0
1368,1,0.5875,0.31896551724137934,0.2933333333333334,0.5555555555555556,0
1369,1,0.38750000000000007,0.13362068965517243,0.17333333333333334,0.8888888888888888,0
1370,1,0.38750000000000007,0.15086206896551724,0.21333333333333337,0.4444444444444445,0
1371,1,0.5875,0.1206896551724138,0.7333333333333334,0.7777777777777777,0
1372,1,0.95,0.05603448275862068,0.32,0.1111111111111111,0
1373,1,0.48750000000000004,0.05603448275862068,0.5466666666666666,0.3333333333333333,0
1374,1,0.6375000000000001,0.2801724137931035,0.38666666666666666,0.7777777777777777,0
1375,1,0.6625000000000001,0.3060344827586207,0.72,0.0,0
1376,1,0.6375000000000001,0.09482758620689656,0.7733333333333334,0.2222222222222222,0
1377,1,0.4125,0.19827586206896552,0.7866666666666668,0.6666666666666665,0
1378,1,0.42500000000000004,0.34913793103448276,0.5333333333333334,0.2222222222222222,0
1379,1,0.525,0.1896551724137931,0.4533333333333334,0.0,0
1380,1,0.4625,0.1853448275862069,0.4533333333333334,0.7777777777777777,0
1381,1,0.5625,0.0689655172413793,0.2933333333333334,0.7777777777777777,0
1382,1,0.9625000000000001,0.10344827586206896,0.5733333333333335,0.3333333333333333,0
1383,1,0.75,0.2629310344827586,0.7066666666666668,0.4444444444444445,0
1384,1,0.625,0.13793103448275862,0.6666666666666667,0.0,0
1385,1,0.9625000000000001,0.35344827586206895,0.5733333333333335,0.1111111111111111,0
1386,1,0.5750000000000001,0.3146551724137931,0.6666666666666667,0.4444444444444445,0
1387,1,0.525,0.25,0.17333333333333334,0.3333333333333333,0
1388,1,0.4625,0.18103448275862072,0.6666666666666667,0.6666666666666665,0
1389,1,0.625,0.05603448275862068,0.26666666666666666,0.4444444444444445,0
1390,1,0.8375,0.11637931034482758,0.46666666666666673,0.3333333333333333,0
1391,1,0.375,0.07327586206896551,0.6266666666666667,0.7777777777777777,0
1392,1,0.925,0.13362068965517243,0.44,0.1111111111111111,0
1393,1,0.5625,0.13793103448275862,0.5466666666666666,0.1111111111111111,0
1394,1,0.9125000000000001,0.23706896551724138,0.7733333333333334,0.0,0
1395,1,0.4125,0.2456896551724138,0.6800000000000002,0.2222222222222222,0
1396,1,0.925,0.3448275862068966,0.8,0.1111111111111111,0
1397,1,0.4750000000000001,0.31896551724137934,0.32,0.5555555555555556,0
1398,1,0.8125,0.24137931034482757,0.5066666666666668,0.3333333333333333,0
1399,1,0.38750000000000007,0.25862068965517243,0.4266666666666667,0.2222222222222222,0
1400,1,0.5750000000000001,0.07327586206896551,0.5466666666666666,0.7777777777777777,0
1401,1,0.8125,0.21120689655172414,0.5866666666666667,0.7777777777777777,0
1402,1,0.525,0.15086206896551724,0.5866666666666667,0.5555555555555556,0
1403,1,0.625,0.3060344827586207,0.36000000000000004,1.0,0
1404,1,0.8125,0.13793103448275862,0.1866666666666667,0.8888888888888888,0
1405,1,0.48750000000000004,0.2974137931034483,0.37333333333333335,0.4444444444444445,0
1406,1,0.8,0.25,0.52,0.0,0
1407,1,0.9875,0.3275862068965517,0.4533333333333334,0.2222222222222222,0
1408,1,0.38750000000000007,0.25,0.7866666666666668,1.0,0
1409,1,0.5625,0.22844827586206895,0.7466666666666668,0.1111111111111111,0
1410,1,0.9000000000000001,0.3448275862068966,0.4533333333333334,0.3333333333333333,0
1411,1,0.7875000000000001,0.3232758620689655,0.7866666666666668,0.8888888888888888,0
1412,1,0.48750000000000004,0.20689655172413796,0.4000000000000001,0.6666666666666665,0
1413,1,0.8875,0.22844827586206895,0.22666666666666668,0.1111111111111111,0
1414,1,0.7875000000000001,0.08620689655172413,0.16000000000000003,0.2222222222222222,0
1415,1,0.5125000000000001,0.0689655172413793,0.2933333333333334,0.1111111111111111,0
1416,1,0.7625000000000001,0.15517241379310343,0.21333333333333337,0.0,0
1417,1,0.8250000000000001,0.2629310344827586,0.6933333333333334,0.7777777777777777,0
1418,1,0.7875000000000001,0.1896551724137931,0.17333333333333334,0.5555555555555556,0
1419,1,0.55,0.09051724137931035,0.13333333333333336,0.3333333333333333,0
1420,1,0.8875,0.31896551724137934,0.2,0.7777777777777777,0
1421,1,0.875,0.08189655172413791,0.44,0.8888888888888888,0
1422,1,0.9625000000000001,0.2801724137931035,0.44,0.0,0
1423,1,0.8625,0.19827586206896552,0.5733333333333335,0.0,0
1424,1,0.95,0.09051724137931035,0.38666666666666666,0.1111111111111111,0
1425,1,0.5375000000000001,0.33620689655172414,0.21333333333333337,0.1111111111111111,0
1426,1,0.95,0.17672413793103448,0.5866666666666667,0.6666666666666665,0
1427,1,0.525,0.15517241379310343,0.5733333333333335,0.3333333333333333,0
1428,1,0.8250000000000001,0.14655172413793105,0.6000000000000001,0.8888888888888888,0
1429,1,0.7000000000000001,0.10775862068965518,0.7866666666666668,1.0,0
1430,1,0.65,0.3017241379310345,0.72,0.6666666666666665,0
1431,1,0.45000000000000007,0.1422413793103448,0.8,0.2222222222222222,0
1432,1,0.8125,0.27155172413793105,0.56,0.5555555555555556,0
1433,1,0.9000000000000001,0.13793103448275862,0.5866666666666667,1.0,0
1434,1,0.7250000000000001,0.2456896551724138,0.4000000000000001,0.8888888888888888,0
1435,1,0.625,0.2543103448275862,0.48000000000000004,0.6666666666666665,0
1436,1,0.95,0.22844827586206895,0.6400000000000001,0.3333333333333333,0
1437,1,0.8250000000000001,0.34913793103448276,0.3066666666666667,0.6666666666666665,0
1438,1,0.9875,0.35344827586206895,0.7600000000000002,0.4444444444444445,0
1439,1,0.6625000000000001,0.2974137931034483,0.5066666666666668,0.6666666666666665,0
1440,1,0.375,0.0689655172413793,0.37333333333333335,1.0,0
1441,1,0.38750000000000007,0.33620689655172414,0.24000000000000005,0.4444444444444445,0
1442,1,0.375,0.21551724137931033,0.32,0.3333333333333333,0
1443,1,0.625,0.06034482758620689,0.7866666666666668,0.4444444444444445,0
1444,1,0.8125,0.33189655172413796,0.6000000000000001,1.0,0
1445,1,0.8250000000000001,0.13362068965517243,0.21333333333333337,0.0,0
1446,1,0.7375,0.2456896551724138,0.25333333333333335,0.2222222222222222,0
1447,1,0.5750000000000001,0.25,0.6266666666666667,0.3333333333333333,0
1448,1,0.55,0.1896551724137931,0.38666666666666666,0.1111111111111111,0
1449,1,0.8250000000000001,0.27155172413793105,0.6133333333333333,0.3333333333333333,0
1450,1,0.95,0.09051724137931035,0.7466666666666668,0.5555555555555556,0
1451,1,1.0,0.3146551724137931,0.2800000000000001,0.7777777777777777,0
1452,1,0.925,0.10344827586206896,0.6400000000000001,0.4444444444444445,0
1453,1,0.4,0.25862068965517243,0.2,0.0,0
1454,1,0.9875,0.2327586206896552,0.4266666666666667,0.6666666666666665,0
1455,1,0.7000000000000001,0.11637931034482758,0.7866666666666668,0.3333333333333333,0
1456,1,0.9625000000000001,0.05603448275862068,0.6666666666666667,0.6666666666666665,0
1457,1,0.4125,0.21982758620689657,0.5733333333333335,0.0,0
1458,1,0.625,0.34913793103448276,0.6133333333333333,0.2222222222222222,0
1459,1,0.625,0.3275862068965517,0.72,0.3333333333333333,0
1460,1,0.48750000000000004,0.07758620689655173,0.7066666666666668,0.6666666666666665,0
1461,1,0.7250000000000001,0.3275862068965517,0.2,0.3333333333333333,0
1462,1,0.7125,0.21120689655172414,0.8,0.6666666666666665,0
1463,1,0.48750000000000004,0.1206896551724138,0.4133333333333334,0.1111111111111111,0
1464,1,0.75,0.07758620689655173,0.6000000000000001,0.6666666666666665,0
1465,1,0.5750000000000001,0.09482758620689656,0.46666666666666673,0.8888888888888888,0
1466,1,0.7125,0.1206896551724138,0.7733333333333334,0.2222222222222222,0
1467,1,0.75,0.15948275862068967,0.5466666666666666,0.6666666666666665,0
1468,1,0.8875,0.15948275862068967,0.6000000000000001,1.0,0
1469,1,0.9625000000000001,0.34051724137931033,0.3333333333333334,0.3333333333333333,0
1470,1,0.42500000000000004,0.19827586206896552,0.7866666666666668,0.6666666666666665,0
1471,1,0.625,0.09913793103448275,0.22666666666666668,0.6666666666666665,0
1472,1,0.7125,0.25,0.4266666666666667,0.3333333333333333,0
1473,1,0.625,0.24137931034482757,0.6400000000000001,0.0,0
1474,1,0.9875,0.21982758620689657,0.26666666666666666,0.5555555555555556,0
1475,1,0.8625,0.2931034482758621,0.6533333333333333,0.2222222222222222,0
1476,1,0.7250000000000001,0.07327586206896551,0.32,0.3333333333333333,0
1477,1,0.9125000000000001,0.2543103448275862,0.25333333333333335,0.1111111111111111,0
1478,1,0.4625,0.07758620689655173,0.3333333333333334,1.0,0
1479,1,0.48750000000000004,0.20689655172413796,0.13333333333333336,0.5555555555555556,0
1480,1,0.925,0.11206896551724137,0.38666666666666666,0.7777777777777777,0
1481,1,0.75,0.06034482758620689,0.4133333333333334,0.3333333333333333,0
1482,1,0.9625000000000001,0.3448275862068966,0.3066666666666667,0.3333333333333333,0
1483,1,0.8,0.33620689655172414,0.7733333333333334,0.4444444444444445,0
1484,1,0.8125,0.3146551724137931,0.6533333333333333,0.2222222222222222,0
1485,1,0.925,0.06034482758620689,0.4533333333333334,1.0,0
1486,1,0.9000000000000001,0.34051724137931033,0.16000000000000003,0.4444444444444445,0
1487,1,0.5,0.08189655172413791,0.37333333333333335,0.3333333333333333,0
1488,1,1.0,0.19827586206896552,0.17333333333333334,0.7777777777777777,0
1489,1,0.8875,0.05603448275862068,0.1866666666666667,0.6666666666666665,0
1490,1,0.9000000000000001,0.19827586206896552,0.6933333333333334,0.5555555555555556,0
1491,1,0.45000000000000007,0.06034482758620689,0.37333333333333335,0.6666666666666665,0
1492,1,0.55,0.25862068965517243,0.56,0.1111111111111111,0
1493,1,0.625,0.31896551724137934,0.6400000000000001,0.8888888888888888,0
1494,1,0.4375,0.15086206896551724,0.2933333333333334,0.8888888888888888,0
1495,1,0.7375,0.06034482758620689,0.16000000000000003,0.3333333333333333,0
1496,1,0.7875000000000001,0.21982758620689657,0.4133333333333334,0.7777777777777777,0
1497,1,0.6875,0.13793103448275862,0.14666666666666672,0.5555555555555556,0
1498,1,0.9125000000000001,0.2456896551724138,0.4266666666666667,0.4444444444444445,0
1499,1,0.5625,0.3275862068965517,0.36000000000000004,0.0,0
1500,1,0.875,0.1896551724137931,0.4533333333333334,0.0,0
1501,1,0.8125,0.2025862068965517,0.32,0.2222222222222222,0
1502,1,0.6375000000000001,0.26724137931034486,0.6933333333333334,0.2222222222222222,0
1503,1,0.4375,0.25862068965517243,0.5733333333333335,1.0,0
1504,1,0.875,0.17672413793103448,0.48000000000000004,0.3333333333333333,0
1505,1,0.8250000000000001,0.13362068965517243,0.49333333333333335,0.4444444444444445,0
1506,1,0.8500000000000001,0.2327586206896552,0.5066666666666668,0.8888888888888888,0
1507,1,0.4750000000000001,0.16379310344827586,0.6800000000000002,0.2222222222222222,0
1508,1,0.8375,0.34913793103448276,0.7066666666666668,0.3333333333333333,0
1509,1,0.4750000000000001,0.21982758620689657,0.72,0.8888888888888888,0
1510,1,0.4750000000000001,0.28879310344827586,0.7866666666666668,0.2222222222222222,0
1511,1,0.8875,0.13793103448275862,0.4000000000000001,0.1111111111111111,0
1512,1,0.8125,0.3448275862068966,0.7466666666666668,0.1111111111111111,0
1513,1,0.5125000000000001,0.22413793103448276,0.25333333333333335,0.0,0
1514,1,0.9750000000000001,0.22413793103448276,0.48000000000000004,0.6666666666666665,0
1515,1,0.6125,0.2931034482758621,0.7600000000000002,0.4444444444444445,0
1516,1,0.48750000000000004,0.15517241379310343,0.21333333333333337,0.2222222222222222,0
1517,1,0.5125000000000001,0.06465517241379311,0.7733333333333334,1.0,0
1518,1,0.8625,0.19827586206896552,0.6400000000000001,1.0,0
1519,1,0.8625,0.17672413793103448,0.6400000000000001,0.3333333333333333,0
1520,1,0.55,0.06465517241379311,0.4266666666666667,0.1111111111111111,0
1521,1,0.925,0.3146551724137931,0.24000000000000005,0.8888888888888888,0
1522,1,0.8500000000000001,0.3103448275862069,0.7333333333333334,0.5555555555555556,0
1523,1,0.5125000000000001,0.2629310344827586,0.5466666666666666,0.7777777777777777,0
1524,1,0.4750000000000001,0.13793103448275862,0.2933333333333334,0.3333333333333333,0
1525,1,0.4,0.27586206896551724,0.7733333333333334,0.0,0
1526,1,0.5875,0.27586206896551724,0.32,0.3333333333333333,0
1527,1,0.9750000000000001,0.16379310344827586,0.1866666666666667,0.2222222222222222,0
1528,1,0.7250000000000001,0.31896551724137934,0.72,0.5555555555555556,0
1529,1,0.7375,0.1853448275862069,0.49333333333333335,0.6666666666666665,0
1530,1,0.9875,0.07327586206896551,0.6400000000000001,0.6666666666666665,0
1531,1,0.95,0.22413793103448276,0.46666666666666673,1.0,0
1532,1,0.9625000000000001,0.3448275862068966,0.5733333333333335,0.0,0
1533,1,0.7875000000000001,0.10775862068965518,0.5066666666666668,0.7777777777777777,0
1534,1,0.4,0.1853448275862069,0.5733333333333335,0.8888888888888888,0
1535,1,0.6875,0.07327586206896551,0.6000000000000001,0.6666666666666665,0
1536,1,0.7875000000000001,0.07758620689655173,0.2933333333333334,0.4444444444444445,0
1537,1,0.7250000000000001,0.26724137931034486,0.38666666666666666,0.4444444444444445,0
1538,1,0.7375,0.1422413793103448,0.49333333333333335,0.4444444444444445,0
1539,1,0.8625,0.07758620689655173,0.72,0.8888888888888888,0
1540,1,0.48750000000000004,0.3060344827586207,0.6800000000000002,0.7777777777777777,0
1541,1,0.4375,0.3275862068965517,0.22666666666666668,0.2222222222222222,0
1542,1,0.9875,0.34913793103448276,0.24000000000000005,0.6666666666666665,0
1543,1,0.7000000000000001,0.22844827586206895,0.5066666666666668,0.0,0
1544,1,0.5125000000000001,0.3017241379310345,0.6266666666666667,0.3333333333333333,0
1545,1,0.7375,0.09913793103448275,0.34666666666666673,0.5555555555555556,0
1546,1,0.925,0.13793103448275862,0.7333333333333334,0.1111111111111111,0
1547,1,0.4375,0.11206896551724137,0.7333333333333334,0.7777777777777777,0
1548,1,0.875,0.25,0.2,0.8888888888888888,0
1549,1,0.9375,0.2629310344827586,0.7466666666666668,0.8888888888888888,0
1550,1,0.8625,0.13793103448275862,0.4533333333333334,0.8888888888888888,0
1551,1,0.675,0.07327586206896551,0.7866666666666668,0.2222222222222222,0
1552,1,0.6375000000000001,0.13362068965517243,0.26666666666666666,0.2222222222222222,0
1553,1,0.5125000000000001,0.07758620689655173,0.48000000000000004,0.4444444444444445,0
1554,1,0.6125,0.2974137931034483,0.37333333333333335,0.2222222222222222,0
1555,1,0.4625,0.1206896551724138,0.2933333333333334,0.0,0
1556,1,0.8625,0.1896551724137931,0.13333333333333336,0.7777777777777777,0
1557,1,0.7625000000000001,0.3232758620689655,0.5866666666666667,0.0,0
1558,1,0.8500000000000001,0.3232758620689655,0.3333333333333334,0.3333333333333333,0
1559,1,0.8375,0.3103448275862069,0.52,0.6666666666666665,0
1560,1,0.7250000000000001,0.09482758620689656,0.6400000000000001,1.0,0
1561,1,0.375,0.1853448275862069,0.6000000000000001,0.4444444444444445,0
1562,1,0.8625,0.16379310344827586,0.17333333333333334,0.2222222222222222,0
1563,1,0.48750000000000004,0.08189655172413791,0.6800000000000002,0.5555555555555556,0
1564,1,0.4,0.1293103448275862,0.16000000000000003,1.0,0
1565,1,0.8500000000000001,0.21551724137931033,0.4133333333333334,0.1111111111111111,0
1566,1,0.4125,0.10775862068965518,0.48000000000000004,0.2222222222222222,0
1567,1,0.5,0.20689655172413796,0.6533333333333333,1.0,0
1568,1,0.8250000000000001,0.14655172413793105,0.52,1.0,0
1569,1,0.6625000000000001,0.0689655172413793,0.2,0.4444444444444445,0
1570,1,0.625,0.2543103448275862,0.4533333333333334,0.1111111111111111,0
1571,1,0.9750000000000001,0.28448275862068967,0.6000000000000001,0.1111111111111111,0
1572,1,0.6000000000000001,0.3103448275862069,0.24000000000000005,0.1111111111111111,0
1573,1,0.925,0.2025862068965517,0.4133333333333334,0.8888888888888888,0
1574,1,0.7000000000000001,0.34051724137931033,0.3066666666666667,0.3333333333333333,0
1575,1,0.8625,0.08189655172413791,0.21333333333333337,1.0,0
1576,1,0.95,0.34051724137931033,0.2,0.7777777777777777,0
1577,1,0.95,0.20689655172413796,0.49333333333333335,1.0,0
1578,1,0.625,0.19396551724137934,0.5733333333333335,1.0,0
1579,1,0.8625,0.2456896551724138,0.24000000000000005,1.0,0
1580,1,0.8250000000000001,0.3232758620689655,0.5733333333333335,0.7777777777777777,0
1581,1,0.7625000000000001,0.15086206896551724,0.6533333333333333,0.3333333333333333,0
1582,1,0.9375,0.21120689655172414,0.2933333333333334,0.0,0
1583,1,0.4625,0.06465517241379311,0.52,0.1111111111111111,0
1584,1,0.9625000000000001,0.16379310344827586,0.6533333333333333,0.6666666666666665,0
1585,1,0.7000000000000001,0.07327586206896551,0.4133333333333334,0.5555555555555556,0
1586,1,0.8125,0.16810344827586204,0.13333333333333336,0.3333333333333333,0
1587,1,0.925,0.20689655172413796,0.34666666666666673,0.1111111111111111,0
1588,1,0.6125,0.21551724137931033,0.56,0.8888888888888888,0
1589,1,0.625,0.05172413793103449,0.22666666666666668,0.5555555555555556,0
1590,1,0.6375000000000001,0.26724137931034486,0.7466666666666668,1.0,0
1591,1,0.8625,0.06465517241379311,0.2800000000000001,0.3333333333333333,0
1592,1,0.6375000000000001,0.23706896551724138,0.7066666666666668,0.7777777777777777,0
1593,1,0.75,0.0689655172413793,0.6800000000000002,0.2222222222222222,0
1594,1,0.75,0.13362068965517243,0.6666666666666667,0.7777777777777777,0
1595,1,0.8,0.2327586206896552,0.52,0.6666666666666665,0
1596,1,0.9625000000000001,0.08189655172413791,0.5733333333333335,0.4444444444444445,0
1597,1,0.8250000000000001,0.22413793103448276,0.6000000000000001,0.8888888888888888,0
1598,1,0.38750000000000007,0.16379310344827586,0.6133333333333333,0.5555555555555556,0
1599,1,1.0,0.2456896551724138,0.1866666666666667,0.2222222222222222,0
1600,1,0.5875,0.06465517241379311,0.4133333333333334,0.6666666666666665,0
1601,1,0.875,0.3448275862068966,0.26666666666666666,1.0,0
1602,1,0.8500000000000001,0.2629310344827586,0.2800000000000001,1.0,0
1603,1,0.4625,0.21982758620689657,0.7333333333333334,0.5555555555555556,0
1604,1,0.9375,0.0689655172413793,0.36000000000000004,0.6666666666666665,0
1605,1,0.4375,0.3232758620689655,0.3333333333333334,0.5555555555555556,0
1606,1,0.7250000000000001,0.21551724137931033,0.3066666666666667,0.8888888888888888,0
1607,1,0.6125,0.14655172413793105,0.22666666666666668,0.5555555555555556,0
1608,1,1.0,0.0689655172413793,0.7866666666666668,0.3333333333333333,0
1609,1,0.4375,0.2931034482758621,0.56,0.0,0
1610,1,0.75,0.3275862068965517,0.25333333333333335,0.3333333333333333,0
1611,1,0.6375000000000001,0.3146551724137931,0.7466666666666668,0.8888888888888888,0
1612,1,0.6125,0.22844827586206895,0.25333333333333335,0.1111111111111111,0
1613,1,0.7875000000000001,0.1206896551724138,0.3066666666666667,0.0,0
1614,1,0.7375,0.2629310344827586,0.7333333333333334,0.8888888888888888,0
1615,1,0.4625,0.05172413793103449,0.38666666666666666,0.0,0
1616,1,0.9125000000000001,0.09913793103448275,0.4133333333333334,0.7777777777777777,0
1617,1,0.4,0.10775862068965518,0.5733333333333335,0.4444444444444445,0
1618,1,0.38750000000000007,0.21982758620689657,0.6666666666666667,0.3333333333333333,0
1619,1,0.625,0.15948275862068967,0.2933333333333334,0.4444444444444445,0
1620,1,0.5875,0.3448275862068966,0.4000000000000001,0.7777777777777777,0
1621,1,0.9000000000000001,0.11637931034482758,0.36000000000000004,0.2222222222222222,0
1622,1,0.5,0.2025862068965517,0.22666666666666668,0.0,0
1623,1,0.8625,0.33189655172413796,0.21333333333333337,0.3333333333333333,0
1624,1,0.8,0.24137931034482757,0.6000000000000001,0.5555555555555556,0
1625,1,0.5875,0.1293103448275862,0.7333333333333334,0.4444444444444445,0
1626,1,0.8250000000000001,0.1853448275862069,0.26666666666666666,0.1111111111111111,0
1627,1,0.6125,0.23706896551724138,0.5866666666666667,0.7777777777777777,0
1628,1,0.4125,0.1206896551724138,0.14666666666666672,0.7777777777777777,0
1629,1,0.9125000000000001,0.07758620689655173,0.21333333333333337,0.6666666666666665,0
1630,1,0.4125,0.09913793103448275,0.49333333333333335,0.6666666666666665,0
1631,1,0.5125000000000001,0.2974137931034483,0.6533333333333333,0.5555555555555556,0
1632,1,0.6125,0.2327586206896552,0.2933333333333334,0.8888888888888888,0
1633,1,0.4375,0.3060344827586207,0.6133333333333333,0.2222222222222222,0
1634,1,0.4375,0.3060344827586207,0.21333333333333337,0.7777777777777777,0
1635,1,0.6125,0.3060344827586207,0.5333333333333334,0.3333333333333333,0
1636,1,0.55,0.1293103448275862,0.6533333333333333,0.4444444444444445,0
1637,1,0.6625000000000001,0.26724137931034486,0.2800000000000001,0.5555555555555556,0
1638,1,1.0,0.22844827586206895,0.52,0.7777777777777777,0
1639,1,0.38750000000000007,0.08620689655172413,0.5333333333333334,0.1111111111111111,0
1640,1,0.65,0.3146551724137931,0.52,0.2222222222222222,0
1641,1,0.6000000000000001,0.24137931034482757,0.6400000000000001,1.0,0
1642,1,0.4750000000000001,0.33189655172413796,0.21333333333333337,0.6666666666666665,0
1643,1,0.9375,0.10775862068965518,0.4000000000000001,0.8888888888888888,0
1644,1,0.8875,0.09051724137931035,0.8,0.4444444444444445,0
1645,1,0.8,0.3060344827586207,0.46666666666666673,1.0,0
1646,1,0.7000000000000001,0.18103448275862072,0.6533333333333333,0.3333333333333333,0
1647,1,0.8125,0.13793103448275862,0.5333333333333334,0.6666666666666665,0
1648,1,0.42500000000000004,0.23706896551724138,0.3066666666666667,1.0,0
1649,1,0.7125,0.28879310344827586,0.6133333333333333,0.5555555555555556,0
1650,1,0.8,0.18103448275862072,0.2800000000000001,0.1111111111111111,0
1651,1,0.9625000000000001,0.31896551724137934,0.22666666666666668,1.0,0
1652,1,0.8500000000000001,0.3060344827586207,0.4000000000000001,0.8888888888888888,0
1653,1,0.45000000000000007,0.2931034482758621,0.2800000000000001,0.4444444444444445,0
1654,1,0.6875,0.08620689655172413,0.6400000000000001,0.1111111111111111,0
1655,1,0.9125000000000001,0.25862068965517243,0.4000000000000001,0.7777777777777777,0
1656,1,0.8875,0.08189655172413791,0.2,0.3333333333333333,0
1657,1,0.4750000000000001,0.05172413793103449,0.7733333333333334,0.2222222222222222,0
1658,1,0.9000000000000001,0.13362068965517243,0.5066666666666668,0.8888888888888888,0
1659,1,0.6000000000000001,0.2629310344827586,0.6533333333333333,1.0,0
1660,1,0.7250000000000001,0.15948275862068967,0.3066666666666667,0.5555555555555556,0
1661,1,0.6125,0.21551724137931033,0.49333333333333335,0.5555555555555556,0
1662,1,0.4375,0.05603448275862068,0.6533333333333333,0.8888888888888888,0
1663,1,0.6875,0.1206896551724138,0.37333333333333335,0.0,0
1664,1,0.6625000000000001,0.35344827586206895,0.17333333333333334,0.0,0
1665,1,0.9375,0.2456896551724138,0.22666666666666668,0.4444444444444445,0
1666,1,0.38750000000000007,0.18103448275862072,0.49333333333333335,1.0,0
1667,1,0.6875,0.22413793103448276,0.7333333333333334,0.6666666666666665,0
1668,1,0.6875,0.25862068965517243,0.49333333333333335,0.8888888888888888,0
1669,1,0.5375000000000001,0.14655172413793105,0.5333333333333334,0.2222222222222222,0
1670,1,0.525,0.2629310344827586,0.44,0.6666666666666665,0
1671,1,0.48750000000000004,0.20689655172413796,0.6933333333333334,0.2222222222222222,0
1672,1,0.4750000000000001,0.05603448275862068,0.1866666666666667,0.0,0
1673,1,0.48750000000000004,0.31896551724137934,0.6933333333333334,0.6666666666666665,0
1674,1,0.4750000000000001,0.09482758620689656,0.24000000000000005,0.6666666666666665,0
1675,1,0.7375,0.28448275862068967,0.6533333333333333,0.2222222222222222,0
1676,1,0.7375,0.33189655172413796,0.49333333333333335,0.8888888888888888,0
1677,1,0.7250000000000001,0.2629310344827586,0.4266666666666667,0.3333333333333333,0
1678,1,0.5125000000000001,0.28448275862068967,0.6400000000000001,0.0,0
1679,1,0.8250000000000001,0.3232758620689655,0.7466666666666668,0.3333333333333333,0
1680,1,0.9375,0.3275862068965517,0.36000000000000004,0.6666666666666665,0
1681,1,0.8,0.25,0.16000000000000003,0.0,0
1682,1,0.8250000000000001,0.3146551724137931,0.7333333333333334,0.5555555555555556,0
1683,1,0.4625,0.3146551724137931,0.72,0.1111111111111111,0
1684,1,0.48750000000000004,0.34051724137931033,0.7733333333333334,0.4444444444444445,0
1685,1,0.7375,0.33620689655172414,0.2,0.8888888888888888,0
1686,1,0.8625,0.09913793103448275,0.3333333333333334,0.7777777777777777,0
1687,1,0.875,0.09051724137931035,0.7066666666666668,0.8888888888888888,0
1688,1,0.8375,0.21982758620689657,0.6533333333333333,0.0,0
1689,1,0.6375000000000001,0.3448275862068966,0.7866666666666668,0.0,0
1690,1,0.75,0.3017241379310345,0.56,0.7777777777777777,0
1691,1,0.8250000000000001,0.2327586206896552,0.48000000000000004,0.5555555555555556,0
1692,1,0.6000000000000001,0.21120689655172414,0.26666666666666666,0.0,0
1693,1,0.925,0.21551724137931033,0.7466666666666668,1.0,0
1694,1,0.5750000000000001,0.08189655172413791,0.6666666666666667,0.7777777777777777,0
1695,1,0.8375,0.1422413793103448,0.6133333333333333,0.0,0
1696,1,0.9000000000000001,0.21120689655172414,0.7600000000000002,1.0,0
1697,1,0.38750000000000007,0.20689655172413796,0.5466666666666666,0.1111111111111111,0
1698,1,0.4750000000000001,0.3275862068965517,0.1866666666666667,0.4444444444444445,0
1699,1,0.5750000000000001,0.1206896551724138,0.6533333333333333,0.4444444444444445,0
1700,1,0.5875,0.1896551724137931,0.13333333333333336,0.1111111111111111,0
1701,1,0.8500000000000001,0.14655172413793105,0.6266666666666667,0.2222222222222222,0
1702,1,0.9000000000000001,0.2974137931034483,0.44,0.2222222222222222,0
1703,1,0.5750000000000001,0.18103448275862072,0.5466666666666666,0.2222222222222222,0
1704,1,0.7875000000000001,0.0689655172413793,0.4133333333333334,0.1111111111111111,0
1705,1,0.48750000000000004,0.13362068965517243,0.5466666666666666,0.6666666666666665,0
1706,1,0.9875,0.2629310344827586,0.3333333333333334,0.7777777777777777,0
1707,1,0.95,0.1422413793103448,0.3066666666666667,1.0,0
1708,1,0.95,0.24137931034482757,0.17333333333333334,0.4444444444444445,0
1709,1,0.9750000000000001,0.11206896551724137,0.17333333333333334,0.2222222222222222,0
1710,1,0.7375,0.27155172413793105,0.5333333333333334,0.4444444444444445,0
1711,1,0.75,0.3448275862068966,0.32,0.6666666666666665,0
1712,1,0.9125000000000001,0.2629310344827586,0.5333333333333334,0.4444444444444445,0
1713,1,0.48750000000000004,0.34051724137931033,0.49333333333333335,0.0,0
1714,1,0.6000000000000001,0.2974137931034483,0.4533333333333334,0.5555555555555556,0
1715,1,0.7875000000000001,0.07327586206896551,0.21333333333333337,0.8888888888888888,0
1716,1,0.875,0.2456896551724138,0.49333333333333335,1.0,0
1717,1,0.8875,0.19827586206896552,0.4133333333333334,0.4444444444444445,0
1718,1,0.5875,0.10344827586206896,0.34666666666666673,1.0,0
1719,1,0.6875,0.3060344827586207,0.7866666666666668,0.3333333333333333,0
1720,1,0.95,0.15517241379310343,0.5733333333333335,0.5555555555555556,0
1721,1,0.9125000000000001,0.15086206896551724,0.4000000000000001,0.8888888888888888,0
1722,1,0.375,0.05603448275862068,0.1866666666666667,0.0,0
1723,1,0.7000000000000001,0.10344827586206896,0.5733333333333335,0.1111111111111111,0
1724,1,0.9125000000000001,0.2974137931034483,0.4266666666666667,0.3333333333333333,0
1725,1,0.95,0.20689655172413796,0.34666666666666673,0.3333333333333333,0
1726,1,0.4,0.06465517241379311,0.6533333333333333,0.1111111111111111,0
1727,1,0.4125,0.16810344827586204,0.6400000000000001,0.1111111111111111,0
1728,1,0.9375,0.11637931034482758,0.2,1.0,0
1729,1,0.4750000000000001,0.25862068965517243,0.6933333333333334,1.0,0
1730,1,0.5125000000000001,0.11206896551724137,0.72,0.2222222222222222,0
1731,1,0.5750000000000001,0.21120689655172414,0.52,0.1111111111111111,0
1732,1,0.875,0.3017241379310345,0.36000000000000004,0.6666666666666665,0
1733,1,0.925,0.22844827586206895,0.34666666666666673,0.2222222222222222,0
1734,1,0.9875,0.09051724137931035,0.36000000000000004,0.0,0
1735,1,0.675,0.2629310344827586,0.4133333333333334,0.0,0
1736,1,0.5750000000000001,0.19396551724137934,0.2800000000000001,0.7777777777777777,0
1737,1,0.42500000000000004,0.31896551724137934,0.2933333333333334,1.0,0
1738,1,0.6875,0.14655172413793105,0.6800000000000002,0.7777777777777777,0
1739,1,0.45000000000000007,0.1293103448275862,0.5866666666666667,0.6666666666666665,0
1740,1,0.5375000000000001,0.10775862068965518,0.5066666666666668,0.4444444444444445,0
1741,1,0.45000000000000007,0.0689655172413793,0.1866666666666667,0.1111111111111111,0
1742,1,0.8250000000000001,0.1896551724137931,0.7866666666666668,0.7777777777777777,0
1743,1,0.38750000000000007,0.3232758620689655,0.25333333333333335,0.0,0
1744,1,0.4,0.2629310344827586,0.36000000000000004,0.2222222222222222,0
1745,1,0.925,0.2327586206896552,0.46666666666666673,1.0,0
1746,1,0.375,0.33189655172413796,0.7333333333333334,0.7777777777777777,0
1747,1,0.75,0.28879310344827586,0.46666666666666673,0.1111111111111111,0
1748,1,0.8,0.1724137931034483,0.13333333333333336,0.6666666666666665,0
1749,1,0.925,0.3146551724137931,0.22666666666666668,1.0,0
1750,1,0.8,0.2456896551724138,0.4133333333333334,0.4444444444444445,0
1751,1,0.6875,0.08189655172413791,0.6666666666666667,0.1111111111111111,0
1752,1,0.6625000000000001,0.3448275862068966,0.4133333333333334,0.1111111111111111,0
1753,1,0.7375,0.21120689655172414,0.6800000000000002,0.3333333333333333,0
1754,1,0.5125000000000001,0.35344827586206895,0.16000000000000003,0.6666666666666665,0
1755,1,0.9000000000000001,0.15517241379310343,0.38666666666666666,0.6666666666666665,0
1756,1,0.45000000000000007,0.2456896551724138,0.5466666666666666,0.1111111111111111,0
1757,1,0.875,0.2931034482758621,0.7600000000000002,0.3333333333333333,0
1758,1,0.4750000000000001,0.0689655172413793,0.2933333333333334,0.0,0
1759,1,0.95,0.18103448275862072,0.5466666666666666,0.6666666666666665,0
1760,1,0.42500000000000004,0.34913793103448276,0.6800000000000002,0.4444444444444445,0
1761,1,0.7625000000000001,0.3448275862068966,0.5066666666666668,0.0,0
1762,1,0.4,0.23706896551724138,0.17333333333333334,0.5555555555555556,0
1763,1,1.0,0.07327586206896551,0.46666666666666673,0.1111111111111111,0
1764,1,0.5375000000000001,0.33620689655172414,0.52,0.8888888888888888,0
1765,1,0.48750000000000004,0.17672413793103448,0.1866666666666667,0.0,0
1766,1,0.9625000000000001,0.1293103448275862,0.5466666666666666,0.0,0
1767,1,0.75,0.07327586206896551,0.3333333333333334,0.2222222222222222,0
1768,1,0.375,0.14655172413793105,0.6666666666666667,0.0,0
1769,1,0.6125,0.10344827586206896,0.52,1.0,0
1770,1,0.5,0.08620689655172413,0.21333333333333337,0.1111111111111111,0
1771,1,0.7625000000000001,0.1724137931034483,0.1866666666666667,0.3333333333333333,0
1772,1,0.7125,0.23706896551724138,0.7600000000000002,0.6666666666666665,0
1773,1,0.625,0.11637931034482758,0.7066666666666668,1.0,0
1774,1,0.8,0.12499999999999999,0.4000000000000001,0.3333333333333333,0
1775,1,0.9750000000000001,0.07327586206896551,0.6266666666666667,0.2222222222222222,0
1776,1,0.6375000000000001,0.08620689655172413,0.22666666666666668,0.4444444444444445,0
1777,1,0.48750000000000004,0.2801724137931035,0.26666666666666666,0.5555555555555556,0
1778,1,0.8125,0.1422413793103448,0.5066666666666668,0.3333333333333333,0
1779,1,0.8375,0.07327586206896551,0.24000000000000005,0.1111111111111111,0
1780,1,1.0,0.25862068965517243,0.7866666666666668,0.2222222222222222,0
1781,1,0.38750000000000007,0.31896551724137934,0.2,0.0,0
1782,1,0.375,0.14655172413793105,0.2,1.0,0
1783,1,0.6000000000000001,0.2801724137931035,0.72,0.7777777777777777,0
1784,1,0.925,0.1206896551724138,0.3066666666666667,0.2222222222222222,0
1785,1,0.875,0.19827586206896552,0.5733333333333335,0.7777777777777777,0
1786,1,0.7000000000000001,0.18103448275862072,0.2800000000000001,1.0,0
1787,1,0.925,0.0689655172413793,0.6400000000000001,0.2222222222222222,0
1788,1,0.9375,0.3232758620689655,0.6533333333333333,0.1111111111111111,0
1789,1,0.875,0.21551724137931033,0.4266666666666667,0.6666666666666665,0
1790,1,0.375,0.18103448275862072,0.2933333333333334,0.1111111111111111,0
1791,1,0.7875000000000001,0.10344827586206896,0.6533333333333333,0.5555555555555556,0
1792,1,0.9750000000000001,0.34913793103448276,0.56,0.3333333333333333,0
1793,1,0.7375,0.16379310344827586,0.36000000000000004,0.0,0
1794,1,0.525,0.11206896551724137,0.8,0.2222222222222222,0
1795,1,0.9125000000000001,0.3103448275862069,0.5466666666666666,0.2222222222222222,0
1796,1,0.5,0.07327586206896551,0.17333333333333334,0.5555555555555556,0
1797,1,0.6000000000000001,0.16379310344827586,0.49333333333333335,0.4444444444444445,0
1798,1,0.6375000000000001,0.3017241379310345,0.16000000000000003,0.1111111111111111,0
1799,1,0.9625000000000001,0.07758620689655173,0.5866666666666667,0.2222222222222222,0
1800,1,0.5,0.06465517241379311,0.5466666666666666,0.8888888888888888,0
1801,1,0.4625,0.09051724137931035,0.3333333333333334,0.7777777777777777,0
1802,1,0.8375,0.22844827586206895,0.48000000000000004,0.3333333333333333,0
1803,1,0.9625000000000001,0.22844827586206895,0.32,0.1111111111111111,0
1804,1,0.625,0.17672413793103448,0.21333333333333337,0.3333333333333333,0
1805,1,0.9625000000000001,0.27586206896551724,0.2933333333333334,0.6666666666666665,0
1806,1,0.55,0.09051724137931035,0.5333333333333334,1.0,0
1807,1,0.7625000000000001,0.07758620689655173,0.49333333333333335,0.2222222222222222,0
1808,1,0.5375000000000001,0.3017241379310345,0.2800000000000001,0.6666666666666665,0
1809,1,0.6625000000000001,0.12499999999999999,0.52,0.3333333333333333,0
1810,1,0.875,0.2456896551724138,0.36000000000000004,0.3333333333333333,0
1811,1,0.6375000000000001,0.1206896551724138,0.16000000000000003,1.0,0
1812,1,0.4125,0.2025862068965517,0.24000000000000005,0.1111111111111111,0
1813,1,0.7375,0.3017241379310345,0.48000000000000004,0.2222222222222222,0
1814,1,0.9750000000000001,0.23706896551724138,0.32,0.4444444444444445,0
1815,1,0.8500000000000001,0.13793103448275862,0.8,1.0,0
1816,1,0.5,0.35344827586206895,0.32,0.1111111111111111,0
1817,1,0.7000000000000001,0.33620689655172414,0.5466666666666666,0.3333333333333333,0
1818,1,0.8375,0.3103448275862069,0.52,0.4444444444444445,0
1819,1,0.375,0.28448275862068967,0.7600000000000002,0.3333333333333333,0
1820,1,0.5625,0.22844827586206895,0.49333333333333335,1.0,0
1821,1,0.55,0.13362068965517243,0.6133333333333333,0.0,0
1822,1,0.7000000000000001,0.07327586206896551,0.16000000000000003,0.7777777777777777,0
1823,1,0.95,0.3275862068965517,0.16000000000000003,0.6666666666666665,0
1824,1,0.7875000000000001,0.26724137931034486,0.5333333333333334,0.1111111111111111,0
1825,1,0.7250000000000001,0.3232758620689655,0.3333333333333334,0.1111111111111111,0
1826,1,0.8125,0.05603448275862068,0.72,0.6666666666666665,0
1827,1,0.5375000000000001,0.1206896551724138,0.4266666666666667,0.4444444444444445,0
1828,1,0.5625,0.09913793103448275,0.14666666666666672,0.7777777777777777,0
1829,1,0.9000000000000001,0.21982758620689657,0.26666666666666666,0.7777777777777777,0
1830,1,0.8250000000000001,0.06465517241379311,0.52,0.7777777777777777,0
1831,1,0.9875,0.12499999999999999,0.7333333333333334,0.6666666666666665,0
1832,1,0.5125000000000001,0.2543103448275862,0.6666666666666667,0.7777777777777777,0
1833,1,0.9375,0.05172413793103449,0.6666666666666667,0.1111111111111111,0
1834,1,0.675,0.2327586206896552,0.5733333333333335,0.0,0
1835,1,0.6000000000000001,0.28448275862068967,0.7733333333333334,0.4444444444444445,0
1836,1,0.925,0.34913793103448276,0.6133333333333333,0.3333333333333333,0
1837,1,1.0,0.09482758620689656,0.6533333333333333,0.5555555555555556,0
1838,1,0.9625000000000001,0.08189655172413791,0.56,0.5555555555555556,0
1839,1,0.4125,0.11206896551724137,0.4533333333333334,0.5555555555555556,0
1840,1,0.7375,0.07327586206896551,0.44,0.5555555555555556,0
1841,1,0.5125000000000001,0.08620689655172413,0.6000000000000001,0.3333333333333333,0
1842,1,0.4750000000000001,0.2327586206896552,0.3333333333333334,0.8888888888888888,0
1843,1,0.4625,0.3146551724137931,0.7600000000000002,1.0,0
1844,1,0.925,0.16379310344827586,0.7733333333333334,0.3333333333333333,0
1845,1,0.625,0.2456896551724138,0.36000000000000004,0.8888888888888888,0
1846,1,0.9125000000000001,0.28448275862068967,0.36000000000000004,0.0,0
1847,1,0.42500000000000004,0.2543103448275862,0.4266666666666667,0.7777777777777777,0
1848,1,0.7625000000000001,0.3275862068965517,0.5733333333333335,0.1111111111111111,0
1849,1,0.75,0.3448275862068966,0.7066666666666668,0.8888888888888888,0
1850,1,0.6000000000000001,0.2974137931034483,0.6533333333333333,0.5555555555555556,0
1851,1,0.9125000000000001,0.08620689655172413,0.2933333333333334,0.7777777777777777,0
1852,1,0.4375,0.09482758620689656,0.46666666666666673,0.2222222222222222,0
1853,1,0.6000000000000001,0.09051724137931035,0.21333333333333337,0.2222222222222222,0
1854,1,0.5875,0.11206896551724137,0.72,0.2222222222222222,0
1855,1,0.7625000000000001,0.13362068965517243,0.3066666666666667,0.8888888888888888,0
1856,1,0.875,0.06034482758620689,0.37333333333333335,0.6666666666666665,0
1857,1,0.9125000000000001,0.34913793103448276,0.24000000000000005,0.7777777777777777,0
1858,1,0.65,0.2801724137931035,0.5066666666666668,0.0,0
1859,1,0.6000000000000001,0.15517241379310343,0.1866666666666667,0.0,0
1860,1,0.55,0.33620689655172414,0.6800000000000002,0.5555555555555556,0
1861,1,0.7000000000000001,0.23706896551724138,0.6800000000000002,0.5555555555555556,0
1862,1,0.7625000000000001,0.34051724137931033,0.6000000000000001,0.7777777777777777,0
1863,1,0.7375,0.21551724137931033,0.6133333333333333,0.2222222222222222,0
1864,1,1.0,0.21982758620689657,0.26666666666666666,0.4444444444444445,0
1865,1,0.55,0.3146551724137931,0.44,0.4444444444444445,0
1866,1,0.9875,0.07758620689655173,0.25333333333333335,0.5555555555555556,0
1867,1,0.6000000000000001,0.3017241379310345,0.26666666666666666,1.0,0
1868,1,0.5,0.3448275862068966,0.37333333333333335,0.2222222222222222,0
1869,1,0.5125000000000001,0.13362068965517243,0.26666666666666666,0.3333333333333333,0
1870,1,0.4625,0.07327586206896551,0.4000000000000001,1.0,0
1871,1,0.4750000000000001,0.2931034482758621,0.34666666666666673,0.5555555555555556,0
1872,1,0.5125000000000001,0.16379310344827586,0.6000000000000001,0.0,0
1873,1,0.9000000000000001,0.22413793103448276,0.4266666666666667,0.2222222222222222,0
1874,1,0.6625000000000001,0.2974137931034483,0.5866666666666667,0.2222222222222222,0
1875,1,0.8,0.21551724137931033,0.22666666666666668,0.0,0
1876,1,0.6875,0.3232758620689655,0.7866666666666668,0.2222222222222222,0
1877,1,0.7375,0.22413793103448276,0.25333333333333335,0.0,0
1878,1,0.9625000000000001,0.34913793103448276,0.56,0.5555555555555556,0
1879,1,0.8875,0.21120689655172414,0.5333333333333334,0.4444444444444445,0
1880,1,0.9750000000000001,0.1293103448275862,0.6133333333333333,0.7777777777777777,0
1881,1,0.6375000000000001,0.11206896551724137,0.7466666666666668,0.7777777777777777,0
1882,1,0.4,0.12499999999999999,0.7066666666666668,0.8888888888888888,0
1883,1,0.4625,0.21982758620689657,0.14666666666666672,0.6666666666666665,0
1884,1,0.8625,0.1724137931034483,0.5066666666666668,0.5555555555555556,0
1885,1,0.4375,0.22844827586206895,0.17333333333333334,1.0,0
1886,1,0.8875,0.15517241379310343,0.6266666666666667,0.8888888888888888,0
1887,1,0.55,0.2025862068965517,0.2933333333333334,0.0,0
1888,1,0.4375,0.3448275862068966,0.5066666666666668,0.1111111111111111,0
1889,1,0.775,0.26724137931034486,0.2933333333333334,0.7777777777777777,0
1890,1,0.625,0.33189655172413796,0.17333333333333334,0.5555555555555556,0
1891,1,0.6875,0.1293103448275862,0.7333333333333334,0.6666666666666665,0
1892,1,0.6625000000000001,0.2629310344827586,0.44,0.0,0
1893,1,0.6000000000000001,0.24137931034482757,0.4266666666666667,0.4444444444444445,0
1894,1,0.7250000000000001,0.09913793103448275,0.3066666666666667,0.7777777777777777,0
1895,1,0.9625000000000001,0.2801724137931035,0.5066666666666668,0.4444444444444445,0
1896,1,0.5,0.28448275862068967,0.7466666666666668,0.6666666666666665,0
1897,1,0.4750000000000001,0.09913793103448275,0.25333333333333335,0.3333333333333333,0
1898,1,0.6125,0.3103448275862069,0.5733333333333335,0.5555555555555556,0
1899,1,0.42500000000000004,0.25862068965517243,0.2,0.0,0
1900,1,0.7000000000000001,0.19827586206896552,0.48000000000000004,0.2222222222222222,0
1901,1,0.8125,0.3060344827586207,0.7333333333333334,1.0,0
1902,1,0.9750000000000001,0.12499999999999999,0.2933333333333334,0.2222222222222222,0
1903,1,0.675,0.21120689655172414,0.6000000000000001,0.7777777777777777,0
1904,1,0.4,0.21551724137931033,0.6266666666666667,0.4444444444444445,0
1905,1,0.7625000000000001,0.3060344827586207,0.32,0.0,0
1906,1,1.0,0.05172413793103449,0.25333333333333335,0.4444444444444445,0
1907,1,0.6125,0.3103448275862069,0.22666666666666668,0.4444444444444445,0
1908,1,0.7000000000000001,0.14655172413793105,0.5466666666666666,0.3333333333333333,0
1909,1,0.38750000000000007,0.11637931034482758,0.7733333333333334,0.4444444444444445,0
1910,1,0.7625000000000001,0.08620689655172413,0.6400000000000001,0.5555555555555556,0
1911,1,0.8375,0.3146551724137931,0.6133333333333333,0.6666666666666665,0
1912,1,0.5750000000000001,0.3103448275862069,0.72,0.1111111111111111,0
1913,1,0.6625000000000001,0.33189655172413796,0.7466666666666668,1.0,0
1914,1,0.38750000000000007,0.19396551724137934,0.26666666666666666,1.0,0
1915,1,0.4125,0.1293103448275862,0.4000000000000001,0.7777777777777777,0
1916,1,0.925,0.12499999999999999,0.4266666666666667,0.2222222222222222,0
1917,1,0.4125,0.19827586206896552,0.44,0.6666666666666665,0
1918,1,0.875,0.2456896551724138,0.17333333333333334,0.4444444444444445,0
1919,1,0.6000000000000001,0.34051724137931033,0.6666666666666667,0.1111111111111111,0
1920,1,0.775,0.15517241379310343,0.7866666666666668,0.2222222222222222,0
1921,1,0.9750000000000001,0.10344827586206896,0.6400000000000001,0.2222222222222222,0
1922,1,0.8,0.22844827586206895,0.4000000000000001,0.4444444444444445,0
1923,1,0.5875,0.25,0.21333333333333337,0.8888888888888888,0
1924,1,0.8375,0.2456896551724138,0.25333333333333335,0.0,0
1925,1,0.4750000000000001,0.33620689655172414,0.37333333333333335,0.5555555555555556,0
1926,1,0.9875,0.31896551724137934,0.48000000000000004,0.5555555555555556,0
1927,1,0.5,0.10775862068965518,0.3066666666666667,0.2222222222222222,0
1928,1,0.775,0.1724137931034483,0.2933333333333334,0.8888888888888888,0
1929,1,0.8625,0.34051724137931033,0.5866666666666667,0.8888888888888888,0
1930,1,0.925,0.11206896551724137,0.48000000000000004,0.7777777777777777,0
1931,1,0.42500000000000004,0.11206896551724137,0.24000000000000005,0.0,0
1932,1,0.75,0.24137931034482757,0.38666666666666666,0.5555555555555556,0
1933,1,0.4750000000000001,0.2931034482758621,0.6400000000000001,0.8888888888888888,0
1934,1,0.9750000000000001,0.23706896551724138,0.2800000000000001,0.4444444444444445,0
1935,1,0.38750000000000007,0.11637931034482758,0.32,0.2222222222222222,0
1936,1,0.925,0.1293103448275862,0.72,0.3333333333333333,0
1937,1,0.6125,0.1206896551724138,0.3066666666666667,0.2222222222222222,0
1938,1,0.4375,0.28448275862068967,0.72,0.1111111111111111,0
1939,1,0.42500000000000004,0.06034482758620689,0.7866666666666668,0.7777777777777777,0
1940,1,0.9750000000000001,0.28879310344827586,0.16000000000000003,0.3333333333333333,0
1941,1,0.45000000000000007,0.0689655172413793,0.8,0.8888888888888888,0
1942,1,0.8375,0.08189655172413791,0.5333333333333334,0.1111111111111111,0
1943,1,0.5750000000000001,0.07327586206896551,0.1866666666666667,0.4444444444444445,0
1944,1,0.9000000000000001,0.05603448275862068,0.7733333333333334,0.1111111111111111,0
1945,1,1.0,0.11637931034482758,0.6400000000000001,0.3333333333333333,0
1946,1,0.8375,0.15948275862068967,0.2800000000000001,0.5555555555555556,0
1947,1,0.38750000000000007,0.09913793103448275,0.25333333333333335,0.4444444444444445,0
1948,1,0.8375,0.24137931034482757,0.4266666666666667,0.2222222222222222,0
1949,1,0.775,0.18103448275862072,0.56,1.0,0
1950,1,0.42500000000000004,0.10344827586206896,0.6266666666666667,0.0,0
1951,1,0.7875000000000001,0.16810344827586204,0.7333333333333334,0.3333333333333333,0
1952,1,0.6000000000000001,0.1422413793103448,0.7733333333333334,0.8888888888888888,0
1953,1,0.375,0.10344827586206896,0.3066666666666667,0.8888888888888888,0
1954,1,0.9375,0.3103448275862069,0.44,1.0,0
1955,1,0.5125000000000001,0.2931034482758621,0.7066666666666668,0.1111111111111111,0
1956,1,0.5125000000000001,0.2456896551724138,0.4533333333333334,0.6666666666666665,0
1957,1,0.5375000000000001,0.33189655172413796,0.32,0.6666666666666665,0
1958,1,0.4625,0.22413793103448276,0.22666666666666668,0.7777777777777777,0
1959,1,0.4625,0.33620689655172414,0.24000000000000005,0.7777777777777777,0
1960,1,0.9750000000000001,0.25,0.7333333333333334,0.4444444444444445,0
1961,1,0.8125,0.07327586206896551,0.2,0.5555555555555556,0
1962,1,0.7625000000000001,0.11206896551724137,0.4533333333333334,0.4444444444444445,0
1963,1,0.7375,0.21982758620689657,0.7066666666666668,0.7777777777777777,0
1964,1,0.55,0.35344827586206895,0.48000000000000004,0.4444444444444445,0
1965,1,0.7125,0.15517241379310343,0.1866666666666667,0.7777777777777777,0
1966,1,0.9125000000000001,0.2543103448275862,0.2800000000000001,0.0,0
1967,1,0.9125000000000001,0.31896551724137934,0.7066666666666668,0.1111111111111111,0
1968,1,0.6875,0.2931034482758621,0.5733333333333335,0.1111111111111111,0
1969,1,0.4625,0.1293103448275862,0.46666666666666673,0.6666666666666665,0
1970,1,0.925,0.10775862068965518,0.7600000000000002,0.2222222222222222,0
1971,1,0.42500000000000004,0.25,0.2933333333333334,0.5555555555555556,0
1972,1,0.525,0.27155172413793105,0.22666666666666668,0.3333333333333333,0
1973,1,0.7125,0.3232758620689655,0.36000000000000004,1.0,0
1974,1,0.8375,0.19827586206896552,0.7733333333333334,0.6666666666666665,0
1975,1,0.65,0.3103448275862069,0.6933333333333334,1.0,0
1976,1,0.6875,0.31896551724137934,0.56,0.4444444444444445,0
1977,1,0.48750000000000004,0.3017241379310345,0.21333333333333337,0.1111111111111111,0
1978,1,0.5750000000000001,0.31896551724137934,0.5466666666666666,0.3333333333333333,0
1979,1,0.875,0.12499999999999999,0.14666666666666672,0.1111111111111111,0
1980,1,0.9625000000000001,0.07758620689655173,0.1866666666666667,0.7777777777777777,0
1981,1,0.9125000000000001,0.06465517241379311,0.2800000000000001,0.6666666666666665,0
1982,1,0.8500000000000001,0.22844827586206895,0.25333333333333335,0.4444444444444445,0
1983,1,0.8625,0.10344827586206896,0.7733333333333334,0.1111111111111111,0
1984,1,0.9000000000000001,0.33620689655172414,0.7866666666666668,0.7777777777777777,0
1985,1,1.0,0.3060344827586207,0.2933333333333334,0.4444444444444445,0
1986,1,0.9000000000000001,0.3232758620689655,0.5466666666666666,0.8888888888888888,0
1987,1,0.5750000000000001,0.34913793103448276,0.4133333333333334,0.8888888888888888,0
1988,1,0.8,0.06034482758620689,0.7733333333333334,0.0,0
1989,1,0.7125,0.11637931034482758,0.4533333333333334,0.7777777777777777,0
1990,1,0.625,0.25862068965517243,0.5066666666666668,0.7777777777777777,0
1991,1,0.4,0.0689655172413793,0.2800000000000001,0.8888888888888888,0
1992,1,0.9000000000000001,0.21551724137931033,0.7333333333333334,0.2222222222222222,0
1993,1,0.7625000000000001,0.28879310344827586,0.24000000000000005,0.4444444444444445,0
1994,1,0.9375,0.2629310344827586,0.5466666666666666,0.1111111111111111,0
1995,1,0.8250000000000001,0.31896551724137934,0.6933333333333334,0.8888888888888888,0
1996,1,0.9125000000000001,0.34913793103448276,0.6133333333333333,0.7777777777777777,0
1997,1,0.75,0.13793103448275862,0.56,0.0,0
1998,1,0.6875,0.19396551724137934,0.5466666666666666,1.0,0
1999,1,0.675,0.2456896551724138,0.7866666666666668,0.4444444444444445,0
2000,1,0.625,0.08189655172413791,0.14666666666666672,1.0,0
2001,0,0.012500000000000011,0.5775862068965517,0.8400000000000001,0.5555555555555556,1
2002,0,0.3125,0.4655172413793104,0.8133333333333335,0.6666666666666665,1
2003,0,0.037500000000000006,0.9094827586206896,0.8266666666666669,0.5555555555555556,1
2004,0,0.16250000000000003,0.8232758620689655,0.5733333333333335,0.3333333333333333,1
2005,0,0.08750000000000002,0.6982758620689655,0.7866666666666668,1.0,1
2006,0,0.025000000000000022,0.5086206896551724,0.7866666666666668,0.1111111111111111,1
2007,0,0.125,0.625,0.5466666666666666,0.8888888888888888,1
2008,0,0.125,0.47844827586206895,0.9200000000000002,0.6666666666666665,1
2009,0,0.22500000000000003,0.9008620689655172,0.7600000000000002,0.0,1
2010,0,0.275,0.956896551724138,0.5466666666666666,0.5555555555555556,1
2011,0,0.15000000000000002,0.8663793103448276,0.8,1.0,1
2012,0,0.037500000000000006,0.9784482758620691,0.6133333333333333,0.3333333333333333,1
2013,0,0.125,0.9870689655172414,0.9600000000000002,0.5555555555555556,1
2014,0,0.0625,0.7672413793103449,0.8400000000000001,0.6666666666666665,1
2015,0,0.07500000000000001,0.9870689655172414,0.5866666666666667,0.8888888888888888,1
2016,0,0.07500000000000001,0.7543103448275862,0.7466666666666668,0.0,1
2017,0,0.11250000000000002,0.8793103448275862,0.72,1.0,1
2018,0,0.28750000000000003,0.5387931034482759,0.6133333333333333,1.0,1
2019,0,0.125,0.7370689655172413,0.5866666666666667,1.0,1
2020,0,0.3125,0.9612068965517241,0.8933333333333335,0.3333333333333333,1
2021,0,0.1375,0.521551724137931,0.7866666666666668,0.8888888888888888,1
2022,0,0.3125,0.7672413793103449,0.8933333333333335,0.8888888888888888,1
2023,0,0.125,0.6594827586206896,0.8800000000000001,0.6666666666666665,1
2024,0,0.1,0.939655172413793,1.0000000000000002,0.2222222222222222,1
2025,0,0.35000000000000003,0.4568965517241379,0.9733333333333334,0.2222222222222222,1
2026,0,0.22500000000000003,0.9870689655172414,0.7066666666666668,0.7777777777777777,1
2027,0,0.1,0.9181034482758621,0.5733333333333335,0.8888888888888888,1
2028,0,0.07500000000000001,0.8405172413793104,0.9200000000000002,0.2222222222222222,1
2029,0,0.08750000000000002,0.603448275862069,0.7866666666666668,0.6666666666666665,1
2030,0,0.16250000000000003,0.7887931034482759,0.5866666666666667,0.3333333333333333,1
2031,0,0.3375,0.8922413793103449,0.7600000000000002,0.4444444444444445,1
2032,0,0.25,0.6163793103448276,0.7466666666666668,1.0,1
2033,0,0.08750000000000002,0.8836206896551724,0.7333333333333334,0.1111111111111111,1
2034,0,0.05000000000000002,0.6508620689655172,0.5466666666666666,0.3333333333333333,1
2035,0,0.3125,0.7801724137931034,0.9200000000000002,0.7777777777777777,1
2036,0,0.21250000000000002,0.9181034482758621,0.8933333333333335,0.0,1
2037,0,0.07500000000000001,0.6120689655172414,0.7600000000000002,0.2222222222222222,1
2038,0,0.0,0.7241379310344828,0.7600000000000002,0.8888888888888888,1
2039,0,0.0625,0.48275862068965514,0.9466666666666668,0.0,1
2040,0,0.012500000000000011,0.5301724137931034,0.8,1.0,1
2041,0,0.11250000000000002,0.5086206896551724,0.8800000000000001,0.5555555555555556,1
2042,0,0.2625,0.5387931034482759,0.8666666666666667,0.2222222222222222,1
2043,0,0.08750000000000002,0.5603448275862069,0.9600000000000002,0.1111111111111111,1
2044,0,0.2,0.7155172413793104,0.9466666666666668,0.1111111111111111,1
2045,0,0.08750000000000002,0.5732758620689655,0.8,0.5555555555555556,1
2046,0,0.325,0.8663793103448276,0.7333333333333334,0.6666666666666665,1
2047,0,0.07500000000000001,0.5948275862068966,0.6133333333333333,0.2222222222222222,1
2048,0,0.07500000000000001,0.7413793103448276,0.9066666666666667,0.6666666666666665,1
2049,0,0.1,0.5,0.9466666666666668,0.8888888888888888,1
2050,0,0.1375,0.5603448275862069,0.8,0.8888888888888888,1
2051,0,0.16250000000000003,0.9612068965517241,0.7333333333333334,0.4444444444444445,1
2052,0,0.35000000000000003,0.5991379310344828,0.8400000000000001,0.7777777777777777,1
2053,0,0.275,0.8448275862068966,0.7866666666666668,0.0,1
2054,0,0.25,0.47413793103448276,0.5733333333333335,0.3333333333333333,1
2055,0,0.1,0.8620689655172413,0.7866666666666668,0.5555555555555556,1
2056,0,0.35000000000000003,0.5732758620689655,0.9866666666666668,0.3333333333333333,1
2057,0,0.3375,0.9267241379310346,0.8533333333333335,0.0,1
2058,0,0.36250000000000004,0.8706896551724138,0.7466666666666668,0.4444444444444445,1
2059,0,0.025000000000000022,0.6982758620689655,0.7866666666666668,0.3333333333333333,1
2060,0,0.3375,0.6163793103448276,0.9066666666666667,0.5555555555555556,1
2061,0,0.35000000000000003,0.8879310344827586,0.56,0.4444444444444445,1
2062,0,0.3375,0.5258620689655172,0.9466666666666668,0.7777777777777777,1
2063,0,0.28750000000000003,0.8922413793103449,0.8133333333333335,0.6666666666666665,1
2064,0,0.35000000000000003,0.5474137931034483,0.6666666666666667,0.4444444444444445,1
2065,0,0.2,0.5086206896551724,0.8266666666666669,0.6666666666666665,1
2066,0,0.23750000000000004,0.7974137931034483,0.9200000000000002,0.0,1
2067,0,0.30000000000000004,0.4956896551724138,0.6800000000000002,0.7777777777777777,1
2068,0,0.3125,0.5862068965517241,0.5333333333333334,0.6666666666666665,1
2069,0,0.07500000000000001,0.7758620689655172,0.8,1.0,1
2070,0,0.025000000000000022,0.5603448275862069,0.6666666666666667,0.3333333333333333,1
2071,0,0.2,0.5818965517241379,0.8800000000000001,0.5555555555555556,1
2072,0,0.17500000000000004,0.9655172413793104,0.6400000000000001,0.4444444444444445,1
2073,0,0.0625,0.7974137931034483,0.7733333333333334,0.3333333333333333,1
2074,0,0.025000000000000022,0.896551724137931,0.8400000000000001,0.2222222222222222,1
2075,0,0.15000000000000002,0.853448275862069,0.72,0.0,1
2076,0,0.375,0.4612068965517241,1.0000000000000002,1.0,1
2077,0,0.25,0.6896551724137931,0.6000000000000001,0.7777777777777777,1
2078,0,0.07500000000000001,0.728448275862069,0.6666666666666667,0.0,1
2079,0,0.15000000000000002,0.9094827586206896,0.7466666666666668,0.2222222222222222,1
2080,0,0.025000000000000022,0.8448275862068966,0.6666666666666667,1.0,1
2081,0,0.037500000000000006,0.4525862068965517,0.9733333333333334,0.6666666666666665,1
2082,0,0.30000000000000004,0.939655172413793,0.9466666666666668,0.1111111111111111,1
2083,0,0.08750000000000002,0.6637931034482759,0.6933333333333334,0.4444444444444445,1
2084,0,0.11250000000000002,0.9827586206896551,0.8533333333333335,0.2222222222222222,1
2085,0,0.16250000000000003,0.6637931034482759,0.7066666666666668,0.4444444444444445,1
2086,0,0.28750000000000003,0.646551724137931,0.8800000000000001,0.2222222222222222,1
2087,0,0.16250000000000003,0.5991379310344828,0.5466666666666666,0.4444444444444445,1
2088,0,0.1,0.6982758620689655,0.9066666666666667,0.3333333333333333,1
2089,0,0.1375,0.9439655172413793,0.6000000000000001,0.0,1
2090,0,0.1875,0.5862068965517241,0.8,0.6666666666666665,1
2091,0,0.2625,0.6724137931034483,0.8533333333333335,0.6666666666666665,1
2092,0,0.28750000000000003,0.7198275862068966,0.5866666666666667,0.1111111111111111,1
2093,0,0.21250000000000002,0.5043103448275862,0.5733333333333335,0.5555555555555556,1
2094,0,0.36250000000000004,0.6982758620689655,0.9333333333333336,0.5555555555555556,1
2095,0,0.23750000000000004,0.48706896551724144,0.5333333333333334,0.4444444444444445,1
2096,0,0.2,0.8577586206896551,0.7866666666666668,0.6666666666666665,1
2097,0,0.2625,0.8448275862068966,0.6400000000000001,0.8888888888888888,1
2098,0,0.012500000000000011,0.6336206896551724,0.7466666666666668,0.2222222222222222,1
2099,0,0.2,0.9827586206896551,0.8133333333333335,0.7777777777777777,1
2100,0,0.05000000000000002,0.5344827586206896,0.8,0.8888888888888888,1
2101,0,0.16250000000000003,0.5948275862068966,0.7466666666666668,0.1111111111111111,1
2102,0,0.125,0.48706896551724144,0.6400000000000001,0.7777777777777777,1
2103,0,0.3375,0.7456896551724138,0.8400000000000001,0.6666666666666665,1
2104,0,0.11250000000000002,0.728448275862069,0.7466666666666668,0.8888888888888888,1
2105,0,0.125,0.9181034482758621,0.6666666666666667,0.5555555555555556,1
2106,0,0.28750000000000003,0.9784482758620691,0.6533333333333333,0.8888888888888888,1
2107,0,0.3375,0.9224137931034483,0.5733333333333335,0.3333333333333333,1
2108,0,0.05000000000000002,0.4956896551724138,0.72,0.2222222222222222,1
2109,0,0.012500000000000011,0.956896551724138,0.7466666666666668,0.2222222222222222,1
2110,0,0.275,0.9525862068965517,0.8933333333333335,0.1111111111111111,1
2111,0,0.35000000000000003,0.9827586206896551,0.56,0.7777777777777777,1
2112,0,0.1375,0.9741379310344828,0.9200000000000002,0.7777777777777777,1
2113,0,0.037500000000000006,0.5991379310344828,0.6266666666666667,0.5555555555555556,1
2114,0,0.025000000000000022,0.6637931034482759,0.7733333333333334,0.2222222222222222,1
2115,0,0.325,0.625,0.9600000000000002,0.4444444444444445,1
2116,0,0.22500000000000003,0.6724137931034483,0.5333333333333334,0.8888888888888888,1
2117,0,0.30000000000000004,0.6379310344827587,0.8800000000000001,0.1111111111111111,1
2118,0,0.08750000000000002,0.9870689655172414,0.6133333333333333,0.5555555555555556,1
2119,0,0.0,0.75,0.6266666666666667,0.6666666666666665,1
2120,0,0.1375,0.5560344827586207,0.8,0.2222222222222222,1
2121,0,0.0,0.5258620689655172,0.9200000000000002,0.7777777777777777,1
2122,0,0.17500000000000004,0.7327586206896551,0.5333333333333334,0.5555555555555556,1
2123,0,0.012500000000000011,0.935344827586207,0.8,1.0,1
2124,0,0.05000000000000002,0.6724137931034483,0.5733333333333335,0.4444444444444445,1
2125,0,0.125,0.5,0.5866666666666667,0.8888888888888888,1
2126,0,0.375,0.8577586206896551,0.6000000000000001,0.6666666666666665,1
2127,0,0.1,0.6336206896551724,0.7333333333333334,0.6666666666666665,1
2128,0,0.025000000000000022,0.4612068965517241,0.7066666666666668,0.2222222222222222,1
2129,0,0.15000000000000002,0.8836206896551724,0.7733333333333334,0.2222222222222222,1
2130,0,0.037500000000000006,0.7672413793103449,0.9466666666666668,0.6666666666666665,1
2131,0,0.28750000000000003,0.7801724137931034,0.6400000000000001,0.5555555555555556,1
2132,0,0.2625,0.5431034482758621,0.8400000000000001,0.8888888888888888,1
2133,0,0.07500000000000001,0.9784482758620691,0.9066666666666667,0.6666666666666665,1
2134,0,0.1875,0.7327586206896551,0.8933333333333335,0.1111111111111111,1
2135,0,0.30000000000000004,0.9051724137931034,0.8400000000000001,1.0,1
2136,0,0.0625,0.9181034482758621,0.8933333333333335,0.1111111111111111,1
2137,0,0.012500000000000011,0.8146551724137931,0.9200000000000002,0.3333333333333333,1
2138,0,0.25,0.6077586206896551,0.9466666666666668,0.8888888888888888,1
2139,0,0.25,0.5301724137931034,0.7733333333333334,0.7777777777777777,1
2140,0,0.16250000000000003,0.5258620689655172,0.9333333333333336,0.4444444444444445,1
2141,0,0.05000000000000002,0.5775862068965517,0.7866666666666668,0.3333333333333333,1
2142,0,0.2,0.9094827586206896,0.7733333333333334,1.0,1
2143,0,0.012500000000000011,0.521551724137931,0.56,0.8888888888888888,1
2144,0,0.037500000000000006,0.9999999999999999,0.8933333333333335,0.6666666666666665,1
2145,0,0.037500000000000006,0.9482758620689654,0.7466666666666668,0.5555555555555556,1
2146,0,0.1,0.5258620689655172,0.9600000000000002,0.0,1
2147,0,0.037500000000000006,0.9482758620689654,0.6800000000000002,0.2222222222222222,1
2148,0,0.325,0.8706896551724138,0.56,0.1111111111111111,1
2149,0,0.16250000000000003,0.7672413793103449,0.8,1.0,1
2150,0,0.28750000000000003,0.939655172413793,0.9066666666666667,1.0,1
2151,0,0.3125,0.728448275862069,0.8133333333333335,0.2222222222222222,1
2152,0,0.07500000000000001,0.6422413793103449,0.6000000000000001,1.0,1
2153,0,0.1,0.5560344827586207,0.8933333333333335,0.8888888888888888,1
2154,0,0.0,0.44396551724137934,0.8666666666666667,0.1111111111111111,1
2155,0,0.0,0.625,0.9333333333333336,0.7777777777777777,1
2156,0,0.275,0.8836206896551724,0.9466666666666668,0.4444444444444445,1
2157,0,0.23750000000000004,0.8362068965517241,0.8666666666666667,0.4444444444444445,1
2158,0,0.025000000000000022,0.5775862068965517,0.6400000000000001,0.0,1
2159,0,0.07500000000000001,0.5603448275862069,0.5466666666666666,0.3333333333333333,1
2160,0,0.3375,0.4655172413793104,0.7066666666666668,0.7777777777777777,1
2161,0,0.25,0.5991379310344828,0.7333333333333334,0.6666666666666665,1
2162,0,0.325,0.646551724137931,0.6000000000000001,0.4444444444444445,1
2163,0,0.30000000000000004,0.9482758620689654,0.6533333333333333,0.7777777777777777,1
2164,0,0.16250000000000003,0.4612068965517241,0.6266666666666667,0.2222222222222222,1
2165,0,0.35000000000000003,0.6077586206896551,0.9066666666666667,0.7777777777777777,1
2166,0,0.1875,0.4612068965517241,0.9066666666666667,1.0,1
2167,0,0.08750000000000002,0.6594827586206896,0.7733333333333334,1.0,1
2168,0,0.325,0.8706896551724138,0.5733333333333335,0.5555555555555556,1
2169,0,0.0,0.5517241379310345,0.8933333333333335,0.6666666666666665,1
2170,0,0.3375,0.9827586206896551,1.0000000000000002,0.4444444444444445,1
2171,0,0.012500000000000011,0.9741379310344828,0.8666666666666667,0.7777777777777777,1
2172,0,0.2,0.9741379310344828,0.72,0.0,1
2173,0,0.2,0.4568965517241379,0.8933333333333335,1.0,1
2174,0,0.125,0.5086206896551724,0.7600000000000002,0.6666666666666665,1
2175,0,0.35000000000000003,0.9612068965517241,0.6266666666666667,0.7777777777777777,1
2176,0,0.23750000000000004,0.8189655172413793,0.9066666666666667,0.6666666666666665,1
2177,0,0.0,0.6163793103448276,0.7733333333333334,0.3333333333333333,1
2178,0,0.1875,0.8189655172413793,0.9066666666666667,0.3333333333333333,1
2179,0,0.2,0.6810344827586207,0.8133333333333335,1.0,1
2180,0,0.3375,0.9525862068965517,0.6400000000000001,0.4444444444444445,1
2181,0,0.28750000000000003,0.8663793103448276,0.8800000000000001,0.5555555555555556,1
2182,0,0.3125,0.956896551724138,0.6666666666666667,1.0,1
2183,0,0.07500000000000001,0.75,0.6000000000000001,0.7777777777777777,1
2184,0,0.05000000000000002,0.6293103448275862,0.6933333333333334,0.2222222222222222,1
2185,0,0.23750000000000004,0.9784482758620691,0.6133333333333333,0.6666666666666665,1
2186,0,0.375,0.9827586206896551,0.7866666666666668,0.3333333333333333,1
2187,0,0.07500000000000001,0.4913793103448276,0.5466666666666666,0.5555555555555556,1
2188,0,0.35000000000000003,0.7241379310344828,0.8266666666666669,0.2222222222222222,1
2189,0,0.0625,0.9913793103448275,0.56,0.1111111111111111,1
2190,0,0.125,0.9137931034482759,0.6266666666666667,1.0,1
2191,0,0.08750000000000002,0.5689655172413793,1.0000000000000002,0.3333333333333333,1
2192,0,0.1875,0.7241379310344828,0.8133333333333335,0.5555555555555556,1
2193,0,0.30000000000000004,0.48706896551724144,1.0000000000000002,0.4444444444444445,1
2194,0,0.35000000000000003,0.603448275862069,0.9600000000000002,1.0,1
2195,0,0.2625,0.5517241379310345,0.5733333333333335,0.7777777777777777,1
2196,0,0.3125,0.9439655172413793,0.6266666666666667,0.1111111111111111,1
2197,0,0.3125,0.5517241379310345,1.0000000000000002,0.0,1
2198,0,0.2,0.5517241379310345,0.6666666666666667,0.1111111111111111,1
2199,0,0.3375,0.6637931034482759,0.8400000000000001,0.2222222222222222,1
2200,0,0.28750000000000003,0.7586206896551724,0.9066666666666667,0.8888888888888888,1
2201,0,0.1875,0.5474137931034483,0.6533333333333333,0.5555555555555556,1
2202,0,0.125,0.5905172413793104,0.6266666666666667,0.3333333333333333,1
2203,0,0.17500000000000004,0.896551724137931,0.5333333333333334,0.3333333333333333,1
2204,0,0.325,0.9612068965517241,0.8133333333333335,0.4444444444444445,1
2205,0,0.2,0.625,0.6000000000000001,0.4444444444444445,1
2206,0,0.1375,0.896551724137931,0.8400000000000001,0.3333333333333333,1
2207,0,0.05000000000000002,0.9008620689655172,0.72,0.2222222222222222,1
2208,0,0.3125,0.9094827586206896,0.8800000000000001,0.6666666666666665,1
2209,0,0.35000000000000003,0.9439655172413793,0.9733333333333334,0.5555555555555556,1
2210,0,0.375,0.4698275862068966,0.9066666666666667,0.2222222222222222,1
2211,0,0.30000000000000004,0.4482758620689655,0.9733333333333334,0.1111111111111111,1
2212,0,0.025000000000000022,0.8103448275862069,0.8,0.6666666666666665,1
2213,0,0.30000000000000004,0.6206896551724138,0.8933333333333335,0.0,1
2214,0,0.15000000000000002,0.47844827586206895,0.6533333333333333,1.0,1
2215,0,0.012500000000000011,0.7629310344827587,0.8800000000000001,0.6666666666666665,1
2216,0,0.35000000000000003,0.771551724137931,0.8,0.5555555555555556,1
2217,0,0.0,0.7456896551724138,0.9733333333333334,1.0,1
2218,0,0.36250000000000004,0.5991379310344828,0.8666666666666667,0.7777777777777777,1
2219,0,0.25,0.6637931034482759,0.9866666666666668,1.0,1
2220,0,0.3125,0.9267241379310346,0.8266666666666669,0.6666666666666665,1
2221,0,0.30000000000000004,0.6551724137931034,0.7866666666666668,0.1111111111111111,1
2222,0,0.012500000000000011,0.8060344827586207,0.8533333333333335,0.2222222222222222,1
2223,0,0.2,0.75,0.7066666666666668,0.1111111111111111,1
2224,0,0.2,0.7801724137931034,0.9733333333333334,0.5555555555555556,1
2225,0,0.30000000000000004,0.6120689655172414,0.5466666666666666,0.0,1
2226,0,0.35000000000000003,0.7241379310344828,0.7333333333333334,0.4444444444444445,1
2227,0,0.28750000000000003,0.9051724137931034,0.9600000000000002,0.1111111111111111,1
2228,0,0.28750000000000003,0.5043103448275862,0.8400000000000001,0.4444444444444445,1
2229,0,0.25,0.9956896551724138,0.8266666666666669,0.1111111111111111,1
2230,0,0.012500000000000011,0.5732758620689655,0.9066666666666667,0.4444444444444445,1
2231,0,0.22500000000000003,0.44396551724137934,0.9200000000000002,0.5555555555555556,1
2232,0,0.08750000000000002,0.6939655172413793,0.8266666666666669,0.4444444444444445,1
2233,0,0.11250000000000002,0.5905172413793104,0.8533333333333335,0.8888888888888888,1
2234,0,0.28750000000000003,0.7112068965517241,0.6133333333333333,0.5555555555555556,1
2235,0,0.2,0.6508620689655172,0.8400000000000001,0.7777777777777777,1
2236,0,0.037500000000000006,0.5991379310344828,0.8933333333333335,0.6666666666666665,1
2237,0,0.025000000000000022,0.5387931034482759,0.5733333333333335,0.6666666666666665,1
2238,0,0.35000000000000003,0.5818965517241379,0.9333333333333336,0.3333333333333333,1
2239,0,0.17500000000000004,0.521551724137931,0.8400000000000001,0.8888888888888888,1
2240,0,0.15000000000000002,0.875,0.7466666666666668,1.0,1
2241,0,0.1875,0.9051724137931034,0.9066666666666667,0.7777777777777777,1
2242,0,0.28750000000000003,0.896551724137931,0.6666666666666667,0.2222222222222222,1
2243,0,0.2,0.5775862068965517,0.9466666666666668,0.7777777777777777,1
2244,0,0.05000000000000002,0.5689655172413793,0.7066666666666668,0.7777777777777777,1
2245,0,0.1875,0.47413793103448276,0.6666666666666667,0.8888888888888888,1
2246,0,0.1375,0.5689655172413793,0.8800000000000001,0.1111111111111111,1
2247,0,0.037500000000000006,0.8448275862068966,0.7733333333333334,0.0,1
2248,0,0.2,0.6077586206896551,0.6266666666666667,0.5555555555555556,1
2249,0,0.11250000000000002,0.8491379310344828,0.7866666666666668,0.4444444444444445,1
2250,0,0.1875,0.4698275862068966,0.6533333333333333,0.2222222222222222,1
2251,0,0.3125,0.9008620689655172,0.5733333333333335,0.4444444444444445,1
2252,0,0.35000000000000003,0.75,0.7066666666666668,0.2222222222222222,1
2253,0,0.325,0.9784482758620691,0.5333333333333334,0.1111111111111111,1
2254,0,0.21250000000000002,0.8232758620689655,0.5866666666666667,0.0,1
2255,0,0.16250000000000003,0.9698275862068965,0.7866666666666668,1.0,1
2256,0,0.17500000000000004,0.8103448275862069,0.8533333333333335,0.7777777777777777,1
2257,0,0.325,0.5818965517241379,0.6400000000000001,0.8888888888888888,1
2258,0,0.25,0.9439655172413793,0.9066666666666667,0.7777777777777777,1
2259,0,0.05000000000000002,0.7974137931034483,0.6000000000000001,1.0,1
2260,0,0.2625,0.8879310344827586,0.8533333333333335,0.3333333333333333,1
2261,0,0.35000000000000003,0.875,0.8133333333333335,0.8888888888888888,1
2262,0,0.012500000000000011,0.9267241379310346,0.7600000000000002,0.1111111111111111,1
2263,0,0.3375,0.6206896551724138,0.5466666666666666,1.0,1
2264,0,0.25,0.7801724137931034,1.0000000000000002,0.1111111111111111,1
2265,0,0.25,0.5301724137931034,0.6933333333333334,1.0,1
2266,0,0.21250000000000002,0.4956896551724138,0.9733333333333334,0.3333333333333333,1
2267,0,0.30000000000000004,0.9612068965517241,0.9600000000000002,0.0,1
2268,0,0.037500000000000006,0.6379310344827587,0.5466666666666666,0.4444444444444445,1
2269,0,0.3125,0.6637931034482759,0.7333333333333334,1.0,1
2270,0,0.17500000000000004,0.5301724137931034,0.9866666666666668,1.0,1
2271,0,0.125,0.8793103448275862,0.56,0.7777777777777777,1
2272,0,0.3375,0.4612068965517241,0.8133333333333335,0.6666666666666665,1
2273,0,0.0625,0.896551724137931,0.5466666666666666,0.8888888888888888,1
2274,0,0.125,0.8577586206896551,0.7466666666666668,0.1111111111111111,1
2275,0,0.037500000000000006,0.5474137931034483,0.9866666666666668,0.2222222222222222,1
2276,0,0.11250000000000002,0.5948275862068966,0.6800000000000002,0.4444444444444445,1
2277,0,0.30000000000000004,0.5344827586206896,0.6533333333333333,0.4444444444444445,1
2278,0,0.375,0.8879310344827586,0.6666666666666667,0.0,1
2279,0,0.23750000000000004,0.7974137931034483,0.6800000000000002,0.0,1
2280,0,0.275,0.5,0.7866666666666668,0.6666666666666665,1
2281,0,0.037500000000000006,0.7887931034482759,0.6533333333333333,0.6666666666666665,1
2282,0,0.35000000000000003,0.7931034482758621,0.7466666666666668,0.6666666666666665,1
2283,0,0.375,0.5689655172413793,0.5733333333333335,0.3333333333333333,1
2284,0,0.08750000000000002,0.6982758620689655,0.9466666666666668,0.8888888888888888,1
2285,0,0.30000000000000004,0.9956896551724138,0.8533333333333335,0.1111111111111111,1
2286,0,0.1,0.5043103448275862,0.8,0.7777777777777777,1
2287,0,0.21250000000000002,0.8879310344827586,0.5866666666666667,0.7777777777777777,1
2288,0,0.0,0.8879310344827586,0.72,0.0,1
2289,0,0.1,0.5474137931034483,0.7333333333333334,0.8888888888888888,1
2290,0,0.25,0.5775862068965517,0.7866666666666668,1.0,1
2291,0,0.16250000000000003,0.9310344827586207,0.6000000000000001,0.8888888888888888,1
2292,0,0.07500000000000001,0.5948275862068966,0.8400000000000001,0.8888888888888888,1
2293,0,0.0625,0.7068965517241379,0.9866666666666668,0.6666666666666665,1
2294,0,0.375,0.935344827586207,0.56,0.0,1
2295,0,0.325,0.9482758620689654,0.7733333333333334,0.2222222222222222,1
2296,0,0.0,0.5043103448275862,0.9333333333333336,0.4444444444444445,1
2297,0,0.23750000000000004,0.7155172413793104,0.8533333333333335,0.5555555555555556,1
2298,0,0.325,0.6724137931034483,0.9600000000000002,0.4444444444444445,1
2299,0,0.012500000000000011,0.6163793103448276,0.9866666666666668,1.0,1
2300,0,0.025000000000000022,0.7672413793103449,0.6000000000000001,0.6666666666666665,1
2301,0,0.275,0.5732758620689655,0.6400000000000001,0.8888888888888888,1
2302,0,0.1,0.9137931034482759,0.7066666666666668,1.0,1
2303,0,0.2,0.7887931034482759,0.8133333333333335,0.4444444444444445,1
2304,0,0.30000000000000004,0.935344827586207,0.7600000000000002,0.3333333333333333,1
2305,0,0.2625,0.7931034482758621,0.8133333333333335,0.3333333333333333,1
2306,0,0.17500000000000004,0.8017241379310345,0.5466666666666666,0.2222222222222222,1
2307,0,0.25,0.43965517241379315,0.9333333333333336,0.0,1
2308,0,0.35000000000000003,0.4482758620689655,0.6800000000000002,0.6666666666666665,1
2309,0,0.21250000000000002,0.9784482758620691,0.8666666666666667,0.8888888888888888,1
2310,0,0.025000000000000022,0.521551724137931,0.9866666666666668,0.0,1
2311,0,0.35000000000000003,0.9267241379310346,0.6266666666666667,0.5555555555555556,1
2312,0,0.325,0.853448275862069,0.8266666666666669,0.6666666666666665,1
2313,0,0.0625,0.4482758620689655,0.6266666666666667,0.7777777777777777,1
2314,0,0.1375,0.6508620689655172,0.9066666666666667,0.0,1
2315,0,0.08750000000000002,0.4612068965517241,0.7600000000000002,0.5555555555555556,1
2316,0,0.07500000000000001,0.5387931034482759,0.7866666666666668,0.3333333333333333,1
2317,0,0.08750000000000002,0.9827586206896551,0.8400000000000001,0.0,1
2318,0,0.1,0.9827586206896551,0.7066666666666668,0.0,1
2319,0,0.07500000000000001,0.875,0.6266666666666667,0.4444444444444445,1
2320,0,0.22500000000000003,0.9913793103448275,0.9466666666666668,0.2222222222222222,1
2321,0,0.21250000000000002,0.6508620689655172,0.6800000000000002,0.1111111111111111,1
2322,0,0.22500000000000003,0.5775862068965517,0.5866666666666667,0.2222222222222222,1
2323,0,0.1,0.6896551724137931,0.9733333333333334,0.4444444444444445,1
2324,0,0.07500000000000001,0.4612068965517241,0.9866666666666668,1.0,1
2325,0,0.1,0.939655172413793,0.5333333333333334,0.6666666666666665,1
2326,0,0.25,0.4956896551724138,0.8,0.6666666666666665,1
2327,0,0.3375,0.8879310344827586,0.7600000000000002,0.1111111111111111,1
2328,0,0.2625,0.9525862068965517,0.9466666666666668,0.5555555555555556,1
2329,0,0.2,0.48706896551724144,0.72,0.0,1
2330,0,0.1,0.9008620689655172,0.9866666666666668,0.7777777777777777,1
2331,0,0.125,0.44396551724137934,0.8666666666666667,0.3333333333333333,1
2332,0,0.125,0.5258620689655172,0.5466666666666666,0.3333333333333333,1
2333,0,0.275,0.9051724137931034,0.5866666666666667,0.3333333333333333,1
2334,0,0.07500000000000001,0.6206896551724138,0.8133333333333335,0.4444444444444445,1
2335,0,0.025000000000000022,0.5431034482758621,0.5466666666666666,0.7777777777777777,1
2336,0,0.16250000000000003,0.4655172413793104,0.8133333333333335,0.4444444444444445,1
2337,0,0.08750000000000002,0.5560344827586207,0.9333333333333336,0.3333333333333333,1
2338,0,0.375,0.8146551724137931,0.5733333333333335,0.5555555555555556,1
2339,0,0.2,0.6982758620689655,0.5866666666666667,1.0,1
2340,0,0.23750000000000004,0.9224137931034483,0.6133333333333333,0.7777777777777777,1
2341,0,0.22500000000000003,0.5732758620689655,0.6000000000000001,0.0,1
2342,0,0.36250000000000004,0.47413793103448276,0.8533333333333335,0.5555555555555556,1
2343,0,0.35000000000000003,0.5086206896551724,0.6400000000000001,0.0,1
2344,0,0.36250000000000004,0.9267241379310346,0.5733333333333335,0.4444444444444445,1
2345,0,0.23750000000000004,0.9137931034482759,0.5866666666666667,0.1111111111111111,1
2346,0,0.2625,0.5,1.0000000000000002,0.0,1
2347,0,0.11250000000000002,0.8577586206896551,0.8666666666666667,0.1111111111111111,1
2348,0,0.23750000000000004,0.8922413793103449,0.72,1.0,1
2349,0,0.3125,0.4482758620689655,0.9200000000000002,0.6666666666666665,1
2350,0,0.17500000000000004,0.9094827586206896,0.6133333333333333,0.5555555555555556,1
2351,0,0.25,0.4655172413793104,0.9200000000000002,0.8888888888888888,1
2352,0,0.125,0.6508620689655172,0.6133333333333333,0.1111111111111111,1
2353,0,0.0,0.5129310344827587,0.6933333333333334,1.0,1
2354,0,0.05000000000000002,0.9999999999999999,0.7466666666666668,0.5555555555555556,1
2355,0,0.16250000000000003,0.9698275862068965,0.9066666666666667,0.2222222222222222,1
2356,0,0.08750000000000002,0.5905172413793104,0.56,0.0,1
2357,0,0.05000000000000002,0.7801724137931034,0.8933333333333335,0.8888888888888888,1
2358,0,0.375,0.8318965517241379,0.7866666666666668,1.0,1
2359,0,0.35000000000000003,0.5991379310344828,0.6533333333333333,0.7777777777777777,1
2360,0,0.11250000000000002,0.8146551724137931,0.7733333333333334,0.5555555555555556,1
2361,0,0.0,0.5991379310344828,0.5733333333333335,0.3333333333333333,1
2362,0,0.2,0.4956896551724138,0.8933333333333335,0.5555555555555556,1
2363,0,0.07500000000000001,0.6594827586206896,0.6933333333333334,0.1111111111111111,1
2364,0,0.125,0.646551724137931,0.9333333333333336,0.7777777777777777,1
2365,0,0.23750000000000004,0.8017241379310345,0.8133333333333335,1.0,1
2366,0,0.11250000000000002,0.9008620689655172,0.8133333333333335,0.2222222222222222,1
2367,0,0.037500000000000006,0.939655172413793,0.56,0.7777777777777777,1
2368,0,0.08750000000000002,0.43965517241379315,0.72,0.3333333333333333,1
2369,0,0.17500000000000004,0.6724137931034483,0.7333333333333334,0.7777777777777777,1
2370,0,0.28750000000000003,0.8017241379310345,0.8533333333333335,0.3333333333333333,1
2371,0,0.15000000000000002,0.6422413793103449,0.5333333333333334,0.5555555555555556,1
2372,0,0.0,0.5172413793103449,0.8266666666666669,0.0,1
2373,0,0.21250000000000002,0.5646551724137931,0.6533333333333333,0.4444444444444445,1
2374,0,0.17500000000000004,0.6508620689655172,0.8400000000000001,0.0,1
2375,0,0.0,0.6551724137931034,0.6933333333333334,0.4444444444444445,1
2376,0,0.0625,0.6810344827586207,0.7466666666666668,0.2222222222222222,1
2377,0,0.125,0.7068965517241379,0.6800000000000002,0.3333333333333333,1
2378,0,0.0,0.6336206896551724,0.7466666666666668,0.1111111111111111,1
2379,0,0.0,0.5905172413793104,0.8533333333333335,0.1111111111111111,1
2380,0,0.125,0.6681034482758621,0.7866666666666668,0.7777777777777777,1
2381,0,0.08750000000000002,0.8448275862068966,0.8400000000000001,0.2222222222222222,1
2382,0,0.375,0.9181034482758621,0.5866666666666667,0.1111111111111111,1
2383,0,0.05000000000000002,0.5818965517241379,0.6933333333333334,0.3333333333333333,1
2384,0,0.21250000000000002,0.853448275862069,0.8400000000000001,0.5555555555555556,1
2385,0,0.23750000000000004,0.9094827586206896,0.7333333333333334,0.0,1
2386,0,0.30000000000000004,0.646551724137931,0.9866666666666668,0.4444444444444445,1
2387,0,0.3125,0.603448275862069,0.8,0.3333333333333333,1
2388,0,0.012500000000000011,0.7456896551724138,0.6400000000000001,0.8888888888888888,1
2389,0,0.375,0.9784482758620691,0.7066666666666668,0.1111111111111111,1
2390,0,0.3125,0.956896551724138,0.5866666666666667,0.2222222222222222,1
2391,0,0.2,0.8663793103448276,0.9600000000000002,0.5555555555555556,1
2392,0,0.1875,0.9482758620689654,0.6800000000000002,0.5555555555555556,1
2393,0,0.275,0.8491379310344828,0.9733333333333334,0.7777777777777777,1
2394,0,0.275,0.9827586206896551,0.9333333333333336,0.4444444444444445,1
2395,0,0.22500000000000003,0.8793103448275862,0.56,0.3333333333333333,1
2396,0,0.08750000000000002,0.6594827586206896,0.9066666666666667,0.3333333333333333,1
2397,0,0.15000000000000002,0.6767241379310345,0.7866666666666668,0.6666666666666665,1
2398,0,0.35000000000000003,0.853448275862069,0.6666666666666667,0.5555555555555556,1
2399,0,0.1,0.5301724137931034,0.6400000000000001,0.1111111111111111,1
2400,0,0.11250000000000002,0.9267241379310346,0.9733333333333334,0.5555555555555556,1
2401,0,0.08750000000000002,0.48275862068965514,0.9200000000000002,0.8888888888888888,1
2402,0,0.23750000000000004,0.8103448275862069,0.8933333333333335,0.7777777777777777,1
2403,0,0.17500000000000004,0.9137931034482759,0.8800000000000001,0.5555555555555556,1
2404,0,0.3125,0.9870689655172414,0.8,0.4444444444444445,1
2405,0,0.15000000000000002,0.4655172413793104,0.6800000000000002,0.7777777777777777,1
2406,0,0.08750000000000002,0.728448275862069,0.5866666666666667,0.5555555555555556,1
2407,0,0.35000000000000003,0.5301724137931034,0.7733333333333334,0.8888888888888888,1
2408,0,0.2,0.5258620689655172,0.7600000000000002,0.3333333333333333,1
2409,0,0.037500000000000006,0.5689655172413793,0.5866666666666667,0.5555555555555556,1
2410,0,0.012500000000000011,0.6594827586206896,0.8133333333333335,0.3333333333333333,1
2411,0,0.2625,0.8017241379310345,0.7466666666666668,0.4444444444444445,1
2412,0,0.28750000000000003,0.7413793103448276,0.6933333333333334,1.0,1
2413,0,0.05000000000000002,0.7241379310344828,0.5333333333333334,0.4444444444444445,1
2414,0,0.11250000000000002,0.8189655172413793,0.8666666666666667,0.6666666666666665,1
2415,0,0.325,0.4525862068965517,0.9333333333333336,0.8888888888888888,1
2416,0,0.30000000000000004,0.603448275862069,0.8666666666666667,0.3333333333333333,1
2417,0,0.08750000000000002,0.6681034482758621,0.9333333333333336,0.3333333333333333,1
2418,0,0.2,0.9525862068965517,0.9200000000000002,0.5555555555555556,1
2419,0,0.3125,0.5301724137931034,0.8,0.3333333333333333,1
2420,0,0.16250000000000003,0.896551724137931,0.7066666666666668,0.7777777777777777,1
2421,0,0.17500000000000004,0.4698275862068966,0.8400000000000001,0.2222222222222222,1
2422,0,0.22500000000000003,0.5775862068965517,0.7866666666666668,0.0,1
2423,0,0.1875,0.8275862068965517,0.8133333333333335,0.3333333333333333,1
2424,0,0.16250000000000003,0.9051724137931034,0.8666666666666667,0.8888888888888888,1
2425,0,0.11250000000000002,0.7974137931034483,0.5466666666666666,1.0,1
2426,0,0.3125,0.47413793103448276,0.6400000000000001,0.2222222222222222,1
2427,0,0.375,0.8017241379310345,0.8666666666666667,0.6666666666666665,1
2428,0,0.07500000000000001,0.8706896551724138,0.5866666666666667,0.8888888888888888,1
2429,0,0.15000000000000002,0.646551724137931,0.9333333333333336,0.1111111111111111,1
2430,0,0.125,0.935344827586207,0.7866666666666668,0.1111111111111111,1
2431,0,0.0625,0.5517241379310345,1.0000000000000002,0.2222222222222222,1
2432,0,0.012500000000000011,0.9784482758620691,0.5466666666666666,0.2222222222222222,1
2433,0,0.07500000000000001,0.5129310344827587,0.8533333333333335,0.4444444444444445,1
2434,0,0.07500000000000001,0.6939655172413793,0.7733333333333334,0.8888888888888888,1
2435,0,0.025000000000000022,0.939655172413793,0.5733333333333335,0.5555555555555556,1
2436,0,0.2,0.4482758620689655,0.6666666666666667,0.5555555555555556,1
2437,0,0.3375,0.8922413793103449,0.8666666666666667,0.2222222222222222,1
2438,0,0.037500000000000006,0.5818965517241379,0.9866666666666668,0.6666666666666665,1
2439,0,0.1875,0.5129310344827587,0.8533333333333335,0.3333333333333333,1
2440,0,0.05000000000000002,0.6637931034482759,0.7866666666666668,0.6666666666666665,1
2441,0,0.325,0.9612068965517241,0.6666666666666667,1.0,1
2442,0,0.22500000000000003,0.7801724137931034,0.6933333333333334,0.8888888888888888,1
2443,0,0.275,0.9439655172413793,0.7600000000000002,0.3333333333333333,1
2444,0,0.0,0.5948275862068966,0.9066666666666667,0.1111111111111111,1
2445,0,0.325,0.8793103448275862,0.7333333333333334,0.8888888888888888,1
2446,0,0.125,0.9784482758620691,0.9200000000000002,0.7777777777777777,1
2447,0,0.22500000000000003,0.48275862068965514,0.6000000000000001,0.4444444444444445,1
2448,0,0.25,0.939655172413793,0.8266666666666669,0.4444444444444445,1
2449,0,0.15000000000000002,0.6293103448275862,0.8800000000000001,0.3333333333333333,1
2450,0,0.0625,0.9137931034482759,0.9200000000000002,0.6666666666666665,1
2451,0,0.36250000000000004,0.6379310344827587,0.6133333333333333,0.6666666666666665,1
2452,0,0.275,0.48706896551724144,0.7333333333333334,0.2222222222222222,1
2453,0,0.1,0.7586206896551724,0.5866666666666667,0.3333333333333333,1
2454,0,0.36250000000000004,0.9827586206896551,0.8800000000000001,0.8888888888888888,1
2455,0,0.037500000000000006,0.8448275862068966,0.5866666666666667,0.1111111111111111,1
2456,0,0.2,0.7974137931034483,0.8800000000000001,0.7777777777777777,1
2457,0,0.0625,0.7155172413793104,0.7066666666666668,0.8888888888888888,1
2458,0,0.012500000000000011,0.9482758620689654,0.5466666666666666,0.1111111111111111,1
2459,0,0.25,0.9482758620689654,0.8533333333333335,0.5555555555555556,1
2460,0,0.28750000000000003,0.8793103448275862,0.6933333333333334,0.6666666666666665,1
2461,0,0.012500000000000011,0.4482758620689655,0.7466666666666668,0.1111111111111111,1
2462,0,0.275,0.5862068965517241,0.8,0.7777777777777777,1
2463,0,0.1875,0.9482758620689654,0.5866666666666667,0.1111111111111111,1
2464,0,0.21250000000000002,0.7068965517241379,0.9066666666666667,0.2222222222222222,1
2465,0,0.1875,0.7456896551724138,0.6666666666666667,0.2222222222222222,1
2466,0,0.325,0.4568965517241379,0.6133333333333333,0.2222222222222222,1
2467,0,0.11250000000000002,0.5732758620689655,0.9866666666666668,0.6666666666666665,1
2468,0,0.0625,0.521551724137931,0.5333333333333334,0.4444444444444445,1
2469,0,0.05000000000000002,0.9224137931034483,0.8266666666666669,0.2222222222222222,1
2470,0,0.07500000000000001,0.47413793103448276,0.9866666666666668,0.3333333333333333,1
2471,0,0.17500000000000004,0.4913793103448276,0.9733333333333334,0.1111111111111111,1
2472,0,0.15000000000000002,0.7758620689655172,0.9066666666666667,0.0,1
2473,0,0.23750000000000004,0.44396551724137934,0.5733333333333335,0.6666666666666665,1
2474,0,0.30000000000000004,0.6594827586206896,0.7333333333333334,0.5555555555555556,1
2475,0,0.36250000000000004,0.7025862068965517,0.6933333333333334,0.1111111111111111,1
2476,0,0.0,0.9008620689655172,0.5466666666666666,0.0,1
2477,0,0.125,0.6508620689655172,0.5866666666666667,0.3333333333333333,1
2478,0,0.375,0.5431034482758621,0.6666666666666667,0.2222222222222222,1
2479,0,0.012500000000000011,0.896551724137931,0.9600000000000002,0.1111111111111111,1
2480,0,0.325,0.7974137931034483,0.8,0.8888888888888888,1
2481,0,0.25,0.646551724137931,0.7066666666666668,0.8888888888888888,1
2482,0,0.15000000000000002,0.9094827586206896,0.6266666666666667,0.3333333333333333,1
2483,0,0.07500000000000001,0.5560344827586207,0.8266666666666669,0.5555555555555556,1
2484,0,0.0625,0.4525862068965517,0.8666666666666667,0.5555555555555556,1
2485,0,0.0,0.8663793103448276,0.7066666666666668,0.7777777777777777,1
2486,0,0.08750000000000002,0.5086206896551724,0.7600000000000002,1.0,1
2487,0,0.1375,0.48706896551724144,0.5866666666666667,0.3333333333333333,1
2488,0,0.16250000000000003,0.771551724137931,0.9466666666666668,0.1111111111111111,1
2489,0,0.275,0.625,0.7466666666666668,0.1111111111111111,1
2490,0,0.23750000000000004,0.7974137931034483,0.8533333333333335,0.2222222222222222,1
2491,0,0.125,0.6293103448275862,0.8,0.7777777777777777,1
2492,0,0.025000000000000022,0.8060344827586207,0.5466666666666666,1.0,1
2493,0,0.36250000000000004,0.9310344827586207,0.8533333333333335,0.8888888888888888,1
2494,0,0.25,0.6939655172413793,0.9600000000000002,1.0,1
2495,0,0.275,0.4525862068965517,0.72,0.0,1
2496,0,0.23750000000000004,0.5732758620689655,0.7866666666666668,0.3333333333333333,1
2497,0,0.28750000000000003,0.9094827586206896,0.7333333333333334,1.0,1
2498,0,0.025000000000000022,0.5043103448275862,0.6400000000000001,0.5555555555555556,1
2499,0,0.1875,0.7629310344827587,0.6933333333333334,0.2222222222222222,1
2500,0,0.15000000000000002,0.6637931034482759,0.56,0.3333333333333333,1
2501,0,0.36250000000000004,0.9267241379310346,0.8133333333333335,0.2222222222222222,1
2502,0,0.1,0.7887931034482759,0.56,0.8888888888888888,1
2503,0,0.3125,0.896551724137931,0.7733333333333334,0.0,1
2504,0,0.08750000000000002,0.8017241379310345,0.8133333333333335,0.3333333333333333,1
2505,0,0.07500000000000001,0.4956896551724138,0.7333333333333334,0.3333333333333333,1
2506,0,0.23750000000000004,0.8577586206896551,0.9733333333333334,0.5555555555555556,1
2507,0,0.0625,0.9267241379310346,0.5333333333333334,0.1111111111111111,1
2508,0,0.3375,0.9784482758620691,0.5866666666666667,0.3333333333333333,1
2509,0,0.012500000000000011,0.5948275862068966,0.7066666666666668,0.2222222222222222,1
2510,0,0.025000000000000022,0.6293103448275862,1.0000000000000002,0.3333333333333333,1
2511,0,0.08750000000000002,0.9956896551724138,0.6000000000000001,0.6666666666666665,1
2512,0,0.28750000000000003,0.9525862068965517,0.7866666666666668,0.2222222222222222,1
2513,0,0.28750000000000003,0.6551724137931034,0.7333333333333334,0.6666666666666665,1
2514,0,0.0625,0.7112068965517241,0.7866666666666668,0.4444444444444445,1
2515,0,0.22500000000000003,0.9310344827586207,0.6933333333333334,0.4444444444444445,1
2516,0,0.3375,0.9698275862068965,0.6000000000000001,0.5555555555555556,1
2517,0,0.15000000000000002,0.853448275862069,0.6666666666666667,0.7777777777777777,1
2518,0,0.17500000000000004,0.9051724137931034,0.9600000000000002,1.0,1
2519,0,0.28750000000000003,0.9137931034482759,0.6533333333333333,0.7777777777777777,1
2520,0,0.0,0.8577586206896551,0.8933333333333335,0.1111111111111111,1
2521,0,0.30000000000000004,0.7672413793103449,0.9866666666666668,0.2222222222222222,1
2522,0,0.21250000000000002,0.6293103448275862,0.7466666666666668,0.6666666666666665,1
2523,0,0.17500000000000004,0.7758620689655172,0.9200000000000002,0.4444444444444445,1
2524,0,0.15000000000000002,0.9698275862068965,0.5866666666666667,0.5555555555555556,1
2525,0,0.05000000000000002,0.956896551724138,0.6933333333333334,0.2222222222222222,1
2526,0,0.36250000000000004,0.646551724137931,0.5333333333333334,0.0,1
2527,0,0.3375,0.9913793103448275,0.8400000000000001,0.7777777777777777,1
2528,0,0.15000000000000002,0.896551724137931,0.8666666666666667,0.5555555555555556,1
2529,0,0.15000000000000002,0.9784482758620691,0.7866666666666668,1.0,1
2530,0,0.025000000000000022,0.8879310344827586,0.56,0.1111111111111111,1
2531,0,0.15000000000000002,0.6163793103448276,0.6933333333333334,0.6666666666666665,1
2532,0,0.375,0.7198275862068966,0.8266666666666669,0.8888888888888888,1
2533,0,0.275,0.9784482758620691,0.8400000000000001,0.0,1
2534,0,0.25,0.8620689655172413,0.8933333333333335,0.3333333333333333,1
2535,0,0.08750000000000002,0.9655172413793104,0.56,0.5555555555555556,1
2536,0,0.25,0.4698275862068966,0.6533333333333333,0.4444444444444445,1
2537,0,0.23750000000000004,0.939655172413793,0.6533333333333333,0.4444444444444445,1
2538,0,0.08750000000000002,0.6163793103448276,0.5333333333333334,0.1111111111111111,1
2539,0,0.30000000000000004,0.5387931034482759,0.8533333333333335,0.6666666666666665,1
2540,0,0.275,0.5258620689655172,0.9733333333333334,0.3333333333333333,1
2541,0,0.35000000000000003,0.9051724137931034,0.6666666666666667,0.6666666666666665,1
2542,0,0.1,0.771551724137931,0.9600000000000002,0.8888888888888888,1
2543,0,0.2625,0.8577586206896551,0.7866666666666668,0.6666666666666665,1
2544,0,0.30000000000000004,0.5344827586206896,0.6133333333333333,1.0,1
2545,0,0.30000000000000004,0.8189655172413793,0.6533333333333333,0.4444444444444445,1
2546,0,0.28750000000000003,0.6681034482758621,0.8666666666666667,0.4444444444444445,1
2547,0,0.0,0.625,0.9466666666666668,0.0,1
2548,0,0.037500000000000006,0.5129310344827587,0.8800000000000001,0.8888888888888888,1
2549,0,0.16250000000000003,0.7543103448275862,0.8933333333333335,0.2222222222222222,1
2550,0,0.0625,0.8491379310344828,0.6800000000000002,0.2222222222222222,1
2551,0,0.07500000000000001,0.9741379310344828,0.6800000000000002,0.8888888888888888,1
2552,0,0.375,0.5603448275862069,0.9066666666666667,1.0,1
2553,0,0.325,0.6724137931034483,0.6800000000000002,0.3333333333333333,1
2554,0,0.012500000000000011,0.6379310344827587,0.6933333333333334,0.4444444444444445,1
2555,0,0.35000000000000003,0.8879310344827586,0.9066666666666667,1.0,1
2556,0,0.037500000000000006,0.6206896551724138,0.6000000000000001,0.4444444444444445,1
2557,0,0.025000000000000022,0.853448275862069,0.6266666666666667,0.4444444444444445,1
2558,0,0.025000000000000022,0.8146551724137931,0.5466666666666666,1.0,1
2559,0,0.08750000000000002,0.9655172413793104,0.9466666666666668,0.1111111111111111,1
2560,0,0.0,0.5043103448275862,0.7600000000000002,0.0,1
2561,0,0.2625,0.48275862068965514,0.6133333333333333,0.3333333333333333,1
2562,0,0.2,0.44396551724137934,0.8533333333333335,1.0,1
2563,0,0.2,0.7327586206896551,0.9466666666666668,0.7777777777777777,1
2564,0,0.30000000000000004,0.8103448275862069,0.8933333333333335,0.5555555555555556,1
2565,0,0.1375,0.8146551724137931,0.8,0.3333333333333333,1
2566,0,0.375,0.8362068965517241,0.8666666666666667,0.6666666666666665,1
2567,0,0.23750000000000004,0.5,0.8266666666666669,0.5555555555555556,1
2568,0,0.3125,0.5474137931034483,0.5333333333333334,0.7777777777777777,1
2569,0,0.3375,0.8793103448275862,0.6400000000000001,0.0,1
2570,0,0.23750000000000004,0.5732758620689655,0.9733333333333334,0.4444444444444445,1
2571,0,0.375,0.7112068965517241,0.8400000000000001,0.7777777777777777,1
2572,0,0.23750000000000004,0.9612068965517241,0.9600000000000002,0.6666666666666665,1
2573,0,0.2625,0.646551724137931,0.5333333333333334,0.5555555555555556,1
2574,0,0.0,0.8362068965517241,0.56,0.5555555555555556,1
2575,0,0.2625,0.9267241379310346,0.72,1.0,1
2576,0,0.1875,0.8793103448275862,0.6000000000000001,0.5555555555555556,1
2577,0,0.16250000000000003,0.9612068965517241,0.6133333333333333,0.6666666666666665,1
2578,0,0.11250000000000002,0.6508620689655172,0.6533333333333333,0.8888888888888888,1
2579,0,0.35000000000000003,0.9956896551724138,0.56,0.2222222222222222,1
2580,0,0.1875,0.5344827586206896,0.7866666666666668,0.8888888888888888,1
2581,0,0.3375,0.9525862068965517,0.6666666666666667,0.7777777777777777,1
2582,0,0.375,0.5646551724137931,0.9333333333333336,0.8888888888888888,1
2583,0,0.08750000000000002,0.7068965517241379,0.7066666666666668,0.2222222222222222,1
2584,0,0.30000000000000004,0.5344827586206896,0.6133333333333333,0.6666666666666665,1
2585,0,0.275,0.4698275862068966,0.6666666666666667,0.5555555555555556,1
2586,0,0.35000000000000003,0.8620689655172413,0.7600000000000002,0.3333333333333333,1
2587,0,0.28750000000000003,0.7198275862068966,0.9333333333333336,0.1111111111111111,1
2588,0,0.2625,0.5862068965517241,0.9866666666666668,0.7777777777777777,1
2589,0,0.025000000000000022,0.8060344827586207,0.72,1.0,1
2590,0,0.30000000000000004,0.5086206896551724,0.8133333333333335,0.6666666666666665,1
2591,0,0.36250000000000004,0.8577586206896551,1.0000000000000002,0.6666666666666665,1
2592,0,0.3125,0.6939655172413793,0.72,0.4444444444444445,1
2593,0,0.037500000000000006,0.7586206896551724,0.6000000000000001,0.1111111111111111,1
2594,0,0.025000000000000022,0.8146551724137931,0.6933333333333334,0.1111111111111111,1
2595,0,0.22500000000000003,0.8448275862068966,0.6400000000000001,0.5555555555555556,1
2596,0,0.375,0.8577586206896551,0.5333333333333334,0.4444444444444445,1
2597,0,0.012500000000000011,0.646551724137931,0.8533333333333335,0.6666666666666665,1
2598,0,0.125,0.8405172413793104,0.6400000000000001,0.8888888888888888,1
2599,0,0.2625,0.6810344827586207,0.6133333333333333,0.6666666666666665,1
2600,0,0.0,0.9439655172413793,0.8,0.2222222222222222,1
2601,0,0.325,0.7629310344827587,0.72,0.7777777777777777,1
2602,0,0.2625,0.939655172413793,0.6533333333333333,1.0,1
2603,0,0.11250000000000002,0.5991379310344828,0.56,1.0,1
2604,0,0.125,0.7801724137931034,0.9600000000000002,0.1111111111111111,1
2605,0,0.1,0.9655172413793104,0.7066666666666668,0.7777777777777777,1
2606,0,0.11250000000000002,0.853448275862069,0.5733333333333335,0.5555555555555556,1
2607,0,0.05000000000000002,0.6681034482758621,0.72,0.0,1
2608,0,0.36250000000000004,0.6336206896551724,0.9466666666666668,0.6666666666666665,1
2609,0,0.11250000000000002,0.6120689655172414,0.5466666666666666,0.8888888888888888,1
2610,0,0.15000000000000002,0.8103448275862069,0.8933333333333335,0.7777777777777777,1
2611,0,0.1375,0.8706896551724138,0.8666666666666667,0.1111111111111111,1
2612,0,0.2,0.75,0.7733333333333334,0.3333333333333333,1
2613,0,0.275,0.8706896551724138,0.6133333333333333,0.2222222222222222,1
2614,0,0.125,0.4956896551724138,0.7866666666666668,0.7777777777777777,1
2615,0,0.25,0.6163793103448276,0.6400000000000001,0.7777777777777777,1
2616,0,0.275,0.9698275862068965,0.7733333333333334,0.2222222222222222,1
2617,0,0.07500000000000001,0.6767241379310345,0.6933333333333334,0.0,1
2618,0,0.1375,0.5517241379310345,0.6533333333333333,0.6666666666666665,1
2619,0,0.375,0.9094827586206896,0.6666666666666667,0.0,1
2620,0,0.037500000000000006,0.8318965517241379,0.9333333333333336,0.2222222222222222,1
2621,0,0.375,0.4956896551724138,0.6266666666666667,0.8888888888888888,1
2622,0,0.25,0.8103448275862069,0.8933333333333335,0.2222222222222222,1
2623,0,0.25,0.8836206896551724,0.7333333333333334,0.0,1
2624,0,0.037500000000000006,0.7025862068965517,0.8666666666666667,0.7777777777777777,1
2625,0,0.11250000000000002,0.6293103448275862,0.8533333333333335,0.1111111111111111,1
2626,0,0.30000000000000004,0.9482758620689654,0.8533333333333335,0.4444444444444445,1
2627,0,0.25,0.9267241379310346,0.8400000000000001,0.0,1
2628,0,0.037500000000000006,0.5646551724137931,0.6000000000000001,0.1111111111111111,1
2629,0,0.1875,0.9999999999999999,0.72,0.0,1
2630,0,0.22500000000000003,0.9655172413793104,0.7600000000000002,0.1111111111111111,1
2631,0,0.3125,0.6379310344827587,0.8533333333333335,0.7777777777777777,1
2632,0,0.25,0.9181034482758621,0.7866666666666668,1.0,1
2633,0,0.05000000000000002,0.5474137931034483,0.8,0.1111111111111111,1
2634,0,0.275,0.6422413793103449,0.8666666666666667,0.0,1
2635,0,0.15000000000000002,0.9784482758620691,0.5866666666666667,0.8888888888888888,1
2636,0,0.325,0.5732758620689655,0.7066666666666668,0.1111111111111111,1
2637,0,0.0625,0.6379310344827587,0.5333333333333334,0.8888888888888888,1
2638,0,0.17500000000000004,0.7844827586206896,0.6266666666666667,0.0,1
2639,0,0.05000000000000002,0.6637931034482759,0.6666666666666667,0.1111111111111111,1
2640,0,0.21250000000000002,0.7198275862068966,0.56,0.1111111111111111,1
2641,0,0.037500000000000006,0.9956896551724138,0.7866666666666668,0.5555555555555556,1
2642,0,0.375,0.625,0.8933333333333335,0.0,1
2643,0,0.08750000000000002,0.7672413793103449,0.56,0.8888888888888888,1
2644,0,0.35000000000000003,0.7629310344827587,0.9866666666666668,0.7777777777777777,1
2645,0,0.05000000000000002,0.9784482758620691,0.8,0.8888888888888888,1
2646,0,0.36250000000000004,0.8275862068965517,0.9866666666666668,0.8888888888888888,1
2647,0,0.07500000000000001,0.5474137931034483,0.56,0.3333333333333333,1
2648,0,0.012500000000000011,0.646551724137931,0.6533333333333333,0.4444444444444445,1
2649,0,0.3375,0.6767241379310345,0.6400000000000001,1.0,1
2650,0,0.21250000000000002,0.6767241379310345,0.8266666666666669,0.4444444444444445,1
2651,0,0.05000000000000002,0.9051724137931034,0.5866666666666667,0.8888888888888888,1
2652,0,0.1,0.7241379310344828,0.8533333333333335,0.2222222222222222,1
2653,0,0.15000000000000002,0.939655172413793,0.6000000000000001,0.4444444444444445,1
2654,0,0.2625,0.9051724137931034,0.6533333333333333,0.8888888888888888,1
2655,0,0.07500000000000001,0.5172413793103449,0.7600000000000002,0.3333333333333333,1
2656,0,0.275,0.8491379310344828,0.9600000000000002,1.0,1
2657,0,0.0625,0.9008620689655172,0.6533333333333333,0.5555555555555556,1
2658,0,0.3125,0.9181034482758621,0.8533333333333335,0.0,1
2659,0,0.375,0.7112068965517241,0.5866666666666667,0.4444444444444445,1
2660,0,0.037500000000000006,0.5603448275862069,1.0000000000000002,0.6666666666666665,1
2661,0,0.025000000000000022,0.8017241379310345,0.6000000000000001,0.5555555555555556,1
2662,0,0.36250000000000004,0.8060344827586207,0.7600000000000002,0.2222222222222222,1
2663,0,0.3375,0.6853448275862069,0.7600000000000002,0.0,1
2664,0,0.037500000000000006,0.853448275862069,0.72,0.6666666666666665,1
2665,0,0.375,0.5517241379310345,0.6266666666666667,0.2222222222222222,1
2666,0,0.2,0.7758620689655172,0.9466666666666668,0.1111111111111111,1
2667,0,0.2,0.8232758620689655,0.7733333333333334,0.8888888888888888,1
2668,0,0.1,0.5474137931034483,0.5733333333333335,0.2222222222222222,1
2669,0,0.125,0.8663793103448276,0.6800000000000002,0.5555555555555556,1
2670,0,0.3125,0.8836206896551724,0.9333333333333336,1.0,1
2671,0,0.05000000000000002,0.7241379310344828,0.5333333333333334,0.8888888888888888,1
2672,0,0.275,0.6077586206896551,0.6400000000000001,0.2222222222222222,1
2673,0,0.15000000000000002,0.7327586206896551,0.5733333333333335,0.5555555555555556,1
2674,0,0.275,0.7112068965517241,0.8800000000000001,0.7777777777777777,1
2675,0,0.0625,0.9224137931034483,0.8266666666666669,0.7777777777777777,1
2676,0,0.2,0.7543103448275862,0.7600000000000002,0.6666666666666665,1
2677,0,0.2,0.6896551724137931,0.7866666666666668,0.1111111111111111,1
2678,0,0.375,0.7758620689655172,0.8800000000000001,0.5555555555555556,1
2679,0,0.3375,0.5387931034482759,0.6000000000000001,0.1111111111111111,1
2680,0,0.28750000000000003,0.7025862068965517,0.6000000000000001,0.2222222222222222,1
2681,0,0.22500000000000003,0.5,0.6000000000000001,0.4444444444444445,1
2682,0,0.21250000000000002,0.9827586206896551,0.5333333333333334,0.6666666666666665,1
2683,0,0.2625,0.9999999999999999,0.6400000000000001,0.7777777777777777,1
2684,0,0.1875,0.5732758620689655,0.8666666666666667,0.0,1
2685,0,0.23750000000000004,0.646551724137931,0.5333333333333334,0.6666666666666665,1
2686,0,0.275,0.8189655172413793,0.7333333333333334,0.8888888888888888,1
2687,0,0.2625,0.48275862068965514,0.9066666666666667,0.2222222222222222,1
2688,0,0.2625,0.6853448275862069,0.6800000000000002,0.1111111111111111,1
2689,0,0.1375,0.5862068965517241,0.9600000000000002,0.5555555555555556,1
2690,0,0.375,0.4956896551724138,0.8933333333333335,0.7777777777777777,1
2691,0,0.15000000000000002,0.625,0.8400000000000001,0.1111111111111111,1
2692,0,0.125,0.7112068965517241,0.9866666666666668,0.1111111111111111,1
2693,0,0.11250000000000002,0.7672413793103449,0.9333333333333336,0.4444444444444445,1
2694,0,0.1,0.6724137931034483,0.5333333333333334,1.0,1
2695,0,0.15000000000000002,0.6767241379310345,0.7866666666666668,0.8888888888888888,1
2696,0,0.325,0.47844827586206895,0.9200000000000002,1.0,1
2697,0,0.3375,0.9741379310344828,0.5733333333333335,0.5555555555555556,1
2698,0,0.0,0.9439655172413793,0.8133333333333335,0.4444444444444445,1
2699,0,0.1375,0.5560344827586207,0.5333333333333334,0.5555555555555556,1
2700,0,0.35000000000000003,0.6422413793103449,0.8666666666666667,0.5555555555555556,1
2701,0,0.0,0.5474137931034483,0.8933333333333335,0.7777777777777777,1
2702,0,0.07500000000000001,0.5301724137931034,0.9733333333333334,0.8888888888888888,1
2703,0,0.35000000000000003,0.6077586206896551,0.8800000000000001,0.1111111111111111,1
2704,0,0.36250000000000004,0.9741379310344828,0.5333333333333334,0.2222222222222222,1
2705,0,0.30000000000000004,0.7155172413793104,0.72,0.7777777777777777,1
2706,0,0.15000000000000002,0.8491379310344828,0.7866666666666668,0.5555555555555556,1
2707,0,0.16250000000000003,0.6379310344827587,0.9866666666666668,0.4444444444444445,1
2708,0,0.037500000000000006,0.9224137931034483,0.9066666666666667,0.2222222222222222,1
2709,0,0.05000000000000002,0.8275862068965517,0.8933333333333335,0.0,1
2710,0,0.1375,0.6551724137931034,0.6266666666666667,0.3333333333333333,1
2711,0,0.11250000000000002,0.48275862068965514,0.6400000000000001,0.6666666666666665,1
2712,0,0.16250000000000003,0.8017241379310345,0.56,0.2222222222222222,1
2713,0,0.2625,0.6551724137931034,0.9333333333333336,0.4444444444444445,1
2714,0,0.037500000000000006,0.9008620689655172,0.9466666666666668,0.8888888888888888,1
2715,0,0.1875,0.5775862068965517,0.8,0.6666666666666665,1
2716,0,0.2,0.8663793103448276,0.6400000000000001,0.1111111111111111,1
2717,0,0.375,0.5560344827586207,0.5466666666666666,0.2222222222222222,1
2718,0,0.05000000000000002,0.8189655172413793,0.9600000000000002,0.0,1
2719,0,0.30000000000000004,0.6982758620689655,0.5733333333333335,0.5555555555555556,1
2720,0,0.16250000000000003,0.4482758620689655,0.8933333333333335,0.7777777777777777,1
2721,0,0.11250000000000002,0.75,0.9466666666666668,0.1111111111111111,1
2722,0,0.30000000000000004,0.9094827586206896,0.7333333333333334,1.0,1
2723,0,0.05000000000000002,0.9999999999999999,0.6800000000000002,0.3333333333333333,1
2724,0,0.1,0.5646551724137931,0.7466666666666668,0.3333333333333333,1
2725,0,0.2625,0.9094827586206896,0.6933333333333334,0.7777777777777777,1
2726,0,0.275,0.5517241379310345,0.9600000000000002,1.0,1
2727,0,0.0625,0.646551724137931,0.6533333333333333,0.3333333333333333,1
2728,0,0.037500000000000006,0.5818965517241379,0.8666666666666667,0.0,1
2729,0,0.1,0.6508620689655172,0.6533333333333333,0.6666666666666665,1
2730,0,0.0,0.6594827586206896,0.6000000000000001,0.0,1
2731,0,0.15000000000000002,0.8879310344827586,0.9733333333333334,0.4444444444444445,1
2732,0,0.275,0.6939655172413793,0.72,0.5555555555555556,1
2733,0,0.16250000000000003,0.9655172413793104,0.5733333333333335,0.8888888888888888,1
2734,0,0.16250000000000003,0.4956896551724138,0.7866666666666668,0.1111111111111111,1
2735,0,0.1,0.8405172413793104,0.7600000000000002,0.5555555555555556,1
2736,0,0.275,0.9008620689655172,0.7333333333333334,0.5555555555555556,1
2737,0,0.35000000000000003,0.4913793103448276,0.6800000000000002,0.0,1
2738,0,0.0,0.4956896551724138,0.8,0.3333333333333333,1
2739,0,0.11250000000000002,0.956896551724138,0.7600000000000002,1.0,1
2740,0,0.037500000000000006,0.9137931034482759,0.6800000000000002,0.4444444444444445,1
2741,0,0.375,0.9784482758620691,0.8400000000000001,0.5555555555555556,1
2742,0,0.11250000000000002,0.5603448275862069,0.6133333333333333,0.0,1
2743,0,0.2625,0.5818965517241379,0.8133333333333335,0.5555555555555556,1
2744,0,0.28750000000000003,0.8362068965517241,0.9733333333333334,1.0,1
2745,0,0.1375,0.6982758620689655,0.7600000000000002,0.3333333333333333,1
2746,0,0.22500000000000003,0.8620689655172413,0.6000000000000001,0.1111111111111111,1
2747,0,0.05000000000000002,0.5689655172413793,0.56,1.0,1
2748,0,0.375,0.646551724137931,0.6933333333333334,0.7777777777777777,1
2749,0,0.36250000000000004,0.5474137931034483,0.5866666666666667,0.8888888888888888,1
2750,0,0.23750000000000004,0.8146551724137931,0.7866666666666668,0.7777777777777777,1
2751,0,0.30000000000000004,0.6594827586206896,0.9866666666666668,0.2222222222222222,1
2752,0,0.012500000000000011,0.5775862068965517,0.6933333333333334,0.6666666666666665,1
2753,0,0.21250000000000002,0.7155172413793104,1.0000000000000002,0.5555555555555556,1
2754,0,0.35000000000000003,0.8405172413793104,0.9066666666666667,0.1111111111111111,1
2755,0,0.36250000000000004,0.9181034482758621,0.5866666666666667,0.7777777777777777,1
2756,0,0.16250000000000003,0.9913793103448275,0.5466666666666666,0.2222222222222222,1
2757,0,0.23750000000000004,0.7413793103448276,0.6400000000000001,0.4444444444444445,1
2758,0,0.012500000000000011,0.5043103448275862,0.6933333333333334,0.6666666666666665,1
2759,0,0.1875,0.521551724137931,0.6666666666666667,0.7777777777777777,1
2760,0,0.30000000000000004,0.9999999999999999,0.8533333333333335,0.8888888888888888,1
2761,0,0.30000000000000004,0.8663793103448276,0.8666666666666667,1.0,1
2762,0,0.1,0.6637931034482759,0.6800000000000002,0.0,1
2763,0,0.0625,0.6767241379310345,0.5333333333333334,0.8888888888888888,1
2764,0,0.17500000000000004,0.9913793103448275,0.9733333333333334,0.4444444444444445,1
2765,0,0.11250000000000002,0.6810344827586207,0.7733333333333334,0.4444444444444445,1
2766,0,0.21250000000000002,0.5689655172413793,0.6666666666666667,0.3333333333333333,1
2767,0,0.012500000000000011,0.6982758620689655,0.7733333333333334,0.0,1
2768,0,0.25,0.5991379310344828,0.7600000000000002,0.2222222222222222,1
2769,0,0.1,0.4956896551724138,0.7333333333333334,0.3333333333333333,1
2770,0,0.21250000000000002,0.5646551724137931,0.5333333333333334,0.5555555555555556,1
2771,0,0.25,0.8448275862068966,0.8,0.1111111111111111,1
2772,0,0.375,0.728448275862069,0.6400000000000001,0.6666666666666665,1
2773,0,0.35000000000000003,0.7629310344827587,0.8,0.0,1
2774,0,0.25,0.4482758620689655,0.8266666666666669,0.3333333333333333,1
2775,0,0.28750000000000003,0.7456896551724138,0.6800000000000002,0.4444444444444445,1
2776,0,0.0,0.5560344827586207,0.8533333333333335,0.4444444444444445,1
2777,0,0.3375,0.6637931034482759,0.9066666666666667,0.3333333333333333,1
2778,0,0.125,0.7327586206896551,0.7066666666666668,1.0,1
2779,0,0.25,0.875,0.6533333333333333,0.7777777777777777,1
2780,0,0.08750000000000002,0.9181034482758621,0.8400000000000001,0.2222222222222222,1
2781,0,0.35000000000000003,0.9655172413793104,0.6000000000000001,0.7777777777777777,1
2782,0,0.0625,0.9439655172413793,0.6800000000000002,0.2222222222222222,1
2783,0,0.07500000000000001,0.9784482758620691,0.6800000000000002,0.4444444444444445,1
2784,0,0.0,0.7801724137931034,0.6666666666666667,0.2222222222222222,1
2785,0,0.325,0.8706896551724138,0.6933333333333334,0.1111111111111111,1
2786,0,0.05000000000000002,0.5172413793103449,0.8933333333333335,0.3333333333333333,1
2787,0,0.17500000000000004,0.8836206896551724,0.6133333333333333,0.8888888888888888,1
2788,0,0.05000000000000002,0.4525862068965517,0.6133333333333333,0.6666666666666665,1
2789,0,0.15000000000000002,0.4612068965517241,0.6266666666666667,0.0,1
2790,0,0.30000000000000004,0.48706896551724144,0.6400000000000001,0.3333333333333333,1
2791,0,0.30000000000000004,0.5301724137931034,0.7600000000000002,0.2222222222222222,1
2792,0,0.375,0.4525862068965517,0.5333333333333334,0.1111111111111111,1
2793,0,0.21250000000000002,0.8103448275862069,0.6000000000000001,0.3333333333333333,1
2794,0,0.05000000000000002,0.9655172413793104,0.9066666666666667,0.2222222222222222,1
2795,0,0.11250000000000002,0.8017241379310345,0.9333333333333336,0.2222222222222222,1
2796,0,0.08750000000000002,0.5,0.9866666666666668,0.4444444444444445,1
2797,0,0.25,0.5732758620689655,0.5466666666666666,0.0,1
2798,0,0.037500000000000006,0.7629310344827587,0.6133333333333333,0.8888888888888888,1
2799,0,0.35000000000000003,0.896551724137931,0.6533333333333333,0.0,1
2800,0,0.36250000000000004,0.6853448275862069,0.5466666666666666,0.3333333333333333,1
2801,0,0.16250000000000003,0.8620689655172413,0.6533333333333333,0.5555555555555556,1
2802,0,0.25,0.7543103448275862,0.72,0.6666666666666665,1
2803,0,0.2625,0.5603448275862069,0.9466666666666668,0.2222222222222222,1
2804,0,0.037500000000000006,0.6853448275862069,0.6133333333333333,0.4444444444444445,1
2805,0,0.1375,0.521551724137931,0.8133333333333335,0.1111111111111111,1
2806,0,0.1375,0.5301724137931034,0.56,1.0,1
2807,0,0.05000000000000002,0.6336206896551724,0.8933333333333335,0.8888888888888888,1
2808,0,0.125,0.6379310344827587,0.8933333333333335,0.2222222222222222,1
2809,0,0.35000000000000003,0.771551724137931,0.7733333333333334,0.5555555555555556,1
2810,0,0.35000000000000003,0.5517241379310345,0.7600000000000002,0.7777777777777777,1
2811,0,0.2625,0.8448275862068966,0.7466666666666668,0.1111111111111111,1
2812,0,0.3125,0.43965517241379315,0.6533333333333333,0.2222222222222222,1
2813,0,0.125,0.5991379310344828,0.8533333333333335,0.7777777777777777,1
2814,0,0.28750000000000003,0.9655172413793104,0.5866666666666667,0.1111111111111111,1
2815,0,0.22500000000000003,0.9094827586206896,0.7600000000000002,0.2222222222222222,1
2816,0,0.025000000000000022,0.7931034482758621,0.6400000000000001,0.2222222222222222,1
2817,0,0.30000000000000004,0.8620689655172413,0.8266666666666669,0.5555555555555556,1
2818,0,0.1875,0.9051724137931034,0.9333333333333336,0.6666666666666665,1
2819,0,0.23750000000000004,0.8060344827586207,0.6400000000000001,0.3333333333333333,1
2820,0,0.15000000000000002,0.9008620689655172,1.0000000000000002,0.7777777777777777,1
2821,0,0.21250000000000002,0.9827586206896551,0.9866666666666668,0.8888888888888888,1
2822,0,0.325,0.6896551724137931,0.8533333333333335,0.1111111111111111,1
2823,0,0.22500000000000003,0.9008620689655172,0.9733333333333334,1.0,1
2824,0,0.30000000000000004,0.6810344827586207,0.6000000000000001,0.3333333333333333,1
2825,0,0.1375,0.43965517241379315,0.7066666666666668,0.0,1
2826,0,0.1375,0.9612068965517241,0.6400000000000001,0.1111111111111111,1
2827,0,0.012500000000000011,0.8232758620689655,0.8400000000000001,0.2222222222222222,1
2828,0,0.11250000000000002,0.9439655172413793,0.6533333333333333,0.8888888888888888,1
2829,0,0.36250000000000004,0.9008620689655172,0.7333333333333334,0.3333333333333333,1
2830,0,0.325,0.6853448275862069,0.5733333333333335,0.2222222222222222,1
2831,0,0.037500000000000006,0.5948275862068966,0.8533333333333335,0.0,1
2832,0,0.275,0.9051724137931034,0.8400000000000001,0.0,1
2833,0,0.275,0.5560344827586207,0.5866666666666667,0.7777777777777777,1
2834,0,0.325,0.6120689655172414,0.5466666666666666,0.2222222222222222,1
2835,0,0.1375,0.5948275862068966,0.6000000000000001,0.3333333333333333,1
2836,0,0.025000000000000022,0.4525862068965517,0.8800000000000001,0.2222222222222222,1
2837,0,0.30000000000000004,0.6379310344827587,0.9333333333333336,0.2222222222222222,1
2838,0,0.28750000000000003,0.7672413793103449,0.9333333333333336,0.6666666666666665,1
2839,0,0.28750000000000003,0.8103448275862069,0.9066666666666667,0.0,1
2840,0,0.11250000000000002,0.5603448275862069,0.6533333333333333,0.0,1
2841,0,0.35000000000000003,0.47413793103448276,0.6800000000000002,0.8888888888888888,1
2842,0,0.0625,0.4482758620689655,0.8666666666666667,0.6666666666666665,1
2843,0,0.2625,0.939655172413793,1.0000000000000002,0.4444444444444445,1
2844,0,0.36250000000000004,0.9913793103448275,0.7866666666666668,0.3333333333333333,1
2845,0,0.16250000000000003,0.6120689655172414,0.7600000000000002,0.1111111111111111,1
2846,0,0.2,0.853448275862069,0.6400000000000001,0.3333333333333333,1
2847,0,0.15000000000000002,0.5,0.72,0.6666666666666665,1
2848,0,0.0625,0.521551724137931,0.9200000000000002,0.7777777777777777,1
2849,0,0.125,0.8836206896551724,0.8533333333333335,0.2222222222222222,1
2850,0,0.012500000000000011,0.8491379310344828,0.8933333333333335,0.3333333333333333,1
2851,0,0.1,0.5560344827586207,0.6133333333333333,0.1111111111111111,1
2852,0,0.1375,0.8060344827586207,0.5466666666666666,0.3333333333333333,1
2853,0,0.11250000000000002,0.6163793103448276,0.9866666666666668,0.1111111111111111,1
2854,0,0.025000000000000022,0.6724137931034483,0.5333333333333334,0.4444444444444445,1
2855,0,0.07500000000000001,0.6594827586206896,0.56,0.3333333333333333,1
2856,0,0.1,0.5301724137931034,0.56,1.0,1
2857,0,0.3125,0.9698275862068965,0.56,0.0,1
2858,0,0.125,0.5387931034482759,0.7866666666666668,0.0,1
2859,0,0.1375,0.75,0.8666666666666667,0.8888888888888888,1
2860,0,0.07500000000000001,0.7844827586206896,0.8666666666666667,0.5555555555555556,1
2861,0,0.05000000000000002,0.5431034482758621,0.8133333333333335,0.6666666666666665,1
2862,0,0.35000000000000003,0.9913793103448275,0.6133333333333333,0.8888888888888888,1
2863,0,0.3125,0.603448275862069,0.5466666666666666,1.0,1
2864,0,0.3125,0.8577586206896551,0.9333333333333336,1.0,1
2865,0,0.3375,0.47844827586206895,0.7733333333333334,0.2222222222222222,1
2866,0,0.05000000000000002,0.9482758620689654,0.6000000000000001,0.1111111111111111,1
2867,0,0.375,0.6939655172413793,0.7066666666666668,0.2222222222222222,1
2868,0,0.30000000000000004,0.6163793103448276,0.9600000000000002,0.8888888888888888,1
2869,0,0.28750000000000003,0.8146551724137931,0.9066666666666667,0.2222222222222222,1
2870,0,0.125,0.7586206896551724,0.8400000000000001,1.0,1
2871,0,0.3375,0.9137931034482759,0.56,0.6666666666666665,1
2872,0,0.08750000000000002,0.6681034482758621,0.5866666666666667,0.2222222222222222,1
2873,0,0.22500000000000003,0.9870689655172414,0.6133333333333333,0.0,1
2874,0,0.05000000000000002,0.7801724137931034,1.0000000000000002,0.1111111111111111,1
2875,0,0.1875,0.5431034482758621,0.9200000000000002,0.5555555555555556,1
2876,0,0.0625,0.7629310344827587,0.6666666666666667,0.1111111111111111,1
2877,0,0.1,0.8405172413793104,0.8266666666666669,0.1111111111111111,1
2878,0,0.025000000000000022,0.6336206896551724,0.9200000000000002,0.4444444444444445,1
2879,0,0.1875,0.7198275862068966,0.9066666666666667,0.2222222222222222,1
2880,0,0.375,0.5732758620689655,0.9466666666666668,0.0,1
2881,0,0.1375,0.7543103448275862,0.8666666666666667,0.6666666666666665,1
2882,0,0.3375,0.5818965517241379,0.9066666666666667,0.5555555555555556,1
2883,0,0.2,0.7844827586206896,0.8400000000000001,0.1111111111111111,1
2884,0,0.2625,0.8922413793103449,0.9600000000000002,0.7777777777777777,1
2885,0,0.1,0.48275862068965514,0.5733333333333335,0.3333333333333333,1
2886,0,0.275,0.4482758620689655,0.6533333333333333,0.1111111111111111,1
2887,0,0.11250000000000002,0.853448275862069,0.6666666666666667,1.0,1
2888,0,0.15000000000000002,0.5172413793103449,0.72,0.6666666666666665,1
2889,0,0.3375,0.9482758620689654,0.6000000000000001,0.5555555555555556,1
2890,0,0.17500000000000004,0.9525862068965517,0.9866666666666668,0.7777777777777777,1
2891,0,0.037500000000000006,0.5301724137931034,0.6800000000000002,0.1111111111111111,1
2892,0,0.36250000000000004,0.875,0.8933333333333335,0.3333333333333333,1
2893,0,0.15000000000000002,0.8017241379310345,0.5866666666666667,0.5555555555555556,1
2894,0,0.125,0.9741379310344828,0.7066666666666668,0.7777777777777777,1
2895,0,0.037500000000000006,0.7456896551724138,0.9200000000000002,0.0,1
2896,0,0.21250000000000002,0.6077586206896551,0.9333333333333336,0.2222222222222222,1
2897,0,0.25,0.6724137931034483,0.8,1.0,1
2898,0,0.012500000000000011,0.8577586206896551,0.5733333333333335,0.5555555555555556,1
2899,0,0.3125,0.9137931034482759,0.9333333333333336,0.3333333333333333,1
2900,0,0.012500000000000011,0.6724137931034483,0.5466666666666666,0.6666666666666665,1
2901,0,0.1,0.7155172413793104,0.6800000000000002,0.1111111111111111,1
2902,0,0.05000000000000002,0.5129310344827587,0.7600000000000002,0.6666666666666665,1
2903,0,0.025000000000000022,0.7672413793103449,0.9066666666666667,0.6666666666666665,1
2904,0,0.2,0.6724137931034483,0.7466666666666668,0.2222222222222222,1
2905,0,0.325,0.4956896551724138,0.6000000000000001,0.6666666666666665,1
2906,0,0.125,0.7672413793103449,0.6666666666666667,0.3333333333333333,1
2907,0,0.1375,0.9008620689655172,0.9333333333333336,0.7777777777777777,1
2908,0,0.21250000000000002,0.6163793103448276,0.8933333333333335,0.5555555555555556,1
2909,0,0.36250000000000004,0.8663793103448276,0.5333333333333334,0.8888888888888888,1
2910,0,0.3125,0.6551724137931034,0.5866666666666667,1.0,1
2911,0,0.23750000000000004,0.5991379310344828,0.8,0.5555555555555556,1
2912,0,0.0,0.603448275862069,0.9200000000000002,0.2222222222222222,1
2913,0,0.1875,0.7887931034482759,0.6266666666666667,0.6666666666666665,1
2914,0,0.1,0.43965517241379315,0.9066666666666667,0.2222222222222222,1
2915,0,0.25,0.935344827586207,0.6133333333333333,0.0,1
2916,0,0.07500000000000001,0.646551724137931,0.8800000000000001,0.8888888888888888,1
2917,0,0.30000000000000004,0.6206896551724138,0.8533333333333335,0.3333333333333333,1
2918,0,0.1375,0.6681034482758621,0.6933333333333334,1.0,1
2919,0,0.375,0.4525862068965517,0.8400000000000001,0.5555555555555556,1
2920,0,0.0,0.771551724137931,0.7866666666666668,0.8888888888888888,1
2921,0,0.325,0.5732758620689655,0.9466666666666668,0.7777777777777777,1
2922,0,0.16250000000000003,0.8922413793103449,0.8266666666666669,0.5555555555555556,1
2923,0,0.325,0.9094827586206896,0.9733333333333334,0.5555555555555556,1
2924,0,0.037500000000000006,0.6336206896551724,0.9200000000000002,0.6666666666666665,1
2925,0,0.1375,0.6336206896551724,1.0000000000000002,1.0,1
2926,0,0.0625,0.9181034482758621,0.8533333333333335,0.4444444444444445,1
2927,0,0.3375,0.9181034482758621,0.7733333333333334,1.0,1
2928,0,0.375,0.5474137931034483,0.6000000000000001,0.1111111111111111,1
2929,0,0.025000000000000022,0.4568965517241379,0.8800000000000001,0.1111111111111111,1
2930,0,0.1875,0.5474137931034483,0.9066666666666667,0.8888888888888888,1
2931,0,0.22500000000000003,0.47413793103448276,0.7733333333333334,0.6666666666666665,1
2932,0,0.07500000000000001,0.6853448275862069,0.9200000000000002,0.8888888888888888,1
2933,0,0.15000000000000002,0.5646551724137931,0.6933333333333334,0.7777777777777777,1
2934,0,0.375,0.5732758620689655,0.8266666666666669,0.7777777777777777,1
2935,0,0.16250000000000003,0.875,0.5333333333333334,0.5555555555555556,1
2936,0,0.3125,0.6853448275862069,0.9600000000000002,0.4444444444444445,1
2937,0,0.1,0.728448275862069,0.7866666666666668,0.6666666666666665,1
2938,0,0.2625,0.7025862068965517,0.5333333333333334,0.6666666666666665,1
2939,0,0.012500000000000011,0.4525862068965517,0.5466666666666666,0.2222222222222222,1
2940,0,0.3125,0.8491379310344828,0.9733333333333334,1.0,1
2941,0,0.125,0.8060344827586207,0.6666666666666667,1.0,1
2942,0,0.16250000000000003,0.7025862068965517,1.0000000000000002,0.6666666666666665,1
2943,0,0.07500000000000001,0.8706896551724138,0.5733333333333335,1.0,1
2944,0,0.16250000000000003,0.5775862068965517,0.8533333333333335,0.2222222222222222,1
2945,0,0.15000000000000002,0.7887931034482759,0.9733333333333334,0.2222222222222222,1
2946,0,0.16250000000000003,0.6939655172413793,0.6133333333333333,0.2222222222222222,1
2947,0,0.2,0.5689655172413793,0.8666666666666667,0.4444444444444445,1
2948,0,0.325,0.6120689655172414,0.8,0.3333333333333333,1
2949,0,0.025000000000000022,0.5387931034482759,0.5466666666666666,0.6666666666666665,1
2950,0,0.0,0.6077586206896551,0.5466666666666666,1.0,1
2951,0,0.275,0.5258620689655172,0.8533333333333335,0.0,1
2952,0,0.28750000000000003,0.5818965517241379,0.9200000000000002,0.5555555555555556,1
2953,0,0.0625,0.7025862068965517,0.72,0.4444444444444445,1
2954,0,0.07500000000000001,0.7068965517241379,0.8533333333333335,0.4444444444444445,1
2955,0,0.2625,0.4956896551724138,0.7600000000000002,0.1111111111111111,1
2956,0,0.36250000000000004,0.5948275862068966,0.5466666666666666,1.0,1
2957,0,0.3375,0.5517241379310345,0.6266666666666667,0.7777777777777777,1
2958,0,0.36250000000000004,0.5732758620689655,0.6133333333333333,0.2222222222222222,1
2959,0,0.11250000000000002,0.728448275862069,0.6800000000000002,0.1111111111111111,1
2960,0,0.025000000000000022,0.9827586206896551,0.8400000000000001,0.3333333333333333,1
2961,0,0.15000000000000002,0.5474137931034483,0.9466666666666668,0.0,1
2962,0,0.16250000000000003,0.5172413793103449,0.9466666666666668,0.1111111111111111,1
2963,0,0.07500000000000001,0.9008620689655172,0.8533333333333335,0.5555555555555556,1
2964,0,0.25,0.935344827586207,0.6666666666666667,0.2222222222222222,1
2965,0,0.11250000000000002,0.4482758620689655,0.6800000000000002,1.0,1
2966,0,0.25,0.47413793103448276,0.6266666666666667,0.5555555555555556,1
2967,0,0.1375,0.9698275862068965,0.9866666666666668,0.0,1
2968,0,0.0625,0.7198275862068966,0.6266666666666667,0.3333333333333333,1
2969,0,0.23750000000000004,0.4698275862068966,0.9866666666666668,0.0,1
2970,0,0.2,0.6077586206896551,0.7066666666666668,0.5555555555555556,1
2971,0,0.037500000000000006,0.6767241379310345,0.5466666666666666,0.5555555555555556,1
2972,0,0.05000000000000002,0.6810344827586207,0.6000000000000001,0.2222222222222222,1
2973,0,0.1,0.7413793103448276,0.9333333333333336,0.3333333333333333,1
2974,0,0.375,0.5387931034482759,0.8266666666666669,0.8888888888888888,1
2975,0,0.25,0.7629310344827587,0.9200000000000002,0.7777777777777777,1
2976,0,0.16250000000000003,0.8793103448275862,0.6933333333333334,0.4444444444444445,1
2977,0,0.0625,0.6551724137931034,0.7600000000000002,0.6666666666666665,1
2978,0,0.037500000000000006,0.7801724137931034,0.6666666666666667,0.3333333333333333,1
2979,0,0.375,0.9741379310344828,0.8933333333333335,0.7777777777777777,1
2980,0,0.16250000000000003,0.7370689655172413,0.8,1.0,1
2981,0,0.037500000000000006,0.8620689655172413,0.8933333333333335,0.3333333333333333,1
2982,0,0.22500000000000003,0.8275862068965517,0.8400000000000001,0.1111111111111111,1
2983,0,0.17500000000000004,0.6206896551724138,0.56,0.8888888888888888,1
2984,0,0.1,0.8879310344827586,0.7733333333333334,1.0,1
2985,0,0.325,0.8275862068965517,0.8666666666666667,0.0,1
2986,0,0.037500000000000006,0.6379310344827587,0.8,0.6666666666666665,1
2987,0,0.3125,0.6422413793103449,0.8266666666666669,0.3333333333333333,1
2988,0,0.025000000000000022,0.6767241379310345,0.8400000000000001,0.5555555555555556,1
2989,0,0.05000000000000002,0.7844827586206896,0.6266666666666667,0.0,1
2990,0,0.125,0.4482758620689655,0.8133333333333335,0.3333333333333333,1
2991,0,0.17500000000000004,0.7931034482758621,0.72,0.8888888888888888,1
2992,0,0.025000000000000022,0.8620689655172413,0.7733333333333334,1.0,1
2993,0,0.07500000000000001,0.6767241379310345,0.6133333333333333,0.8888888888888888,1
2994,0,0.1,0.521551724137931,0.8800000000000001,0.6666666666666665,1
2995,0,0.125,0.7887931034482759,0.6933333333333334,0.3333333333333333,1
2996,0,0.012500000000000011,0.9827586206896551,0.9466666666666668,0.0,1
2997,0,0.1,0.9008620689655172,0.6266666666666667,0.1111111111111111,1
2998,0,0.17500000000000004,0.625,0.8,1.0,1
2999,0,0.15000000000000002,0.6982758620689655,0.5466666666666666,0.4444444444444445,1
3000,0,0.0,0.44396551724137934,0.9200000000000002,0.4444444444444445,1
