Time,Scenario,Bandwidth_Mbps,Latency_ms,CPU_Usage_percent,Task_Size_MB,Existing_Decision,Proposed_Decision,Proposed_Status,Proposed_Predicted_Latency_ms
1,Stable,85.0,19.0,20.0,5.0,EDGE,,collecting_data,
2,Stable,78.0,21.0,24.0,2.0,EDGE,,collecting_data,
3,Stable,85.0,19.0,38.0,7.0,EDGE,,collecting_data,
4,Stable,75.0,18.0,22.0,4.0,EDGE,,collecting_data,
5,Stable,78.0,18.0,37.0,4.0,EDGE,,collecting_data,
6,Stable,85.0,24.0,27.0,8.0,EDGE,,collecting_data,
7,Stable,84.0,22.0,20.0,3.0,EDGE,,collecting_data,
8,Stable,81.0,23.0,28.0,3.0,EDGE,,collecting_data,
9,Stable,78.0,23.0,23.0,2.0,EDGE,,collecting_data,
10,Stable,81.0,19.0,31.0,6.0,EDGE,EDGE,prediction_complete,23.96
11,Stable,84.0,22.0,21.0,8.0,EDGE,EDGE,prediction_complete,23.52
12,Stable,83.0,19.0,32.0,2.0,EDGE,EDGE,prediction_complete,23.94
13,Stable,83.0,22.0,40.0,10.0,EDGE,EDGE,prediction_complete,23.85
14,Stable,80.0,21.0,22.0,1.0,EDGE,EDGE,prediction_complete,24.05
15,Stable,85.0,21.0,29.0,2.0,EDGE,EDGE,prediction_complete,24.19
16,Stable,78.0,19.0,32.0,5.0,EDGE,EDGE,prediction_complete,24.31
17,Stable,82.0,23.0,25.0,6.0,EDGE,EDGE,prediction_complete,24.12
18,Stable,80.0,21.0,28.0,2.0,EDGE,EDGE,prediction_complete,24.34
19,Stable,84.0,20.0,37.0,4.0,EDGE,EDGE,prediction_complete,24.65
20,Stable,77.0,25.0,32.0,5.0,EDGE,EDGE,prediction_complete,24.75
21,Stable,85.0,21.0,30.0,1.0,EDGE,EDGE,prediction_complete,25.47
22,Stable,78.0,18.0,30.0,7.0,EDGE,EDGE,prediction_complete,24.91
23,Stable,79.0,19.0,26.0,10.0,EDGE,EDGE,prediction_complete,24.17
24,Stable,80.0,21.0,40.0,8.0,EDGE,EDGE,prediction_complete,24.44
25,Stable,81.0,25.0,24.0,5.0,EDGE,EDGE,prediction_complete,24.4
26,Stable,77.0,21.0,37.0,9.0,EDGE,EDGE,prediction_complete,24.34
27,Stable,79.0,24.0,38.0,7.0,EDGE,EDGE,prediction_complete,24.88
28,Stable,80.0,21.0,24.0,9.0,EDGE,EDGE,prediction_complete,24.3
29,Stable,82.0,19.0,21.0,2.0,EDGE,EDGE,prediction_complete,24.33
30,Stable,77.0,20.0,33.0,10.0,EDGE,EDGE,prediction_complete,23.85
31,Stable,76.0,24.0,32.0,10.0,EDGE,EDGE,prediction_complete,23.68
32,Stable,82.0,22.0,37.0,1.0,EDGE,EDGE,prediction_complete,25.01
33,Stable,85.0,19.0,37.0,5.0,EDGE,EDGE,prediction_complete,25.23
34,Stable,85.0,23.0,23.0,5.0,EDGE,EDGE,prediction_complete,24.77
35,Stable,81.0,20.0,34.0,1.0,EDGE,EDGE,prediction_complete,25.27
36,Stable,79.0,20.0,36.0,2.0,EDGE,EDGE,prediction_complete,25.62
37,Stable,85.0,22.0,40.0,9.0,EDGE,EDGE,prediction_complete,25.26
38,Stable,84.0,21.0,24.0,6.0,EDGE,EDGE,prediction_complete,24.89
39,Stable,77.0,18.0,39.0,6.0,EDGE,EDGE,prediction_complete,25.04
40,Stable,82.0,18.0,23.0,6.0,EDGE,EDGE,prediction_complete,24.58
41,Stable,79.0,21.0,21.0,4.0,EDGE,EDGE,prediction_complete,24.27
42,Stable,84.0,19.0,22.0,8.0,EDGE,EDGE,prediction_complete,23.42
43,Stable,76.0,20.0,24.0,8.0,EDGE,EDGE,prediction_complete,22.94
44,Stable,83.0,20.0,28.0,9.0,EDGE,EDGE,prediction_complete,22.84
45,Stable,84.0,24.0,26.0,9.0,EDGE,EDGE,prediction_complete,22.4
46,Stable,78.0,22.0,32.0,6.0,EDGE,EDGE,prediction_complete,22.48
47,Stable,82.0,25.0,23.0,4.0,EDGE,EDGE,prediction_complete,22.7
48,Stable,78.0,19.0,30.0,1.0,EDGE,EDGE,prediction_complete,23.5
49,Stable,84.0,21.0,38.0,4.0,EDGE,EDGE,prediction_complete,23.96
50,Stable,75.0,19.0,40.0,1.0,EDGE,EDGE,prediction_complete,25.03
51,Stable,78.0,19.0,21.0,6.0,EDGE,EDGE,prediction_complete,24.48
52,Stable,76.0,21.0,28.0,8.0,EDGE,EDGE,prediction_complete,24.33
53,Stable,78.0,20.0,38.0,10.0,EDGE,EDGE,prediction_complete,24.41
54,Stable,82.0,21.0,35.0,7.0,EDGE,EDGE,prediction_complete,24.85
55,Stable,78.0,19.0,23.0,7.0,EDGE,EDGE,prediction_complete,24.62
56,Stable,80.0,24.0,33.0,8.0,EDGE,EDGE,prediction_complete,24.59
57,Stable,75.0,19.0,21.0,7.0,EDGE,EDGE,prediction_complete,24.21
58,Stable,80.0,19.0,27.0,4.0,EDGE,EDGE,prediction_complete,24.24
59,Stable,78.0,25.0,24.0,7.0,EDGE,EDGE,prediction_complete,23.89
60,Stable,77.0,22.0,34.0,4.0,EDGE,EDGE,prediction_complete,24.06
61,Stable,76.0,25.0,37.0,2.0,EDGE,EDGE,prediction_complete,25.41
62,Stable,75.0,18.0,22.0,4.0,EDGE,EDGE,prediction_complete,24.89
63,Stable,77.0,24.0,35.0,8.0,EDGE,EDGE,prediction_complete,24.92
64,Stable,78.0,24.0,21.0,3.0,EDGE,EDGE,prediction_complete,24.99
65,Stable,81.0,18.0,32.0,5.0,EDGE,EDGE,prediction_complete,25.22
66,Stable,82.0,22.0,33.0,9.0,EDGE,EDGE,prediction_complete,24.95
67,Stable,85.0,25.0,24.0,4.0,EDGE,EDGE,prediction_complete,24.98
68,Stable,79.0,21.0,21.0,10.0,EDGE,EDGE,prediction_complete,23.98
69,Stable,83.0,18.0,30.0,1.0,EDGE,EDGE,prediction_complete,24.54
70,Stable,75.0,25.0,36.0,9.0,EDGE,EDGE,prediction_complete,24.24
71,Stable,77.0,18.0,36.0,2.0,EDGE,EDGE,prediction_complete,24.7
72,Stable,77.0,19.0,39.0,2.0,EDGE,EDGE,prediction_complete,25.52
73,Stable,85.0,21.0,32.0,2.0,EDGE,EDGE,prediction_complete,25.86
74,Stable,84.0,21.0,38.0,10.0,EDGE,EDGE,prediction_complete,25.4
75,Stable,75.0,19.0,33.0,10.0,EDGE,EDGE,prediction_complete,24.9
76,Stable,84.0,23.0,28.0,4.0,EDGE,EDGE,prediction_complete,25.13
77,Stable,85.0,23.0,27.0,5.0,EDGE,EDGE,prediction_complete,25.05
78,Stable,81.0,20.0,40.0,5.0,EDGE,EDGE,prediction_complete,25.58
79,Stable,82.0,23.0,22.0,1.0,EDGE,EDGE,prediction_complete,25.51
80,Stable,82.0,19.0,22.0,9.0,EDGE,EDGE,prediction_complete,24.33
81,Stable,78.0,22.0,24.0,6.0,EDGE,EDGE,prediction_complete,23.76
82,Stable,76.0,21.0,31.0,5.0,EDGE,EDGE,prediction_complete,23.66
83,Stable,77.0,25.0,37.0,5.0,EDGE,EDGE,prediction_complete,24.18
84,Stable,84.0,18.0,37.0,5.0,EDGE,EDGE,prediction_complete,24.71
85,Stable,85.0,19.0,24.0,5.0,EDGE,EDGE,prediction_complete,24.47
86,Stable,76.0,19.0,37.0,3.0,EDGE,EDGE,prediction_complete,24.97
87,Stable,79.0,22.0,39.0,4.0,EDGE,EDGE,prediction_complete,25.6
88,Stable,80.0,21.0,40.0,5.0,EDGE,EDGE,prediction_complete,25.87
89,Stable,83.0,25.0,28.0,1.0,EDGE,EDGE,prediction_complete,26.19
90,Stable,76.0,24.0,28.0,1.0,EDGE,EDGE,prediction_complete,26.6
91,Stable,75.0,23.0,24.0,5.0,EDGE,EDGE,prediction_complete,26.14
92,Stable,77.0,25.0,37.0,7.0,EDGE,EDGE,prediction_complete,26.11
93,Stable,83.0,18.0,23.0,2.0,EDGE,EDGE,prediction_complete,25.91
94,Stable,77.0,18.0,31.0,10.0,EDGE,EDGE,prediction_complete,25.22
95,Stable,83.0,20.0,33.0,3.0,EDGE,EDGE,prediction_complete,25.79
96,Stable,75.0,22.0,31.0,1.0,EDGE,EDGE,prediction_complete,26.03
97,Stable,80.0,21.0,27.0,2.0,EDGE,EDGE,prediction_complete,25.96
98,Stable,80.0,24.0,39.0,3.0,EDGE,EDGE,prediction_complete,26.37
99,Stable,78.0,20.0,25.0,7.0,EDGE,EDGE,prediction_complete,25.62
100,Stable,75.0,20.0,30.0,7.0,EDGE,EDGE,prediction_complete,25.13
101,Stable,85.0,21.0,28.0,3.0,EDGE,EDGE,prediction_complete,25.31
102,Stable,76.0,24.0,21.0,8.0,EDGE,EDGE,prediction_complete,24.42
103,Stable,78.0,21.0,34.0,6.0,EDGE,EDGE,prediction_complete,24.71
104,Stable,79.0,21.0,27.0,1.0,EDGE,EDGE,prediction_complete,25.27
105,Stable,85.0,21.0,32.0,6.0,EDGE,EDGE,prediction_complete,25.17
106,Stable,79.0,19.0,28.0,6.0,EDGE,EDGE,prediction_complete,24.64
107,Stable,85.0,24.0,37.0,6.0,EDGE,EDGE,prediction_complete,24.82
108,Stable,75.0,19.0,28.0,3.0,EDGE,EDGE,prediction_complete,24.67
109,Stable,84.0,22.0,21.0,2.0,EDGE,EDGE,prediction_complete,24.72
110,Stable,84.0,24.0,31.0,6.0,EDGE,EDGE,prediction_complete,24.52
111,Stable,81.0,19.0,32.0,10.0,EDGE,EDGE,prediction_complete,24.01
112,Stable,78.0,22.0,21.0,7.0,EDGE,EDGE,prediction_complete,23.58
113,Stable,75.0,21.0,31.0,7.0,EDGE,EDGE,prediction_complete,23.53
114,Stable,76.0,23.0,39.0,6.0,EDGE,EDGE,prediction_complete,24.07
115,Stable,85.0,19.0,29.0,9.0,EDGE,EDGE,prediction_complete,23.95
116,Stable,79.0,24.0,30.0,7.0,EDGE,EDGE,prediction_complete,24.02
117,Stable,79.0,20.0,26.0,7.0,EDGE,EDGE,prediction_complete,23.82
118,Stable,85.0,24.0,25.0,10.0,EDGE,EDGE,prediction_complete,23.24
119,Stable,84.0,22.0,32.0,9.0,EDGE,EDGE,prediction_complete,23.22
120,Stable,75.0,22.0,29.0,4.0,EDGE,EDGE,prediction_complete,23.51
121,Stable,81.0,23.0,34.0,8.0,EDGE,EDGE,prediction_complete,23.72
122,Stable,82.0,21.0,36.0,8.0,EDGE,EDGE,prediction_complete,23.96
123,Stable,77.0,19.0,29.0,9.0,EDGE,EDGE,prediction_complete,23.58
124,Stable,85.0,23.0,22.0,4.0,EDGE,EDGE,prediction_complete,23.41
125,Stable,85.0,22.0,27.0,4.0,EDGE,EDGE,prediction_complete,23.7
126,Stable,77.0,18.0,21.0,4.0,EDGE,EDGE,prediction_complete,23.37
127,Stable,82.0,19.0,34.0,7.0,EDGE,EDGE,prediction_complete,23.45
128,Stable,85.0,21.0,32.0,8.0,EDGE,EDGE,prediction_complete,23.54
129,Stable,81.0,21.0,24.0,1.0,EDGE,EDGE,prediction_complete,23.9
130,Stable,76.0,24.0,27.0,3.0,EDGE,EDGE,prediction_complete,23.84
131,Stable,83.0,25.0,21.0,9.0,EDGE,EDGE,prediction_complete,23.13
132,Stable,78.0,19.0,34.0,3.0,EDGE,EDGE,prediction_complete,23.7
133,Stable,82.0,23.0,34.0,10.0,EDGE,EDGE,prediction_complete,23.59
134,Stable,83.0,24.0,37.0,8.0,EDGE,EDGE,prediction_complete,23.99
135,Stable,77.0,25.0,34.0,5.0,EDGE,EDGE,prediction_complete,24.47
136,Stable,78.0,22.0,36.0,8.0,EDGE,EDGE,prediction_complete,24.65
137,Stable,85.0,21.0,28.0,8.0,EDGE,EDGE,prediction_complete,24.46
138,Stable,76.0,22.0,27.0,5.0,EDGE,EDGE,prediction_complete,24.56
139,Stable,80.0,23.0,37.0,2.0,EDGE,EDGE,prediction_complete,25.55
140,Stable,77.0,20.0,27.0,7.0,EDGE,EDGE,prediction_complete,24.82
141,Stable,77.0,21.0,22.0,7.0,EDGE,EDGE,prediction_complete,24.55
142,Stable,81.0,23.0,37.0,8.0,EDGE,EDGE,prediction_complete,24.54
143,Stable,81.0,18.0,26.0,7.0,EDGE,EDGE,prediction_complete,24.34
144,Stable,81.0,18.0,38.0,7.0,EDGE,EDGE,prediction_complete,24.53
145,Stable,82.0,18.0,31.0,5.0,EDGE,EDGE,prediction_complete,24.46
146,Stable,81.0,24.0,37.0,9.0,EDGE,EDGE,prediction_complete,24.36
147,Stable,84.0,21.0,35.0,4.0,EDGE,EDGE,prediction_complete,24.93
148,Stable,79.0,24.0,35.0,1.0,EDGE,EDGE,prediction_complete,25.53
149,Stable,81.0,23.0,32.0,3.0,EDGE,EDGE,prediction_complete,25.51
150,Stable,82.0,20.0,39.0,9.0,EDGE,EDGE,prediction_complete,25.29
151,Stable,75.0,24.0,38.0,10.0,EDGE,EDGE,prediction_complete,25.22
152,Stable,85.0,18.0,22.0,7.0,EDGE,EDGE,prediction_complete,24.67
153,Stable,77.0,25.0,25.0,1.0,EDGE,EDGE,prediction_complete,25.09
154,Stable,79.0,24.0,30.0,4.0,EDGE,EDGE,prediction_complete,25.23
155,Stable,82.0,23.0,30.0,7.0,EDGE,EDGE,prediction_complete,25.04
156,Stable,79.0,24.0,28.0,2.0,EDGE,EDGE,prediction_complete,25.35
157,Stable,82.0,18.0,37.0,1.0,EDGE,EDGE,prediction_complete,25.99
158,Stable,80.0,21.0,40.0,2.0,EDGE,EDGE,prediction_complete,26.37
159,Stable,85.0,18.0,20.0,4.0,EDGE,EDGE,prediction_complete,25.55
160,Stable,78.0,18.0,39.0,3.0,EDGE,EDGE,prediction_complete,25.85
161,Stable,78.0,20.0,35.0,2.0,EDGE,EDGE,prediction_complete,26.02
162,Stable,84.0,21.0,34.0,5.0,EDGE,EDGE,prediction_complete,26.11
163,Stable,80.0,20.0,39.0,10.0,EDGE,EDGE,prediction_complete,25.71
164,Stable,76.0,20.0,29.0,2.0,EDGE,EDGE,prediction_complete,25.85
165,Stable,84.0,18.0,29.0,10.0,EDGE,EDGE,prediction_complete,25.16
166,Stable,85.0,24.0,32.0,4.0,EDGE,EDGE,prediction_complete,25.29
167,Stable,76.0,21.0,23.0,5.0,EDGE,EDGE,prediction_complete,24.75
168,Stable,85.0,19.0,38.0,1.0,EDGE,EDGE,prediction_complete,25.34
169,Stable,80.0,24.0,31.0,2.0,EDGE,EDGE,prediction_complete,25.82
170,Stable,83.0,23.0,20.0,7.0,EDGE,EDGE,prediction_complete,24.71
171,Stable,82.0,19.0,33.0,6.0,EDGE,EDGE,prediction_complete,24.4
172,Stable,85.0,25.0,24.0,7.0,EDGE,EDGE,prediction_complete,23.92
173,Stable,77.0,22.0,39.0,9.0,EDGE,EDGE,prediction_complete,23.91
174,Stable,82.0,25.0,33.0,10.0,EDGE,EDGE,prediction_complete,23.64
175,Stable,79.0,23.0,27.0,2.0,EDGE,EDGE,prediction_complete,24.31
176,Stable,79.0,25.0,27.0,8.0,EDGE,EDGE,prediction_complete,24.02
177,Stable,84.0,24.0,30.0,1.0,EDGE,EDGE,prediction_complete,24.72
178,Stable,82.0,23.0,25.0,8.0,EDGE,EDGE,prediction_complete,24.05
179,Stable,78.0,23.0,28.0,6.0,EDGE,EDGE,prediction_complete,23.82
180,Stable,79.0,22.0,37.0,1.0,EDGE,EDGE,prediction_complete,24.96
181,Stable,83.0,21.0,22.0,4.0,EDGE,EDGE,prediction_complete,24.7
182,Stable,81.0,25.0,37.0,4.0,EDGE,EDGE,prediction_complete,25.27
183,Stable,82.0,25.0,34.0,1.0,EDGE,EDGE,prediction_complete,25.81
184,Stable,76.0,22.0,27.0,7.0,EDGE,EDGE,prediction_complete,25.32
185,Stable,78.0,22.0,38.0,6.0,EDGE,EDGE,prediction_complete,25.47
186,Stable,82.0,23.0,33.0,9.0,EDGE,EDGE,prediction_complete,25.28
187,Stable,80.0,23.0,34.0,5.0,EDGE,EDGE,prediction_complete,25.46
188,Stable,79.0,22.0,27.0,2.0,EDGE,EDGE,prediction_complete,25.84
189,Stable,78.0,23.0,23.0,9.0,EDGE,EDGE,prediction_complete,25.02
190,Stable,77.0,21.0,26.0,8.0,EDGE,EDGE,prediction_complete,24.38
191,Stable,79.0,22.0,23.0,4.0,EDGE,EDGE,prediction_complete,24.51
192,Stable,79.0,21.0,31.0,3.0,EDGE,EDGE,prediction_complete,24.76
193,Stable,79.0,18.0,37.0,3.0,EDGE,EDGE,prediction_complete,25.15
194,Stable,79.0,18.0,21.0,9.0,EDGE,EDGE,prediction_complete,24.24
195,Stable,79.0,20.0,40.0,8.0,EDGE,EDGE,prediction_complete,24.32
196,Stable,76.0,18.0,38.0,5.0,EDGE,EDGE,prediction_complete,24.89
197,Stable,82.0,25.0,34.0,6.0,EDGE,EDGE,prediction_complete,25.07
198,Stable,77.0,18.0,28.0,8.0,EDGE,EDGE,prediction_complete,24.58
199,Stable,76.0,19.0,32.0,8.0,EDGE,EDGE,prediction_complete,24.63
200,Stable,76.0,18.0,24.0,3.0,EDGE,EDGE,prediction_complete,24.81
201,Stable,84.0,22.0,22.0,4.0,EDGE,EDGE,prediction_complete,24.73
202,Stable,76.0,24.0,39.0,10.0,EDGE,EDGE,prediction_complete,24.54
203,Stable,84.0,21.0,36.0,7.0,EDGE,EDGE,prediction_complete,24.62
204,Stable,82.0,25.0,29.0,10.0,EDGE,EDGE,prediction_complete,24.39
205,Stable,81.0,22.0,38.0,10.0,EDGE,EDGE,prediction_complete,24.29
206,Stable,75.0,19.0,26.0,4.0,EDGE,EDGE,prediction_complete,24.19
207,Stable,79.0,19.0,25.0,4.0,EDGE,EDGE,prediction_complete,24.18
208,Stable,77.0,19.0,25.0,1.0,EDGE,EDGE,prediction_complete,24.77
209,Stable,81.0,25.0,39.0,8.0,EDGE,EDGE,prediction_complete,24.71
210,Stable,79.0,18.0,27.0,5.0,EDGE,EDGE,prediction_complete,24.58
211,Stable,79.0,25.0,22.0,4.0,EDGE,EDGE,prediction_complete,24.54
212,Stable,79.0,21.0,33.0,2.0,EDGE,EDGE,prediction_complete,24.95
213,Stable,83.0,21.0,40.0,3.0,EDGE,EDGE,prediction_complete,25.65
214,Stable,79.0,20.0,22.0,1.0,EDGE,EDGE,prediction_complete,25.72
215,Stable,77.0,22.0,39.0,10.0,EDGE,EDGE,prediction_complete,25.38
216,Stable,79.0,25.0,23.0,8.0,EDGE,EDGE,prediction_complete,24.77
217,Stable,79.0,24.0,28.0,9.0,EDGE,EDGE,prediction_complete,24.45
218,Stable,83.0,25.0,34.0,2.0,EDGE,EDGE,prediction_complete,25.13
219,Stable,84.0,18.0,33.0,6.0,EDGE,EDGE,prediction_complete,25.05
220,Stable,84.0,22.0,20.0,2.0,EDGE,EDGE,prediction_complete,24.93
221,Stable,78.0,18.0,28.0,10.0,EDGE,EDGE,prediction_complete,24.11
222,Stable,75.0,20.0,35.0,9.0,EDGE,EDGE,prediction_complete,23.86
223,Stable,85.0,25.0,28.0,3.0,EDGE,EDGE,prediction_complete,24.14
224,Stable,84.0,24.0,40.0,8.0,EDGE,EDGE,prediction_complete,24.28
225,Stable,76.0,25.0,31.0,7.0,EDGE,EDGE,prediction_complete,24.17
226,Stable,80.0,23.0,23.0,3.0,EDGE,EDGE,prediction_complete,24.38
227,Stable,80.0,24.0,35.0,5.0,EDGE,EDGE,prediction_complete,24.81
228,Stable,85.0,24.0,37.0,1.0,EDGE,EDGE,prediction_complete,25.57
229,Stable,82.0,19.0,30.0,5.0,EDGE,EDGE,prediction_complete,25.43
230,Stable,80.0,19.0,32.0,9.0,EDGE,EDGE,prediction_complete,24.92
231,Stable,75.0,25.0,33.0,1.0,EDGE,EDGE,prediction_complete,25.69
232,Stable,78.0,23.0,39.0,8.0,EDGE,EDGE,prediction_complete,25.69
233,Stable,85.0,25.0,21.0,4.0,EDGE,EDGE,prediction_complete,25.46
234,Stable,79.0,20.0,29.0,8.0,EDGE,EDGE,prediction_complete,24.94
235,Stable,82.0,19.0,20.0,10.0,EDGE,EDGE,prediction_complete,23.93
236,Stable,78.0,20.0,29.0,9.0,EDGE,EDGE,prediction_complete,23.62
237,Stable,75.0,24.0,22.0,4.0,EDGE,EDGE,prediction_complete,23.58
238,Stable,76.0,25.0,23.0,3.0,EDGE,EDGE,prediction_complete,23.67
239,Stable,82.0,22.0,36.0,5.0,EDGE,EDGE,prediction_complete,24.23
240,Stable,81.0,25.0,35.0,4.0,EDGE,EDGE,prediction_complete,24.85
241,Stable,82.0,20.0,32.0,4.0,EDGE,EDGE,prediction_complete,24.76
242,Stable,84.0,20.0,22.0,5.0,EDGE,EDGE,prediction_complete,24.26
243,Stable,81.0,23.0,36.0,5.0,EDGE,EDGE,prediction_complete,24.61
244,Stable,75.0,22.0,29.0,10.0,EDGE,EDGE,prediction_complete,24.08
245,Stable,84.0,25.0,24.0,8.0,EDGE,EDGE,prediction_complete,24.03
246,Stable,83.0,25.0,31.0,6.0,EDGE,EDGE,prediction_complete,24.22
247,Stable,83.0,24.0,34.0,6.0,EDGE,EDGE,prediction_complete,24.37
248,Stable,78.0,21.0,38.0,7.0,EDGE,EDGE,prediction_complete,24.49
249,Stable,78.0,24.0,21.0,6.0,EDGE,EDGE,prediction_complete,24.09
250,Stable,82.0,24.0,32.0,3.0,EDGE,EDGE,prediction_complete,24.47
251,Stable,82.0,18.0,24.0,9.0,EDGE,EDGE,prediction_complete,23.77
252,Stable,84.0,23.0,23.0,8.0,EDGE,EDGE,prediction_complete,23.44
253,Stable,76.0,25.0,20.0,3.0,EDGE,EDGE,prediction_complete,23.28
254,Stable,81.0,20.0,22.0,8.0,EDGE,EDGE,prediction_complete,22.8
255,Stable,79.0,23.0,39.0,7.0,EDGE,EDGE,prediction_complete,23.44
256,Stable,85.0,19.0,30.0,9.0,EDGE,EDGE,prediction_complete,23.26
257,Stable,81.0,23.0,40.0,8.0,EDGE,EDGE,prediction_complete,23.58
258,Stable,83.0,18.0,39.0,2.0,EDGE,EDGE,prediction_complete,24.35
259,Stable,78.0,22.0,27.0,2.0,EDGE,EDGE,prediction_complete,24.63
260,Stable,81.0,19.0,40.0,2.0,EDGE,EDGE,prediction_complete,25.26
261,Stable,82.0,20.0,29.0,1.0,EDGE,EDGE,prediction_complete,25.79
262,Stable,75.0,23.0,21.0,5.0,EDGE,EDGE,prediction_complete,25.31
263,Stable,80.0,23.0,33.0,3.0,EDGE,EDGE,prediction_complete,25.55
264,Stable,78.0,24.0,38.0,3.0,EDGE,EDGE,prediction_complete,26.27
265,Stable,77.0,20.0,22.0,10.0,EDGE,EDGE,prediction_complete,25.07
266,Stable,81.0,21.0,35.0,10.0,EDGE,EDGE,prediction_complete,25.04
267,Stable,77.0,21.0,34.0,5.0,EDGE,EDGE,prediction_complete,25.34
268,Stable,82.0,22.0,20.0,8.0,EDGE,EDGE,prediction_complete,24.56
269,Stable,79.0,20.0,22.0,8.0,EDGE,EDGE,prediction_complete,23.94
270,Stable,80.0,22.0,40.0,7.0,EDGE,EDGE,prediction_complete,24.22
271,Stable,79.0,25.0,29.0,4.0,EDGE,EDGE,prediction_complete,24.46
272,Stable,81.0,25.0,23.0,4.0,EDGE,EDGE,prediction_complete,24.41
273,Stable,81.0,23.0,38.0,5.0,EDGE,EDGE,prediction_complete,24.7
274,Stable,79.0,18.0,32.0,5.0,EDGE,EDGE,prediction_complete,24.53
275,Stable,75.0,18.0,39.0,8.0,EDGE,EDGE,prediction_complete,24.78
276,Stable,79.0,21.0,39.0,6.0,EDGE,EDGE,prediction_complete,25.3
277,Stable,78.0,21.0,39.0,5.0,EDGE,EDGE,prediction_complete,25.67
278,Stable,85.0,20.0,40.0,2.0,EDGE,EDGE,prediction_complete,26.67
279,Stable,85.0,18.0,29.0,8.0,EDGE,EDGE,prediction_complete,26.11
280,Stable,75.0,23.0,24.0,2.0,EDGE,EDGE,prediction_complete,25.89
281,Stable,79.0,23.0,33.0,3.0,EDGE,EDGE,prediction_complete,26.06
282,Stable,78.0,20.0,37.0,6.0,EDGE,EDGE,prediction_complete,26.11
283,Stable,83.0,22.0,25.0,5.0,EDGE,EDGE,prediction_complete,25.65
284,Stable,82.0,22.0,30.0,2.0,EDGE,EDGE,prediction_complete,25.82
285,Stable,82.0,19.0,24.0,4.0,EDGE,EDGE,prediction_complete,25.3
286,Stable,85.0,24.0,37.0,6.0,EDGE,EDGE,prediction_complete,25.23
287,Stable,76.0,24.0,20.0,5.0,EDGE,EDGE,prediction_complete,24.52
288,Stable,83.0,19.0,34.0,6.0,EDGE,EDGE,prediction_complete,24.44
289,Stable,85.0,22.0,38.0,7.0,EDGE,EDGE,prediction_complete,24.77
290,Stable,85.0,23.0,23.0,4.0,EDGE,EDGE,prediction_complete,24.44
291,Stable,82.0,18.0,39.0,9.0,EDGE,EDGE,prediction_complete,24.1
292,Stable,80.0,21.0,40.0,2.0,EDGE,EDGE,prediction_complete,24.83
293,Stable,85.0,25.0,29.0,7.0,EDGE,EDGE,prediction_complete,24.65
294,Stable,76.0,20.0,21.0,1.0,EDGE,EDGE,prediction_complete,24.56
295,Stable,79.0,25.0,23.0,2.0,EDGE,EDGE,prediction_complete,24.68
296,Stable,78.0,20.0,32.0,8.0,EDGE,EDGE,prediction_complete,24.34
297,Stable,80.0,24.0,38.0,3.0,EDGE,EDGE,prediction_complete,25.13
298,Stable,81.0,19.0,35.0,10.0,EDGE,EDGE,prediction_complete,24.8
299,Stable,81.0,22.0,21.0,6.0,EDGE,EDGE,prediction_complete,24.41
300,Stable,78.0,25.0,34.0,4.0,EDGE,EDGE,prediction_complete,24.96
301,Stable,80.0,19.0,31.0,9.0,EDGE,EDGE,prediction_complete,24.65
302,Stable,85.0,23.0,21.0,7.0,EDGE,EDGE,prediction_complete,23.98
303,Stable,79.0,21.0,23.0,8.0,EDGE,EDGE,prediction_complete,23.55
304,Stable,76.0,21.0,40.0,10.0,EDGE,EDGE,prediction_complete,23.63
305,Stable,75.0,18.0,30.0,4.0,EDGE,EDGE,prediction_complete,23.95
306,Stable,77.0,21.0,22.0,9.0,EDGE,EDGE,prediction_complete,23.45
307,Stable,78.0,21.0,27.0,6.0,EDGE,EDGE,prediction_complete,23.36
308,Stable,77.0,18.0,28.0,3.0,EDGE,EDGE,prediction_complete,23.85
309,Stable,77.0,22.0,25.0,2.0,EDGE,EDGE,prediction_complete,24.44
310,Stable,85.0,18.0,24.0,1.0,EDGE,EDGE,prediction_complete,24.44
311,Stable,80.0,21.0,38.0,6.0,EDGE,EDGE,prediction_complete,24.68
312,Stable,75.0,20.0,28.0,1.0,EDGE,EDGE,prediction_complete,25.22
313,Stable,77.0,24.0,36.0,2.0,EDGE,EDGE,prediction_complete,25.95
314,Stable,76.0,25.0,34.0,6.0,EDGE,EDGE,prediction_complete,25.89
315,Stable,83.0,19.0,34.0,9.0,EDGE,EDGE,prediction_complete,25.46
316,Stable,78.0,18.0,36.0,5.0,EDGE,EDGE,prediction_complete,25.86
317,Stable,82.0,18.0,21.0,8.0,EDGE,EDGE,prediction_complete,25.08
318,Stable,81.0,24.0,23.0,8.0,EDGE,EDGE,prediction_complete,24.46
319,Stable,82.0,19.0,22.0,6.0,EDGE,EDGE,prediction_complete,24.0
320,Stable,84.0,20.0,22.0,3.0,EDGE,EDGE,prediction_complete,23.99
321,Stable,79.0,23.0,32.0,10.0,EDGE,EDGE,prediction_complete,23.46
322,Stable,83.0,22.0,34.0,9.0,EDGE,EDGE,prediction_complete,23.23
323,Stable,84.0,24.0,23.0,2.0,EDGE,EDGE,prediction_complete,23.22
324,Stable,85.0,21.0,33.0,8.0,EDGE,EDGE,prediction_complete,22.92
325,Stable,78.0,24.0,30.0,8.0,EDGE,EDGE,prediction_complete,22.87
326,Stable,81.0,24.0,23.0,6.0,EDGE,EDGE,prediction_complete,22.63
327,Stable,81.0,23.0,28.0,6.0,EDGE,EDGE,prediction_complete,22.96
328,Stable,77.0,25.0,22.0,2.0,EDGE,EDGE,prediction_complete,23.38
329,Stable,76.0,19.0,33.0,2.0,EDGE,EDGE,prediction_complete,24.17
330,Stable,80.0,20.0,37.0,1.0,EDGE,EDGE,prediction_complete,25.2
331,Stable,84.0,23.0,23.0,7.0,EDGE,EDGE,prediction_complete,24.64
332,Stable,80.0,24.0,21.0,5.0,EDGE,EDGE,prediction_complete,24.32
333,Stable,84.0,22.0,31.0,2.0,EDGE,EDGE,prediction_complete,24.77
334,Stable,84.0,21.0,24.0,8.0,EDGE,EDGE,prediction_complete,24.15
335,Stable,78.0,19.0,31.0,9.0,EDGE,EDGE,prediction_complete,23.71
336,Stable,80.0,19.0,28.0,10.0,EDGE,EDGE,prediction_complete,23.34
337,Stable,78.0,24.0,37.0,10.0,EDGE,EDGE,prediction_complete,23.49
338,Stable,84.0,18.0,39.0,5.0,EDGE,EDGE,prediction_complete,24.1
339,Stable,75.0,20.0,28.0,5.0,EDGE,EDGE,prediction_complete,23.97
340,Stable,80.0,23.0,20.0,3.0,EDGE,EDGE,prediction_complete,23.77
341,Stable,77.0,24.0,22.0,3.0,EDGE,EDGE,prediction_complete,24.0
342,Stable,85.0,18.0,22.0,9.0,EDGE,EDGE,prediction_complete,23.37
343,Stable,78.0,24.0,33.0,8.0,EDGE,EDGE,prediction_complete,23.29
344,Stable,80.0,20.0,31.0,5.0,EDGE,EDGE,prediction_complete,23.76
345,Stable,80.0,19.0,21.0,3.0,EDGE,EDGE,prediction_complete,23.75
346,Stable,77.0,18.0,22.0,5.0,EDGE,EDGE,prediction_complete,23.58
347,Stable,82.0,24.0,35.0,10.0,EDGE,EDGE,prediction_complete,23.42
348,Stable,82.0,24.0,28.0,4.0,EDGE,EDGE,prediction_complete,23.7
349,Stable,83.0,19.0,31.0,7.0,EDGE,EDGE,prediction_complete,23.56
350,Stable,76.0,22.0,38.0,8.0,EDGE,EDGE,prediction_complete,23.79
351,Stable,83.0,22.0,21.0,4.0,EDGE,EDGE,prediction_complete,23.71
352,Stable,81.0,18.0,20.0,4.0,EDGE,EDGE,prediction_complete,23.73
353,Stable,79.0,21.0,24.0,5.0,EDGE,EDGE,prediction_complete,23.48
354,Stable,79.0,23.0,23.0,1.0,EDGE,EDGE,prediction_complete,23.78
355,Stable,82.0,24.0,25.0,3.0,EDGE,EDGE,prediction_complete,23.95
356,Stable,81.0,21.0,36.0,9.0,EDGE,EDGE,prediction_complete,23.79
357,Stable,85.0,23.0,22.0,7.0,EDGE,EDGE,prediction_complete,23.43
358,Stable,75.0,24.0,20.0,8.0,EDGE,EDGE,prediction_complete,22.78
359,Stable,76.0,23.0,38.0,7.0,EDGE,EDGE,prediction_complete,23.37
360,Stable,84.0,24.0,40.0,7.0,EDGE,EDGE,prediction_complete,23.91
361,Stable,79.0,19.0,32.0,1.0,EDGE,EDGE,prediction_complete,24.78
362,Stable,80.0,20.0,39.0,8.0,EDGE,EDGE,prediction_complete,25.02
363,Stable,80.0,19.0,33.0,2.0,EDGE,EDGE,prediction_complete,25.57
364,Stable,78.0,24.0,38.0,7.0,EDGE,EDGE,prediction_complete,25.6
365,Stable,83.0,19.0,32.0,5.0,EDGE,EDGE,prediction_complete,25.61
366,Stable,80.0,21.0,30.0,3.0,EDGE,EDGE,prediction_complete,25.75
367,Stable,76.0,19.0,36.0,9.0,EDGE,EDGE,prediction_complete,25.61
368,Stable,78.0,23.0,31.0,3.0,EDGE,EDGE,prediction_complete,25.99
369,Stable,78.0,19.0,24.0,5.0,EDGE,EDGE,prediction_complete,25.47
370,Stable,78.0,20.0,39.0,3.0,EDGE,EDGE,prediction_complete,26.05
371,Stable,85.0,19.0,25.0,8.0,EDGE,EDGE,prediction_complete,25.2
372,Stable,82.0,25.0,38.0,10.0,EDGE,EDGE,prediction_complete,24.97
373,Stable,80.0,23.0,24.0,8.0,EDGE,EDGE,prediction_complete,24.35
374,Stable,76.0,25.0,34.0,5.0,EDGE,EDGE,prediction_complete,24.58
375,Stable,79.0,18.0,31.0,9.0,EDGE,EDGE,prediction_complete,24.36
376,Stable,76.0,22.0,34.0,8.0,EDGE,EDGE,prediction_complete,24.38
377,Stable,75.0,18.0,31.0,5.0,EDGE,EDGE,prediction_complete,24.61
378,Stable,76.0,19.0,39.0,10.0,EDGE,EDGE,prediction_complete,24.6
379,Stable,83.0,24.0,34.0,10.0,EDGE,EDGE,prediction_complete,24.78
380,Stable,83.0,18.0,34.0,10.0,EDGE,EDGE,prediction_complete,24.56
381,Stable,85.0,21.0,30.0,10.0,EDGE,EDGE,prediction_complete,24.53
382,Stable,82.0,20.0,21.0,8.0,EDGE,EDGE,prediction_complete,23.54
383,Stable,76.0,23.0,22.0,9.0,EDGE,EDGE,prediction_complete,23.07
384,Stable,85.0,20.0,21.0,4.0,EDGE,EDGE,prediction_complete,22.84
385,Stable,82.0,25.0,36.0,9.0,EDGE,EDGE,prediction_complete,22.94
386,Stable,84.0,20.0,31.0,6.0,EDGE,EDGE,prediction_complete,22.97
387,Stable,79.0,24.0,33.0,6.0,EDGE,EDGE,prediction_complete,23.04
388,Stable,85.0,18.0,40.0,6.0,EDGE,EDGE,prediction_complete,23.43
389,Stable,76.0,23.0,23.0,9.0,EDGE,EDGE,prediction_complete,22.9
390,Stable,85.0,24.0,29.0,5.0,EDGE,EDGE,prediction_complete,23.3
391,Stable,85.0,20.0,30.0,2.0,EDGE,EDGE,prediction_complete,23.96
392,Stable,84.0,20.0,31.0,5.0,EDGE,EDGE,prediction_complete,24.15
393,Stable,85.0,24.0,24.0,10.0,EDGE,EDGE,prediction_complete,23.4
394,Stable,76.0,22.0,37.0,7.0,EDGE,EDGE,prediction_complete,23.7
395,Stable,85.0,23.0,24.0,9.0,EDGE,EDGE,prediction_complete,23.21
396,Stable,76.0,24.0,36.0,6.0,EDGE,EDGE,prediction_complete,23.65
397,Stable,75.0,23.0,29.0,3.0,EDGE,EDGE,prediction_complete,24.02
398,Stable,78.0,23.0,35.0,4.0,EDGE,EDGE,prediction_complete,24.6
399,Stable,78.0,20.0,24.0,2.0,EDGE,EDGE,prediction_complete,24.93
400,Stable,79.0,19.0,36.0,9.0,EDGE,EDGE,prediction_complete,24.84
401,Stable,83.0,18.0,30.0,10.0,EDGE,EDGE,prediction_complete,24.38
402,Stable,77.0,24.0,24.0,3.0,EDGE,EDGE,prediction_complete,24.53
403,Stable,77.0,20.0,34.0,1.0,EDGE,EDGE,prediction_complete,25.5
404,Stable,81.0,23.0,27.0,8.0,EDGE,EDGE,prediction_complete,24.88
405,Stable,84.0,22.0,34.0,4.0,EDGE,EDGE,prediction_complete,25.45
406,Stable,83.0,21.0,29.0,8.0,EDGE,EDGE,prediction_complete,24.79
407,Stable,78.0,23.0,38.0,8.0,EDGE,EDGE,prediction_complete,24.68
408,Stable,82.0,22.0,32.0,9.0,EDGE,EDGE,prediction_complete,24.31
409,Stable,83.0,24.0,25.0,4.0,EDGE,EDGE,prediction_complete,24.29
410,Stable,84.0,20.0,28.0,1.0,EDGE,EDGE,prediction_complete,24.67
411,Stable,85.0,25.0,31.0,9.0,EDGE,EDGE,prediction_complete,24.38
412,Stable,76.0,19.0,29.0,2.0,EDGE,EDGE,prediction_complete,24.54
413,Stable,77.0,22.0,34.0,9.0,EDGE,EDGE,prediction_complete,24.05
414,Stable,77.0,24.0,22.0,4.0,EDGE,EDGE,prediction_complete,24.13
415,Stable,82.0,23.0,20.0,7.0,EDGE,EDGE,prediction_complete,23.61
416,Stable,75.0,24.0,36.0,6.0,EDGE,EDGE,prediction_complete,24.11
417,Stable,78.0,24.0,22.0,6.0,EDGE,EDGE,prediction_complete,23.87
418,Stable,78.0,18.0,30.0,2.0,EDGE,EDGE,prediction_complete,24.53
419,Stable,85.0,23.0,24.0,3.0,EDGE,EDGE,prediction_complete,24.7
420,Stable,75.0,22.0,35.0,3.0,EDGE,EDGE,prediction_complete,25.12
421,Stable,82.0,25.0,39.0,1.0,EDGE,EDGE,prediction_complete,26.24
422,Stable,76.0,18.0,28.0,4.0,EDGE,EDGE,prediction_complete,25.83
423,Stable,77.0,24.0,23.0,5.0,EDGE,EDGE,prediction_complete,25.41
424,Stable,78.0,22.0,23.0,1.0,EDGE,EDGE,prediction_complete,25.55
425,Stable,78.0,24.0,40.0,10.0,EDGE,EDGE,prediction_complete,25.58
426,Stable,82.0,19.0,23.0,8.0,EDGE,EDGE,prediction_complete,24.8
427,Stable,84.0,18.0,40.0,9.0,EDGE,EDGE,prediction_complete,24.92
428,Stable,84.0,21.0,24.0,5.0,EDGE,EDGE,prediction_complete,24.62
429,Stable,81.0,18.0,39.0,6.0,EDGE,EDGE,prediction_complete,24.9
430,Stable,78.0,24.0,25.0,2.0,EDGE,EDGE,prediction_complete,24.82
431,Stable,83.0,23.0,22.0,9.0,EDGE,EDGE,prediction_complete,23.79
432,Stable,83.0,18.0,32.0,8.0,EDGE,EDGE,prediction_complete,23.53
433,Stable,75.0,24.0,31.0,5.0,EDGE,EDGE,prediction_complete,23.74
434,Stable,75.0,23.0,22.0,6.0,EDGE,EDGE,prediction_complete,23.41
435,Stable,78.0,19.0,38.0,6.0,EDGE,EDGE,prediction_complete,23.85
436,Stable,77.0,18.0,31.0,9.0,EDGE,EDGE,prediction_complete,23.93
437,Stable,80.0,20.0,34.0,8.0,EDGE,EDGE,prediction_complete,24.15
438,Stable,85.0,20.0,24.0,2.0,EDGE,EDGE,prediction_complete,24.56
439,Stable,82.0,18.0,29.0,4.0,EDGE,EDGE,prediction_complete,24.5
440,Stable,75.0,21.0,21.0,6.0,EDGE,EDGE,prediction_complete,23.85
441,Stable,79.0,24.0,37.0,8.0,EDGE,EDGE,prediction_complete,24.21
442,Stable,79.0,18.0,40.0,4.0,EDGE,EDGE,prediction_complete,24.98
443,Stable,79.0,23.0,21.0,6.0,EDGE,EDGE,prediction_complete,24.4
444,Stable,79.0,19.0,31.0,7.0,EDGE,EDGE,prediction_complete,24.29
445,Stable,81.0,25.0,32.0,6.0,EDGE,EDGE,prediction_complete,24.36
446,Stable,77.0,25.0,35.0,6.0,EDGE,EDGE,prediction_complete,24.73
447,Stable,83.0,22.0,22.0,7.0,EDGE,EDGE,prediction_complete,24.35
448,Stable,76.0,24.0,39.0,3.0,EDGE,EDGE,prediction_complete,25.21
449,Stable,83.0,22.0,30.0,2.0,EDGE,EDGE,prediction_complete,25.65
450,Stable,76.0,23.0,29.0,5.0,EDGE,EDGE,prediction_complete,25.54
451,Stable,82.0,24.0,25.0,8.0,EDGE,EDGE,prediction_complete,24.9
452,Stable,80.0,25.0,21.0,6.0,EDGE,EDGE,prediction_complete,24.3
453,Stable,84.0,24.0,28.0,1.0,EDGE,EDGE,prediction_complete,24.9
454,Stable,76.0,24.0,31.0,9.0,EDGE,EDGE,prediction_complete,24.49
455,Stable,85.0,20.0,20.0,3.0,EDGE,EDGE,prediction_complete,24.34
456,Stable,84.0,25.0,21.0,3.0,EDGE,EDGE,prediction_complete,24.07
457,Stable,76.0,21.0,40.0,6.0,EDGE,EDGE,prediction_complete,24.52
458,Stable,80.0,24.0,38.0,1.0,EDGE,EDGE,prediction_complete,25.22
459,Stable,84.0,20.0,34.0,6.0,EDGE,EDGE,prediction_complete,25.12
460,Stable,80.0,25.0,22.0,10.0,EDGE,EDGE,prediction_complete,24.08
461,Stable,77.0,23.0,32.0,6.0,EDGE,EDGE,prediction_complete,24.35
462,Stable,85.0,22.0,27.0,2.0,EDGE,EDGE,prediction_complete,24.83
463,Stable,75.0,20.0,35.0,9.0,EDGE,EDGE,prediction_complete,24.52
464,Stable,81.0,19.0,28.0,5.0,EDGE,EDGE,prediction_complete,24.56
465,Stable,82.0,21.0,39.0,5.0,EDGE,EDGE,prediction_complete,25.19
466,Stable,82.0,21.0,23.0,3.0,EDGE,EDGE,prediction_complete,25.13
467,Stable,76.0,25.0,25.0,8.0,EDGE,EDGE,prediction_complete,24.34
468,Stable,76.0,23.0,31.0,2.0,EDGE,EDGE,prediction_complete,24.63
469,Stable,83.0,22.0,29.0,3.0,EDGE,EDGE,prediction_complete,24.96
470,Stable,85.0,20.0,31.0,9.0,EDGE,EDGE,prediction_complete,24.65
471,Stable,78.0,19.0,26.0,3.0,EDGE,EDGE,prediction_complete,24.58
472,Stable,78.0,25.0,20.0,6.0,EDGE,EDGE,prediction_complete,24.09
473,Stable,83.0,23.0,34.0,9.0,EDGE,EDGE,prediction_complete,23.91
474,Stable,77.0,19.0,22.0,5.0,EDGE,EDGE,prediction_complete,23.74
475,Stable,81.0,25.0,36.0,7.0,EDGE,EDGE,prediction_complete,23.93
476,Stable,81.0,19.0,24.0,6.0,EDGE,EDGE,prediction_complete,23.78
477,Stable,85.0,19.0,34.0,8.0,EDGE,EDGE,prediction_complete,23.77
478,Stable,85.0,23.0,24.0,9.0,EDGE,EDGE,prediction_complete,23.03
479,Stable,85.0,20.0,24.0,7.0,EDGE,EDGE,prediction_complete,22.66
480,Stable,83.0,18.0,23.0,9.0,EDGE,EDGE,prediction_complete,22.18
481,Stable,77.0,22.0,25.0,3.0,EDGE,EDGE,prediction_complete,22.34
482,Stable,80.0,21.0,31.0,9.0,EDGE,EDGE,prediction_complete,22.25
483,Stable,79.0,19.0,28.0,4.0,EDGE,EDGE,prediction_complete,22.63
484,Stable,85.0,22.0,24.0,5.0,EDGE,EDGE,prediction_complete,22.68
485,Stable,84.0,19.0,36.0,3.0,EDGE,EDGE,prediction_complete,23.23
486,Stable,84.0,20.0,25.0,10.0,EDGE,EDGE,prediction_complete,22.62
487,Stable,84.0,23.0,38.0,1.0,EDGE,EDGE,prediction_complete,23.71
488,Stable,75.0,19.0,21.0,10.0,EDGE,EDGE,prediction_complete,22.96
489,Stable,79.0,21.0,38.0,7.0,EDGE,EDGE,prediction_complete,23.55
490,Stable,84.0,18.0,35.0,9.0,EDGE,EDGE,prediction_complete,23.8
491,Stable,79.0,22.0,35.0,4.0,EDGE,EDGE,prediction_complete,24.23
492,Stable,85.0,24.0,29.0,8.0,EDGE,EDGE,prediction_complete,24.09
493,Stable,76.0,18.0,25.0,8.0,EDGE,EDGE,prediction_complete,23.6
494,Stable,81.0,25.0,34.0,4.0,EDGE,EDGE,prediction_complete,24.29
495,Stable,80.0,20.0,30.0,6.0,EDGE,EDGE,prediction_complete,24.2
496,Stable,80.0,24.0,24.0,6.0,EDGE,EDGE,prediction_complete,24.22
497,Stable,83.0,19.0,30.0,4.0,EDGE,EDGE,prediction_complete,24.19
498,Stable,82.0,19.0,28.0,8.0,EDGE,EDGE,prediction_complete,23.91
499,Stable,78.0,20.0,23.0,1.0,EDGE,EDGE,prediction_complete,24.01
500,Stable,79.0,24.0,39.0,7.0,EDGE,EDGE,prediction_complete,24.34
501,Stable,78.0,20.0,30.0,10.0,EDGE,EDGE,prediction_complete,23.78
502,Stable,80.0,21.0,25.0,8.0,EDGE,EDGE,prediction_complete,23.62
503,Stable,83.0,25.0,35.0,5.0,EDGE,EDGE,prediction_complete,24.21
504,Stable,82.0,18.0,22.0,7.0,EDGE,EDGE,prediction_complete,23.63
505,Stable,83.0,25.0,27.0,4.0,EDGE,EDGE,prediction_complete,23.81
506,Stable,84.0,23.0,21.0,1.0,EDGE,EDGE,prediction_complete,24.03
507,Stable,79.0,25.0,39.0,8.0,EDGE,EDGE,prediction_complete,24.06
508,Stable,79.0,18.0,23.0,7.0,EDGE,EDGE,prediction_complete,23.72
509,Stable,77.0,22.0,31.0,7.0,EDGE,EDGE,prediction_complete,23.6
510,Stable,80.0,18.0,32.0,1.0,EDGE,EDGE,prediction_complete,24.19
511,Stable,84.0,21.0,31.0,9.0,EDGE,EDGE,prediction_complete,23.95
512,Stable,79.0,19.0,32.0,9.0,EDGE,EDGE,prediction_complete,23.83
513,Stable,82.0,22.0,39.0,10.0,EDGE,EDGE,prediction_complete,23.88
514,Stable,76.0,20.0,23.0,7.0,EDGE,EDGE,prediction_complete,23.78
515,Stable,80.0,23.0,37.0,6.0,EDGE,EDGE,prediction_complete,24.27
516,Stable,77.0,21.0,39.0,9.0,EDGE,EDGE,prediction_complete,24.49
517,Stable,81.0,18.0,21.0,1.0,EDGE,EDGE,prediction_complete,24.59
518,Stable,77.0,23.0,35.0,9.0,EDGE,EDGE,prediction_complete,24.56
519,Stable,82.0,20.0,39.0,9.0,EDGE,EDGE,prediction_complete,24.66
520,Stable,77.0,23.0,39.0,6.0,EDGE,EDGE,prediction_complete,24.96
521,Stable,77.0,24.0,39.0,5.0,EDGE,EDGE,prediction_complete,25.7
522,Stable,84.0,23.0,36.0,9.0,EDGE,EDGE,prediction_complete,25.64
523,Stable,83.0,25.0,38.0,5.0,EDGE,EDGE,prediction_complete,26.07
524,Stable,82.0,18.0,31.0,6.0,EDGE,EDGE,prediction_complete,25.88
525,Stable,85.0,19.0,33.0,10.0,EDGE,EDGE,prediction_complete,25.19
526,Stable,79.0,18.0,39.0,8.0,EDGE,EDGE,prediction_complete,25.09
527,Stable,79.0,21.0,21.0,10.0,EDGE,EDGE,prediction_complete,24.21
528,Stable,82.0,20.0,36.0,10.0,EDGE,EDGE,prediction_complete,24.03
529,Stable,81.0,20.0,27.0,1.0,EDGE,EDGE,prediction_complete,24.45
530,Stable,84.0,19.0,26.0,1.0,EDGE,EDGE,prediction_complete,24.77
531,Stable,82.0,23.0,33.0,3.0,EDGE,EDGE,prediction_complete,24.53
532,Stable,81.0,21.0,33.0,9.0,EDGE,EDGE,prediction_complete,24.14
533,Stable,84.0,25.0,21.0,3.0,EDGE,EDGE,prediction_complete,23.93
534,Stable,83.0,21.0,37.0,6.0,EDGE,EDGE,prediction_complete,24.09
535,Stable,85.0,25.0,36.0,7.0,EDGE,EDGE,prediction_complete,24.32
536,Stable,80.0,20.0,34.0,9.0,EDGE,EDGE,prediction_complete,23.97
537,Stable,80.0,23.0,40.0,5.0,EDGE,EDGE,prediction_complete,24.75
538,Stable,84.0,25.0,26.0,4.0,EDGE,EDGE,prediction_complete,24.87
539,Stable,79.0,22.0,27.0,5.0,EDGE,EDGE,prediction_complete,24.64
540,Stable,79.0,21.0,35.0,6.0,EDGE,EDGE,prediction_complete,24.78
541,Stable,82.0,23.0,37.0,5.0,EDGE,EDGE,prediction_complete,25.07
542,Stable,79.0,19.0,38.0,9.0,EDGE,EDGE,prediction_complete,25.02
543,Stable,81.0,24.0,31.0,3.0,EDGE,EDGE,prediction_complete,25.46
544,Stable,79.0,18.0,29.0,2.0,EDGE,EDGE,prediction_complete,25.6
545,Stable,80.0,25.0,40.0,5.0,EDGE,EDGE,prediction_complete,26.01
546,Stable,82.0,21.0,26.0,9.0,EDGE,EDGE,prediction_complete,25.29
547,Stable,79.0,22.0,24.0,2.0,EDGE,EDGE,prediction_complete,25.18
548,Stable,84.0,21.0,27.0,1.0,EDGE,EDGE,prediction_complete,25.48
549,Stable,85.0,21.0,40.0,4.0,EDGE,EDGE,prediction_complete,25.81
550,Stable,75.0,19.0,33.0,6.0,EDGE,EDGE,prediction_complete,25.46
551,Stable,82.0,19.0,24.0,1.0,EDGE,EDGE,prediction_complete,25.43
552,Stable,83.0,20.0,33.0,8.0,EDGE,EDGE,prediction_complete,24.96
553,Stable,82.0,21.0,29.0,6.0,EDGE,EDGE,prediction_complete,24.64
554,Stable,79.0,18.0,22.0,10.0,EDGE,EDGE,prediction_complete,23.61
555,Stable,78.0,18.0,25.0,7.0,EDGE,EDGE,prediction_complete,23.14
556,Stable,77.0,18.0,32.0,8.0,EDGE,EDGE,prediction_complete,23.33
557,Stable,77.0,22.0,21.0,1.0,EDGE,EDGE,prediction_complete,23.67
558,Stable,79.0,19.0,30.0,5.0,EDGE,EDGE,prediction_complete,23.81
559,Stable,82.0,25.0,24.0,9.0,EDGE,EDGE,prediction_complete,23.28
560,Stable,82.0,22.0,26.0,2.0,EDGE,EDGE,prediction_complete,23.6
561,Stable,80.0,20.0,34.0,5.0,EDGE,EDGE,prediction_complete,23.85
562,Stable,77.0,18.0,30.0,5.0,EDGE,EDGE,prediction_complete,23.98
563,Stable,84.0,21.0,25.0,10.0,EDGE,EDGE,prediction_complete,23.39
564,Stable,85.0,24.0,33.0,9.0,EDGE,EDGE,prediction_complete,23.53
565,Stable,80.0,19.0,32.0,2.0,EDGE,EDGE,prediction_complete,24.14
566,Stable,77.0,20.0,35.0,6.0,EDGE,EDGE,prediction_complete,24.28
567,Stable,78.0,18.0,28.0,7.0,EDGE,EDGE,prediction_complete,23.99
568,Stable,78.0,25.0,28.0,6.0,EDGE,EDGE,prediction_complete,24.0
569,Stable,79.0,18.0,28.0,6.0,EDGE,EDGE,prediction_complete,24.13
570,Stable,78.0,18.0,23.0,8.0,EDGE,EDGE,prediction_complete,23.62
571,Stable,79.0,20.0,32.0,9.0,EDGE,EDGE,prediction_complete,23.46
572,Stable,79.0,19.0,40.0,5.0,EDGE,EDGE,prediction_complete,24.13
573,Stable,80.0,21.0,27.0,3.0,EDGE,EDGE,prediction_complete,24.64
574,Stable,82.0,20.0,34.0,10.0,EDGE,EDGE,prediction_complete,24.42
575,Stable,80.0,24.0,37.0,8.0,EDGE,EDGE,prediction_complete,24.46
576,Stable,83.0,21.0,27.0,10.0,EDGE,EDGE,prediction_complete,23.84
577,Stable,76.0,25.0,36.0,6.0,EDGE,EDGE,prediction_complete,24.27
578,Stable,76.0,19.0,21.0,9.0,EDGE,EDGE,prediction_complete,23.64
579,Stable,83.0,21.0,38.0,9.0,EDGE,EDGE,prediction_complete,23.92
580,Stable,77.0,20.0,30.0,9.0,EDGE,EDGE,prediction_complete,23.9
581,Stable,82.0,19.0,26.0,10.0,EDGE,EDGE,prediction_complete,23.52
582,Stable,82.0,19.0,36.0,8.0,EDGE,EDGE,prediction_complete,23.61
583,Stable,75.0,25.0,24.0,9.0,EDGE,EDGE,prediction_complete,23.21
584,Stable,81.0,25.0,38.0,1.0,EDGE,EDGE,prediction_complete,25.41
585,Stable,83.0,25.0,29.0,1.0,EDGE,EDGE,prediction_complete,25.99
586,Stable,81.0,22.0,20.0,4.0,EDGE,EDGE,prediction_complete,24.92
587,Stable,84.0,19.0,21.0,7.0,EDGE,EDGE,prediction_complete,23.72
588,Stable,80.0,19.0,37.0,1.0,EDGE,EDGE,prediction_complete,24.59
589,Stable,76.0,25.0,21.0,5.0,EDGE,EDGE,prediction_complete,24.17
590,Stable,81.0,20.0,24.0,7.0,EDGE,EDGE,prediction_complete,23.74
591,Stable,80.0,24.0,34.0,7.0,EDGE,EDGE,prediction_complete,24.05
592,Stable,81.0,19.0,37.0,3.0,EDGE,EDGE,prediction_complete,24.75
593,Stable,85.0,23.0,23.0,3.0,EDGE,EDGE,prediction_complete,24.75
594,Stable,83.0,24.0,36.0,3.0,EDGE,EDGE,prediction_complete,24.97
595,Stable,78.0,18.0,20.0,5.0,EDGE,EDGE,prediction_complete,24.27
596,Stable,82.0,24.0,37.0,7.0,EDGE,EDGE,prediction_complete,24.46
597,Stable,78.0,21.0,34.0,6.0,EDGE,EDGE,prediction_complete,24.81
598,Stable,77.0,22.0,26.0,2.0,EDGE,EDGE,prediction_complete,24.83
599,Stable,75.0,24.0,39.0,1.0,EDGE,EDGE,prediction_complete,25.82
600,Stable,78.0,21.0,22.0,2.0,EDGE,EDGE,prediction_complete,25.92
601,Stable,84.0,18.0,34.0,10.0,EDGE,EDGE,prediction_complete,25.32
602,Stable,85.0,18.0,27.0,1.0,EDGE,EDGE,prediction_complete,25.47
603,Stable,81.0,25.0,27.0,9.0,EDGE,EDGE,prediction_complete,24.82
604,Stable,78.0,18.0,24.0,9.0,EDGE,EDGE,prediction_complete,23.95
605,Stable,79.0,21.0,38.0,6.0,EDGE,EDGE,prediction_complete,24.43
606,Stable,84.0,23.0,27.0,5.0,EDGE,EDGE,prediction_complete,24.41
607,Stable,77.0,21.0,33.0,5.0,EDGE,EDGE,prediction_complete,24.5
608,Stable,79.0,18.0,37.0,10.0,EDGE,EDGE,prediction_complete,24.25
609,Stable,77.0,24.0,37.0,8.0,EDGE,EDGE,prediction_complete,24.16
610,Stable,75.0,23.0,40.0,7.0,EDGE,EDGE,prediction_complete,24.68
611,Stable,83.0,23.0,33.0,7.0,EDGE,EDGE,prediction_complete,25.05
612,Stable,77.0,22.0,32.0,3.0,EDGE,EDGE,prediction_complete,25.75
613,Stable,83.0,25.0,27.0,4.0,EDGE,EDGE,prediction_complete,25.92
614,Stable,79.0,20.0,34.0,1.0,EDGE,EDGE,prediction_complete,26.9
615,Stable,83.0,24.0,33.0,9.0,EDGE,EDGE,prediction_complete,25.75
616,Stable,83.0,20.0,32.0,4.0,EDGE,EDGE,prediction_complete,25.85
617,Stable,79.0,21.0,30.0,2.0,EDGE,EDGE,prediction_complete,25.86
618,Stable,82.0,23.0,22.0,9.0,EDGE,EDGE,prediction_complete,24.87
619,Stable,78.0,18.0,28.0,7.0,EDGE,EDGE,prediction_complete,24.36
620,Stable,85.0,18.0,22.0,4.0,EDGE,EDGE,prediction_complete,23.98
621,Stable,84.0,21.0,35.0,4.0,EDGE,EDGE,prediction_complete,24.33
622,Stable,80.0,22.0,20.0,4.0,EDGE,EDGE,prediction_complete,23.82
623,Stable,78.0,19.0,35.0,4.0,EDGE,EDGE,prediction_complete,24.12
624,Stable,84.0,21.0,32.0,4.0,EDGE,EDGE,prediction_complete,24.18
625,Stable,83.0,23.0,29.0,7.0,EDGE,EDGE,prediction_complete,23.97
626,Stable,82.0,23.0,29.0,5.0,EDGE,EDGE,prediction_complete,23.96
627,Stable,80.0,25.0,34.0,2.0,EDGE,EDGE,prediction_complete,24.44
628,Stable,82.0,23.0,26.0,6.0,EDGE,EDGE,prediction_complete,24.37
629,Stable,80.0,24.0,21.0,10.0,EDGE,EDGE,prediction_complete,23.54
630,Stable,78.0,20.0,20.0,5.0,EDGE,EDGE,prediction_complete,23.46
631,Stable,83.0,24.0,29.0,3.0,EDGE,EDGE,prediction_complete,23.85
632,Stable,78.0,23.0,27.0,7.0,EDGE,EDGE,prediction_complete,23.7
633,Stable,84.0,21.0,35.0,9.0,EDGE,EDGE,prediction_complete,23.55
634,Stable,85.0,23.0,28.0,8.0,EDGE,EDGE,prediction_complete,23.36
635,Stable,85.0,25.0,34.0,3.0,EDGE,EDGE,prediction_complete,24.02
636,Stable,80.0,20.0,24.0,9.0,EDGE,EDGE,prediction_complete,23.32
637,Stable,82.0,20.0,37.0,1.0,EDGE,EDGE,prediction_complete,24.02
638,Stable,83.0,18.0,22.0,1.0,EDGE,EDGE,prediction_complete,24.17
639,Stable,75.0,24.0,24.0,4.0,EDGE,EDGE,prediction_complete,24.11
640,Stable,76.0,20.0,20.0,4.0,EDGE,EDGE,prediction_complete,23.88
641,Stable,83.0,25.0,31.0,1.0,EDGE,EDGE,prediction_complete,24.5
642,Stable,84.0,25.0,35.0,1.0,EDGE,EDGE,prediction_complete,25.31
643,Stable,75.0,24.0,20.0,1.0,EDGE,EDGE,prediction_complete,25.13
644,Stable,83.0,22.0,37.0,5.0,EDGE,EDGE,prediction_complete,25.45
645,Stable,75.0,24.0,25.0,2.0,EDGE,EDGE,prediction_complete,25.32
646,Stable,76.0,20.0,27.0,4.0,EDGE,EDGE,prediction_complete,25.38
647,Stable,84.0,22.0,31.0,5.0,EDGE,EDGE,prediction_complete,25.53
648,Stable,81.0,19.0,31.0,7.0,EDGE,EDGE,prediction_complete,25.28
649,Stable,82.0,21.0,27.0,5.0,EDGE,EDGE,prediction_complete,25.03
650,Stable,85.0,19.0,40.0,1.0,EDGE,EDGE,prediction_complete,25.91
651,Stable,76.0,24.0,32.0,7.0,EDGE,EDGE,prediction_complete,25.48
652,Stable,83.0,25.0,21.0,1.0,EDGE,EDGE,prediction_complete,25.4
653,Stable,77.0,19.0,35.0,7.0,EDGE,EDGE,prediction_complete,25.08
654,Stable,85.0,23.0,38.0,2.0,EDGE,EDGE,prediction_complete,25.77
655,Stable,83.0,18.0,27.0,4.0,EDGE,EDGE,prediction_complete,25.35
656,Stable,84.0,25.0,28.0,1.0,EDGE,EDGE,prediction_complete,25.53
657,Stable,76.0,22.0,37.0,10.0,EDGE,EDGE,prediction_complete,25.05
658,Stable,85.0,18.0,25.0,6.0,EDGE,EDGE,prediction_complete,24.72
659,Stable,75.0,21.0,38.0,3.0,EDGE,EDGE,prediction_complete,25.33
660,Stable,81.0,19.0,29.0,3.0,EDGE,EDGE,prediction_complete,25.32
661,Stable,84.0,21.0,38.0,7.0,EDGE,EDGE,prediction_complete,25.27
662,Stable,85.0,23.0,32.0,3.0,EDGE,EDGE,prediction_complete,25.54
663,Stable,76.0,23.0,21.0,2.0,EDGE,EDGE,prediction_complete,25.25
664,Stable,81.0,21.0,22.0,6.0,EDGE,EDGE,prediction_complete,24.51
665,Stable,84.0,24.0,30.0,1.0,EDGE,EDGE,prediction_complete,25.09
666,Stable,85.0,22.0,34.0,8.0,EDGE,EDGE,prediction_complete,24.66
667,Stable,78.0,23.0,37.0,7.0,EDGE,EDGE,prediction_complete,24.65
668,Stable,81.0,20.0,38.0,7.0,EDGE,EDGE,prediction_complete,25.0
669,Stable,76.0,22.0,27.0,2.0,EDGE,EDGE,prediction_complete,25.0
670,Stable,76.0,22.0,24.0,7.0,EDGE,EDGE,prediction_complete,24.53
671,Stable,85.0,20.0,32.0,6.0,EDGE,EDGE,prediction_complete,24.66
672,Stable,80.0,19.0,22.0,1.0,EDGE,EDGE,prediction_complete,24.77
673,Stable,79.0,25.0,31.0,5.0,EDGE,EDGE,prediction_complete,24.75
674,Stable,76.0,20.0,22.0,3.0,EDGE,EDGE,prediction_complete,24.75
675,Stable,81.0,25.0,37.0,9.0,EDGE,EDGE,prediction_complete,24.59
676,Stable,83.0,24.0,23.0,1.0,EDGE,EDGE,prediction_complete,24.97
677,Stable,76.0,23.0,37.0,2.0,EDGE,EDGE,prediction_complete,25.51
678,Stable,84.0,23.0,32.0,1.0,EDGE,EDGE,prediction_complete,26.05
679,Stable,79.0,24.0,32.0,2.0,EDGE,EDGE,prediction_complete,26.18
680,Stable,83.0,21.0,38.0,9.0,EDGE,EDGE,prediction_complete,25.83
681,Stable,77.0,24.0,25.0,3.0,EDGE,EDGE,prediction_complete,25.85
682,Stable,79.0,22.0,28.0,8.0,EDGE,EDGE,prediction_complete,25.31
683,Stable,77.0,19.0,25.0,7.0,EDGE,EDGE,prediction_complete,24.79
684,Stable,79.0,24.0,29.0,8.0,EDGE,EDGE,prediction_complete,24.57
685,Stable,76.0,23.0,28.0,4.0,EDGE,EDGE,prediction_complete,24.83
686,Stable,85.0,25.0,39.0,10.0,EDGE,EDGE,prediction_complete,24.91
687,Stable,78.0,25.0,23.0,3.0,EDGE,EDGE,prediction_complete,24.74
688,Stable,79.0,18.0,32.0,6.0,EDGE,EDGE,prediction_complete,24.65
689,Stable,84.0,24.0,30.0,8.0,EDGE,EDGE,prediction_complete,24.29
690,Stable,80.0,24.0,40.0,10.0,EDGE,EDGE,prediction_complete,24.38
691,Stable,77.0,22.0,30.0,10.0,EDGE,EDGE,prediction_complete,23.98
692,Stable,78.0,25.0,30.0,3.0,EDGE,EDGE,prediction_complete,24.56
693,Stable,81.0,23.0,29.0,8.0,EDGE,EDGE,prediction_complete,24.44
694,Stable,84.0,21.0,30.0,7.0,EDGE,EDGE,prediction_complete,24.41
695,Stable,79.0,24.0,31.0,2.0,EDGE,EDGE,prediction_complete,25.0
696,Stable,84.0,21.0,38.0,9.0,EDGE,EDGE,prediction_complete,24.74
697,Stable,77.0,18.0,34.0,4.0,EDGE,EDGE,prediction_complete,24.94
698,Stable,82.0,22.0,22.0,7.0,EDGE,EDGE,prediction_complete,24.36
699,Stable,85.0,25.0,24.0,5.0,EDGE,EDGE,prediction_complete,24.25
700,Stable,78.0,22.0,24.0,7.0,EDGE,EDGE,prediction_complete,23.71
701,Stable,81.0,19.0,34.0,10.0,EDGE,EDGE,prediction_complete,23.51
702,Stable,82.0,24.0,37.0,9.0,EDGE,EDGE,prediction_complete,23.53
703,Stable,81.0,18.0,31.0,9.0,EDGE,EDGE,prediction_complete,23.43
704,Stable,84.0,19.0,23.0,4.0,EDGE,EDGE,prediction_complete,23.51
705,Stable,85.0,23.0,25.0,10.0,EDGE,EDGE,prediction_complete,22.71
706,Stable,75.0,24.0,30.0,7.0,EDGE,EDGE,prediction_complete,22.78
707,Stable,76.0,18.0,23.0,5.0,EDGE,EDGE,prediction_complete,22.62
708,Stable,78.0,21.0,34.0,6.0,EDGE,EDGE,prediction_complete,23.19
709,Stable,81.0,25.0,38.0,9.0,EDGE,EDGE,prediction_complete,23.6
710,Stable,77.0,23.0,20.0,8.0,EDGE,EDGE,prediction_complete,23.22
711,Stable,76.0,22.0,33.0,2.0,EDGE,EDGE,prediction_complete,24.1
712,Stable,76.0,20.0,31.0,5.0,EDGE,EDGE,prediction_complete,24.37
713,Stable,80.0,25.0,26.0,9.0,EDGE,EDGE,prediction_complete,24.17
714,Stable,82.0,23.0,35.0,2.0,EDGE,EDGE,prediction_complete,25.12
715,Stable,82.0,25.0,30.0,2.0,EDGE,EDGE,prediction_complete,25.97
716,Stable,79.0,18.0,23.0,1.0,EDGE,EDGE,prediction_complete,25.67
717,Stable,80.0,19.0,25.0,4.0,EDGE,EDGE,prediction_complete,25.32
718,Stable,83.0,20.0,37.0,3.0,EDGE,EDGE,prediction_complete,25.61
719,Stable,80.0,24.0,34.0,4.0,EDGE,EDGE,prediction_complete,25.7
720,Stable,81.0,20.0,25.0,7.0,EDGE,EDGE,prediction_complete,25.13
721,Stable,81.0,18.0,39.0,4.0,EDGE,EDGE,prediction_complete,25.3
722,Stable,82.0,24.0,32.0,1.0,EDGE,EDGE,prediction_complete,25.73
723,Stable,78.0,21.0,28.0,2.0,EDGE,EDGE,prediction_complete,25.9
724,Stable,84.0,19.0,37.0,3.0,EDGE,EDGE,prediction_complete,26.09
725,Stable,80.0,23.0,26.0,8.0,EDGE,EDGE,prediction_complete,25.23
726,Stable,76.0,22.0,35.0,9.0,EDGE,EDGE,prediction_complete,24.95
727,Stable,85.0,23.0,39.0,7.0,EDGE,EDGE,prediction_complete,25.3
728,Stable,84.0,24.0,38.0,2.0,EDGE,EDGE,prediction_complete,25.94
729,Stable,80.0,23.0,34.0,10.0,EDGE,EDGE,prediction_complete,25.33
730,Stable,77.0,22.0,39.0,10.0,EDGE,EDGE,prediction_complete,25.39
731,Stable,76.0,20.0,30.0,2.0,EDGE,EDGE,prediction_complete,25.71
732,Stable,78.0,22.0,23.0,3.0,EDGE,EDGE,prediction_complete,25.51
733,Stable,80.0,20.0,36.0,7.0,EDGE,EDGE,prediction_complete,25.42
734,Stable,81.0,20.0,38.0,7.0,EDGE,EDGE,prediction_complete,25.47
735,Stable,81.0,20.0,35.0,9.0,EDGE,EDGE,prediction_complete,25.32
736,Stable,85.0,20.0,37.0,3.0,EDGE,EDGE,prediction_complete,25.77
737,Stable,82.0,22.0,24.0,3.0,EDGE,EDGE,prediction_complete,25.54
738,Stable,80.0,25.0,39.0,1.0,EDGE,EDGE,prediction_complete,26.11
739,Stable,80.0,18.0,35.0,3.0,EDGE,EDGE,prediction_complete,26.29
740,Stable,78.0,24.0,37.0,9.0,EDGE,EDGE,prediction_complete,25.87
741,Stable,85.0,25.0,33.0,8.0,EDGE,EDGE,prediction_complete,25.48
742,Stable,81.0,25.0,35.0,3.0,EDGE,EDGE,prediction_complete,25.88
743,Stable,76.0,18.0,27.0,5.0,EDGE,EDGE,prediction_complete,25.54
744,Stable,75.0,22.0,27.0,9.0,EDGE,EDGE,prediction_complete,24.93
745,Stable,79.0,20.0,34.0,10.0,EDGE,EDGE,prediction_complete,24.82
746,Stable,82.0,19.0,38.0,2.0,EDGE,EDGE,prediction_complete,25.63
747,Stable,79.0,23.0,37.0,1.0,EDGE,EDGE,prediction_complete,26.79
748,Stable,82.0,21.0,33.0,2.0,EDGE,EDGE,prediction_complete,26.67
749,Stable,85.0,21.0,29.0,1.0,EDGE,EDGE,prediction_complete,26.53
750,Stable,82.0,22.0,31.0,2.0,EDGE,EDGE,prediction_complete,26.45
751,Stable,82.0,19.0,27.0,4.0,EDGE,EDGE,prediction_complete,25.94
752,Stable,84.0,23.0,39.0,7.0,EDGE,EDGE,prediction_complete,25.69
753,Stable,77.0,20.0,26.0,4.0,EDGE,EDGE,prediction_complete,25.33
754,Stable,75.0,23.0,37.0,5.0,EDGE,EDGE,prediction_complete,25.6
755,Stable,84.0,20.0,30.0,5.0,EDGE,EDGE,prediction_complete,25.62
756,Stable,79.0,22.0,36.0,2.0,EDGE,EDGE,prediction_complete,26.05
757,Stable,77.0,24.0,21.0,5.0,EDGE,EDGE,prediction_complete,25.33
758,Stable,85.0,20.0,24.0,4.0,EDGE,EDGE,prediction_complete,25.03
759,Stable,77.0,23.0,27.0,7.0,EDGE,EDGE,prediction_complete,24.59
760,Stable,82.0,20.0,38.0,5.0,EDGE,EDGE,prediction_complete,24.92
761,Stable,85.0,24.0,32.0,8.0,EDGE,EDGE,prediction_complete,24.75
762,Stable,76.0,19.0,32.0,9.0,EDGE,EDGE,prediction_complete,24.36
763,Stable,79.0,23.0,34.0,8.0,EDGE,EDGE,prediction_complete,24.38
764,Stable,80.0,18.0,22.0,8.0,EDGE,EDGE,prediction_complete,23.69
765,Stable,85.0,23.0,22.0,9.0,EDGE,EDGE,prediction_complete,23.24
766,Stable,81.0,21.0,33.0,4.0,EDGE,EDGE,prediction_complete,23.48
767,Stable,82.0,22.0,30.0,5.0,EDGE,EDGE,prediction_complete,23.67
768,Stable,80.0,20.0,38.0,8.0,EDGE,EDGE,prediction_complete,23.89
769,Stable,80.0,18.0,21.0,2.0,EDGE,EDGE,prediction_complete,23.9
770,Stable,85.0,25.0,20.0,2.0,EDGE,EDGE,prediction_complete,23.78
771,Stable,77.0,25.0,34.0,1.0,EDGE,EDGE,prediction_complete,24.46
772,Stable,81.0,21.0,24.0,5.0,EDGE,EDGE,prediction_complete,24.16
773,Stable,77.0,22.0,22.0,6.0,EDGE,EDGE,prediction_complete,23.66
774,Stable,79.0,19.0,31.0,3.0,EDGE,EDGE,prediction_complete,24.23
775,Stable,75.0,24.0,40.0,5.0,EDGE,EDGE,prediction_complete,25.1
776,Stable,78.0,24.0,40.0,2.0,EDGE,EDGE,prediction_complete,26.02
777,Stable,76.0,18.0,26.0,8.0,EDGE,EDGE,prediction_complete,25.45
778,Stable,76.0,20.0,38.0,4.0,EDGE,EDGE,prediction_complete,26.03
779,Stable,83.0,25.0,20.0,1.0,EDGE,EDGE,prediction_complete,26.2
780,Stable,80.0,19.0,33.0,3.0,EDGE,EDGE,prediction_complete,26.44
781,Stable,82.0,19.0,27.0,7.0,EDGE,EDGE,prediction_complete,25.57
782,Stable,76.0,19.0,23.0,6.0,EDGE,EDGE,prediction_complete,25.06
783,Stable,80.0,22.0,24.0,7.0,EDGE,EDGE,prediction_complete,24.62
784,Stable,77.0,20.0,22.0,9.0,EDGE,EDGE,prediction_complete,23.82
785,Stable,84.0,18.0,39.0,3.0,EDGE,EDGE,prediction_complete,24.37
786,Stable,82.0,23.0,26.0,3.0,EDGE,EDGE,prediction_complete,24.24
787,Stable,81.0,25.0,26.0,2.0,EDGE,EDGE,prediction_complete,24.52
788,Stable,76.0,20.0,23.0,10.0,EDGE,EDGE,prediction_complete,23.4
789,Stable,81.0,23.0,33.0,6.0,EDGE,EDGE,prediction_complete,23.72
790,Stable,77.0,21.0,28.0,2.0,EDGE,EDGE,prediction_complete,24.06
791,Stable,78.0,22.0,20.0,5.0,EDGE,EDGE,prediction_complete,23.89
792,Stable,78.0,21.0,32.0,5.0,EDGE,EDGE,prediction_complete,24.17
793,Stable,85.0,18.0,27.0,8.0,EDGE,EDGE,prediction_complete,23.94
794,Stable,81.0,19.0,27.0,8.0,EDGE,EDGE,prediction_complete,23.71
795,Stable,85.0,19.0,36.0,1.0,EDGE,EDGE,prediction_complete,24.45
796,Stable,80.0,23.0,24.0,7.0,EDGE,EDGE,prediction_complete,23.92
797,Stable,84.0,24.0,31.0,9.0,EDGE,EDGE,prediction_complete,23.53
798,Stable,85.0,20.0,35.0,2.0,EDGE,EDGE,prediction_complete,24.31
799,Stable,75.0,19.0,20.0,5.0,EDGE,EDGE,prediction_complete,23.73
800,Stable,78.0,18.0,21.0,7.0,EDGE,EDGE,prediction_complete,23.03
801,Stable,83.0,22.0,40.0,9.0,EDGE,EDGE,prediction_complete,23.35
802,Stable,81.0,24.0,32.0,2.0,EDGE,EDGE,prediction_complete,23.97
803,Stable,85.0,20.0,28.0,2.0,EDGE,EDGE,prediction_complete,24.49
804,Stable,79.0,19.0,36.0,4.0,EDGE,EDGE,prediction_complete,24.86
805,Stable,77.0,23.0,32.0,10.0,EDGE,EDGE,prediction_complete,24.26
806,Stable,85.0,19.0,29.0,7.0,EDGE,EDGE,prediction_complete,24.21
807,Stable,78.0,18.0,27.0,2.0,EDGE,EDGE,prediction_complete,24.54
808,Stable,81.0,19.0,34.0,10.0,EDGE,EDGE,prediction_complete,24.08
809,Stable,84.0,18.0,29.0,3.0,EDGE,EDGE,prediction_complete,24.39
810,Stable,76.0,18.0,24.0,1.0,EDGE,EDGE,prediction_complete,24.62
811,Stable,77.0,25.0,31.0,9.0,EDGE,EDGE,prediction_complete,24.24
812,Stable,83.0,22.0,25.0,6.0,EDGE,EDGE,prediction_complete,23.97
813,Stable,77.0,22.0,23.0,1.0,EDGE,EDGE,prediction_complete,24.25
814,Stable,80.0,24.0,28.0,9.0,EDGE,EDGE,prediction_complete,23.68
815,Stable,76.0,22.0,38.0,2.0,EDGE,EDGE,prediction_complete,24.64
816,Stable,82.0,25.0,36.0,6.0,EDGE,EDGE,prediction_complete,25.16
817,Stable,75.0,25.0,38.0,3.0,EDGE,EDGE,prediction_complete,25.81
818,Stable,80.0,20.0,28.0,2.0,EDGE,EDGE,prediction_complete,26.17
819,Stable,84.0,19.0,27.0,9.0,EDGE,EDGE,prediction_complete,25.44
820,Stable,75.0,18.0,20.0,4.0,EDGE,EDGE,prediction_complete,24.88
821,Stable,75.0,25.0,31.0,7.0,EDGE,EDGE,prediction_complete,24.83
822,Stable,77.0,20.0,21.0,9.0,EDGE,EDGE,prediction_complete,24.27
823,Stable,85.0,24.0,27.0,6.0,EDGE,EDGE,prediction_complete,24.21
824,Stable,78.0,24.0,30.0,5.0,EDGE,EDGE,prediction_complete,24.46
825,Stable,76.0,23.0,23.0,9.0,EDGE,EDGE,prediction_complete,23.64
826,Stable,85.0,18.0,25.0,4.0,EDGE,EDGE,prediction_complete,23.72
827,Stable,83.0,18.0,32.0,2.0,EDGE,EDGE,prediction_complete,23.94
828,Stable,82.0,22.0,29.0,6.0,EDGE,EDGE,prediction_complete,23.73
829,Stable,76.0,25.0,20.0,6.0,EDGE,EDGE,prediction_complete,23.47
830,Stable,78.0,22.0,38.0,5.0,EDGE,EDGE,prediction_complete,24.0
831,Stable,84.0,21.0,34.0,6.0,EDGE,EDGE,prediction_complete,24.13
832,Stable,84.0,25.0,26.0,9.0,EDGE,EDGE,prediction_complete,23.81
833,Stable,78.0,20.0,20.0,7.0,EDGE,EDGE,prediction_complete,23.37
834,Stable,75.0,21.0,37.0,6.0,EDGE,EDGE,prediction_complete,23.71
835,Stable,85.0,18.0,30.0,1.0,EDGE,EDGE,prediction_complete,24.51
836,Stable,85.0,24.0,29.0,2.0,EDGE,EDGE,prediction_complete,24.96
837,Stable,78.0,21.0,33.0,8.0,EDGE,EDGE,prediction_complete,24.52
838,Stable,75.0,20.0,28.0,2.0,EDGE,EDGE,prediction_complete,24.83
839,Stable,75.0,21.0,36.0,7.0,EDGE,EDGE,prediction_complete,24.93
840,Stable,80.0,25.0,22.0,10.0,EDGE,EDGE,prediction_complete,24.06
841,Stable,76.0,20.0,40.0,7.0,EDGE,EDGE,prediction_complete,24.57
842,Stable,76.0,18.0,33.0,3.0,EDGE,EDGE,prediction_complete,25.35
843,Stable,78.0,22.0,28.0,6.0,EDGE,EDGE,prediction_complete,25.43
844,Stable,81.0,23.0,30.0,8.0,EDGE,EDGE,prediction_complete,25.08
845,Stable,79.0,21.0,22.0,4.0,EDGE,EDGE,prediction_complete,24.92
846,Stable,77.0,19.0,24.0,2.0,EDGE,EDGE,prediction_complete,24.97
847,Stable,77.0,25.0,34.0,6.0,EDGE,EDGE,prediction_complete,25.11
848,Stable,81.0,19.0,37.0,6.0,EDGE,EDGE,prediction_complete,25.18
849,Stable,78.0,25.0,29.0,8.0,EDGE,EDGE,prediction_complete,24.76
850,Stable,79.0,19.0,22.0,3.0,EDGE,EDGE,prediction_complete,24.88
851,Stable,85.0,22.0,39.0,1.0,EDGE,EDGE,prediction_complete,25.66
852,Stable,78.0,23.0,24.0,2.0,EDGE,EDGE,prediction_complete,25.46
853,Stable,78.0,23.0,32.0,9.0,EDGE,EDGE,prediction_complete,24.96
854,Stable,75.0,22.0,28.0,3.0,EDGE,EDGE,prediction_complete,25.25
855,Stable,75.0,24.0,34.0,9.0,EDGE,EDGE,prediction_complete,25.15
856,Stable,83.0,21.0,23.0,8.0,EDGE,EDGE,prediction_complete,24.61
857,Stable,76.0,20.0,23.0,1.0,EDGE,EDGE,prediction_complete,24.76
858,Stable,75.0,21.0,24.0,4.0,EDGE,EDGE,prediction_complete,24.67
859,Stable,81.0,23.0,40.0,2.0,EDGE,EDGE,prediction_complete,25.69
860,Stable,84.0,22.0,22.0,1.0,EDGE,EDGE,prediction_complete,25.83
861,Stable,76.0,21.0,40.0,8.0,EDGE,EDGE,prediction_complete,25.53
862,Stable,77.0,19.0,30.0,2.0,EDGE,EDGE,prediction_complete,25.74
863,Stable,75.0,25.0,21.0,3.0,EDGE,EDGE,prediction_complete,25.56
864,Stable,84.0,24.0,32.0,8.0,EDGE,EDGE,prediction_complete,25.16
865,Stable,75.0,24.0,33.0,3.0,EDGE,EDGE,prediction_complete,25.56
866,Stable,80.0,21.0,25.0,5.0,EDGE,EDGE,prediction_complete,25.57
867,Stable,79.0,25.0,24.0,1.0,EDGE,EDGE,prediction_complete,25.74
868,Stable,84.0,21.0,40.0,5.0,EDGE,EDGE,prediction_complete,26.03
869,Stable,82.0,24.0,37.0,8.0,EDGE,EDGE,prediction_complete,25.69
870,Stable,75.0,19.0,28.0,7.0,EDGE,EDGE,prediction_complete,25.29
871,Stable,77.0,24.0,26.0,9.0,EDGE,EDGE,prediction_complete,24.66
872,Stable,78.0,18.0,32.0,6.0,EDGE,EDGE,prediction_complete,24.67
873,Stable,82.0,25.0,31.0,10.0,EDGE,EDGE,prediction_complete,24.37
874,Stable,83.0,23.0,32.0,5.0,EDGE,EDGE,prediction_complete,24.76
875,Stable,77.0,18.0,30.0,10.0,EDGE,EDGE,prediction_complete,24.09
876,Stable,78.0,18.0,28.0,1.0,EDGE,EDGE,prediction_complete,24.65
877,Stable,82.0,23.0,38.0,4.0,EDGE,EDGE,prediction_complete,25.26
878,Stable,77.0,19.0,27.0,4.0,EDGE,EDGE,prediction_complete,24.9
879,Stable,79.0,18.0,27.0,10.0,EDGE,EDGE,prediction_complete,24.16
880,Stable,81.0,23.0,25.0,3.0,EDGE,EDGE,prediction_complete,24.31
881,Stable,78.0,23.0,31.0,10.0,EDGE,EDGE,prediction_complete,23.96
882,Stable,75.0,23.0,38.0,10.0,EDGE,EDGE,prediction_complete,24.04
883,Stable,77.0,21.0,35.0,9.0,EDGE,EDGE,prediction_complete,24.33
884,Stable,79.0,20.0,35.0,1.0,EDGE,EDGE,prediction_complete,25.35
885,Stable,76.0,18.0,27.0,10.0,EDGE,EDGE,prediction_complete,24.77
886,Stable,78.0,18.0,36.0,8.0,EDGE,EDGE,prediction_complete,24.8
887,Stable,75.0,23.0,39.0,4.0,EDGE,EDGE,prediction_complete,25.62
888,Stable,77.0,23.0,25.0,6.0,EDGE,EDGE,prediction_complete,25.33
889,Stable,75.0,18.0,24.0,10.0,EDGE,EDGE,prediction_complete,24.67
890,Stable,77.0,19.0,36.0,6.0,EDGE,EDGE,prediction_complete,25.03
891,Stable,76.0,23.0,32.0,10.0,EDGE,EDGE,prediction_complete,24.9
892,Stable,76.0,23.0,29.0,6.0,EDGE,EDGE,prediction_complete,24.94
893,Stable,77.0,20.0,33.0,8.0,EDGE,EDGE,prediction_complete,24.97
894,Stable,85.0,23.0,25.0,9.0,EDGE,EDGE,prediction_complete,24.36
895,Stable,84.0,23.0,27.0,10.0,EDGE,EDGE,prediction_complete,24.0
896,Stable,77.0,24.0,29.0,5.0,EDGE,EDGE,prediction_complete,24.11
897,Stable,77.0,20.0,20.0,10.0,EDGE,EDGE,prediction_complete,23.05
898,Stable,81.0,18.0,25.0,10.0,EDGE,EDGE,prediction_complete,22.62
899,Stable,80.0,21.0,40.0,10.0,EDGE,EDGE,prediction_complete,23.1
900,Stable,76.0,25.0,24.0,6.0,EDGE,EDGE,prediction_complete,22.94
901,Stable,76.0,21.0,31.0,6.0,EDGE,EDGE,prediction_complete,23.23
902,Stable,77.0,19.0,40.0,6.0,EDGE,EDGE,prediction_complete,23.93
903,Stable,82.0,18.0,28.0,4.0,EDGE,EDGE,prediction_complete,24.11
904,Stable,78.0,19.0,31.0,5.0,EDGE,EDGE,prediction_complete,24.43
905,Stable,76.0,18.0,21.0,7.0,EDGE,EDGE,prediction_complete,24.07
906,Stable,82.0,24.0,25.0,7.0,EDGE,EDGE,prediction_complete,23.75
907,Stable,82.0,24.0,31.0,9.0,EDGE,EDGE,prediction_complete,23.77
908,Stable,81.0,19.0,35.0,10.0,EDGE,EDGE,prediction_complete,23.83
909,Stable,85.0,21.0,25.0,8.0,EDGE,EDGE,prediction_complete,23.47
910,Stable,76.0,18.0,29.0,1.0,EDGE,EDGE,prediction_complete,23.93
911,Stable,80.0,22.0,23.0,2.0,EDGE,EDGE,prediction_complete,23.99
912,Stable,80.0,20.0,32.0,3.0,EDGE,EDGE,prediction_complete,24.17
913,Stable,76.0,19.0,30.0,10.0,EDGE,EDGE,prediction_complete,23.66
914,Stable,84.0,25.0,20.0,7.0,EDGE,EDGE,prediction_complete,23.23
915,Stable,85.0,20.0,39.0,7.0,EDGE,EDGE,prediction_complete,23.66
916,Stable,77.0,18.0,23.0,6.0,EDGE,EDGE,prediction_complete,23.43
917,Stable,78.0,21.0,33.0,9.0,EDGE,EDGE,prediction_complete,23.4
918,Stable,83.0,22.0,29.0,5.0,EDGE,EDGE,prediction_complete,23.74
919,Stable,78.0,19.0,21.0,7.0,EDGE,EDGE,prediction_complete,23.47
920,Stable,84.0,25.0,24.0,1.0,EDGE,EDGE,prediction_complete,23.76
921,Stable,80.0,18.0,33.0,2.0,EDGE,EDGE,prediction_complete,24.2
922,Stable,79.0,25.0,26.0,2.0,EDGE,EDGE,prediction_complete,24.28
923,Stable,75.0,21.0,25.0,5.0,EDGE,EDGE,prediction_complete,24.09
924,Stable,76.0,25.0,23.0,5.0,EDGE,EDGE,prediction_complete,24.13
925,Stable,81.0,25.0,35.0,5.0,EDGE,EDGE,prediction_complete,24.61
926,Stable,76.0,24.0,25.0,6.0,EDGE,EDGE,prediction_complete,24.51
927,Stable,81.0,23.0,25.0,8.0,EDGE,EDGE,prediction_complete,24.18
928,Stable,75.0,22.0,34.0,8.0,EDGE,EDGE,prediction_complete,24.35
929,Stable,79.0,21.0,28.0,10.0,EDGE,EDGE,prediction_complete,24.2
930,Stable,75.0,20.0,23.0,2.0,EDGE,EDGE,prediction_complete,24.5
931,Stable,85.0,23.0,37.0,7.0,EDGE,EDGE,prediction_complete,24.72
932,Stable,84.0,21.0,37.0,1.0,EDGE,EDGE,prediction_complete,25.71
933,Stable,81.0,24.0,37.0,8.0,EDGE,EDGE,prediction_complete,25.32
934,Stable,84.0,21.0,35.0,5.0,EDGE,EDGE,prediction_complete,25.41
935,Stable,76.0,24.0,21.0,9.0,EDGE,EDGE,prediction_complete,24.38
936,Stable,84.0,20.0,23.0,8.0,EDGE,EDGE,prediction_complete,23.81
937,Stable,77.0,20.0,26.0,4.0,EDGE,EDGE,prediction_complete,23.94
938,Stable,77.0,18.0,33.0,2.0,EDGE,EDGE,prediction_complete,24.41
939,Stable,85.0,24.0,26.0,3.0,EDGE,EDGE,prediction_complete,24.71
940,Stable,84.0,22.0,30.0,2.0,EDGE,EDGE,prediction_complete,24.9
941,Stable,76.0,24.0,37.0,7.0,EDGE,EDGE,prediction_complete,24.88
942,Stable,83.0,23.0,28.0,9.0,EDGE,EDGE,prediction_complete,24.22
943,Stable,82.0,18.0,39.0,10.0,EDGE,EDGE,prediction_complete,24.09
944,Stable,83.0,24.0,23.0,7.0,EDGE,EDGE,prediction_complete,23.75
945,Stable,77.0,20.0,38.0,10.0,EDGE,EDGE,prediction_complete,23.84
946,Stable,84.0,19.0,23.0,10.0,EDGE,EDGE,prediction_complete,23.51
947,Stable,76.0,22.0,37.0,6.0,EDGE,EDGE,prediction_complete,23.92
948,Stable,81.0,22.0,32.0,8.0,EDGE,EDGE,prediction_complete,23.8
949,Stable,84.0,25.0,21.0,3.0,EDGE,EDGE,prediction_complete,24.02
950,Stable,79.0,24.0,24.0,10.0,EDGE,EDGE,prediction_complete,23.17
951,Stable,84.0,24.0,21.0,7.0,EDGE,EDGE,prediction_complete,22.67
952,Stable,80.0,21.0,21.0,8.0,EDGE,EDGE,prediction_complete,22.32
953,Stable,79.0,23.0,20.0,6.0,EDGE,EDGE,prediction_complete,22.12
954,Stable,79.0,22.0,28.0,8.0,EDGE,EDGE,prediction_complete,22.2
955,Stable,85.0,19.0,27.0,3.0,EDGE,EDGE,prediction_complete,22.59
956,Stable,79.0,25.0,30.0,5.0,EDGE,EDGE,prediction_complete,23.09
957,Stable,81.0,19.0,26.0,8.0,EDGE,EDGE,prediction_complete,22.58
958,Stable,78.0,24.0,35.0,9.0,EDGE,EDGE,prediction_complete,22.72
959,Stable,80.0,18.0,36.0,3.0,EDGE,EDGE,prediction_complete,23.6
960,Stable,76.0,22.0,36.0,7.0,EDGE,EDGE,prediction_complete,24.01
961,Stable,77.0,18.0,25.0,4.0,EDGE,EDGE,prediction_complete,24.29
962,Stable,78.0,18.0,27.0,1.0,EDGE,EDGE,prediction_complete,24.9
963,Stable,82.0,18.0,31.0,4.0,EDGE,EDGE,prediction_complete,25.14
964,Stable,79.0,23.0,34.0,9.0,EDGE,EDGE,prediction_complete,24.9
965,Stable,81.0,19.0,20.0,4.0,EDGE,EDGE,prediction_complete,24.65
966,Stable,80.0,25.0,39.0,8.0,EDGE,EDGE,prediction_complete,24.68
967,Stable,77.0,25.0,38.0,9.0,EDGE,EDGE,prediction_complete,24.93
968,Stable,80.0,23.0,25.0,5.0,EDGE,EDGE,prediction_complete,24.85
969,Stable,76.0,22.0,20.0,7.0,EDGE,EDGE,prediction_complete,24.19
970,Stable,75.0,20.0,38.0,4.0,EDGE,EDGE,prediction_complete,24.79
971,Stable,78.0,21.0,26.0,5.0,EDGE,EDGE,prediction_complete,24.82
972,Stable,85.0,24.0,36.0,1.0,EDGE,EDGE,prediction_complete,25.87
973,Stable,85.0,18.0,35.0,3.0,EDGE,EDGE,prediction_complete,25.91
974,Stable,85.0,20.0,39.0,1.0,EDGE,EDGE,prediction_complete,26.55
975,Stable,78.0,22.0,39.0,5.0,EDGE,EDGE,prediction_complete,26.59
976,Stable,85.0,22.0,33.0,7.0,EDGE,EDGE,prediction_complete,26.05
977,Stable,80.0,25.0,28.0,4.0,EDGE,EDGE,prediction_complete,25.76
978,Stable,82.0,22.0,36.0,10.0,EDGE,EDGE,prediction_complete,25.32
979,Stable,81.0,19.0,20.0,9.0,EDGE,EDGE,prediction_complete,24.47
980,Stable,85.0,23.0,37.0,10.0,EDGE,EDGE,prediction_complete,24.15
981,Stable,84.0,22.0,29.0,2.0,EDGE,EDGE,prediction_complete,24.56
982,Stable,82.0,19.0,30.0,5.0,EDGE,EDGE,prediction_complete,24.34
983,Stable,85.0,23.0,28.0,5.0,EDGE,EDGE,prediction_complete,24.21
984,Stable,85.0,22.0,26.0,3.0,EDGE,EDGE,prediction_complete,24.04
985,Stable,83.0,21.0,21.0,10.0,EDGE,EDGE,prediction_complete,22.76
986,Stable,81.0,23.0,24.0,1.0,EDGE,EDGE,prediction_complete,23.13
987,Stable,85.0,25.0,29.0,5.0,EDGE,EDGE,prediction_complete,23.1
988,Stable,81.0,24.0,32.0,1.0,EDGE,EDGE,prediction_complete,23.79
989,Stable,84.0,21.0,30.0,4.0,EDGE,EDGE,prediction_complete,24.1
990,Stable,85.0,25.0,31.0,9.0,EDGE,EDGE,prediction_complete,23.74
991,Stable,79.0,20.0,37.0,3.0,EDGE,EDGE,prediction_complete,24.27
992,Stable,79.0,19.0,35.0,3.0,EDGE,EDGE,prediction_complete,24.75
993,Stable,79.0,20.0,30.0,2.0,EDGE,EDGE,prediction_complete,25.16
994,Stable,78.0,23.0,27.0,5.0,EDGE,EDGE,prediction_complete,25.02
995,Stable,81.0,23.0,31.0,5.0,EDGE,EDGE,prediction_complete,25.36
996,Stable,84.0,22.0,34.0,2.0,EDGE,EDGE,prediction_complete,25.82
997,Stable,82.0,18.0,40.0,10.0,EDGE,EDGE,prediction_complete,25.5
998,Stable,84.0,19.0,35.0,4.0,EDGE,EDGE,prediction_complete,25.56
999,Stable,83.0,19.0,32.0,9.0,EDGE,EDGE,prediction_complete,25.02
1000,Stable,79.0,24.0,21.0,3.0,EDGE,EDGE,prediction_complete,24.92
1001,Fluctuating,48.0,55.0,51.0,7.0,CLOUD,EDGE,prediction_complete,26.24
1002,Fluctuating,76.0,88.0,39.0,6.0,EDGE,EDGE,prediction_complete,30.85
1003,Fluctuating,85.0,53.0,79.0,2.0,CLOUD,EDGE,prediction_complete,41.87
1004,Fluctuating,71.0,72.0,70.0,3.0,EDGE,EDGE,prediction_complete,49.62
1005,Fluctuating,60.0,37.0,30.0,8.0,EDGE,EDGE,prediction_complete,47.57
1006,Fluctuating,57.0,56.0,78.0,3.0,CLOUD,CLOUD,prediction_complete,55.55
1007,Fluctuating,76.0,50.0,61.0,2.0,EDGE,EDGE,prediction_complete,58.63
1008,Fluctuating,48.0,85.0,70.0,7.0,CLOUD,CLOUD,prediction_complete,62.42
1009,Fluctuating,65.0,84.0,60.0,7.0,CLOUD,CLOUD,prediction_complete,65.57
1010,Fluctuating,40.0,34.0,64.0,4.0,EDGE,EDGE,prediction_complete,67.62
1011,Fluctuating,86.0,77.0,30.0,6.0,EDGE,EDGE,prediction_complete,66.53
1012,Fluctuating,88.0,97.0,42.0,1.0,EDGE,EDGE,prediction_complete,68.54
1013,Fluctuating,83.0,30.0,70.0,4.0,EDGE,EDGE,prediction_complete,66.48
1014,Fluctuating,54.0,74.0,49.0,3.0,EDGE,EDGE,prediction_complete,65.55
1015,Fluctuating,46.0,79.0,62.0,10.0,CLOUD,CLOUD,prediction_complete,65.33
1016,Fluctuating,59.0,51.0,34.0,1.0,EDGE,EDGE,prediction_complete,64.88
1017,Fluctuating,59.0,67.0,59.0,9.0,CLOUD,CLOUD,prediction_complete,65.35
1018,Fluctuating,78.0,97.0,51.0,7.0,CLOUD,CLOUD,prediction_complete,66.77
1019,Fluctuating,83.0,47.0,51.0,8.0,CLOUD,CLOUD,prediction_complete,64.93
1020,Fluctuating,62.0,54.0,40.0,7.0,EDGE,EDGE,prediction_complete,63.29
1021,Fluctuating,41.0,59.0,44.0,3.0,EDGE,EDGE,prediction_complete,64.99
1022,Fluctuating,53.0,32.0,67.0,9.0,CLOUD,CLOUD,prediction_complete,64.69
1023,Fluctuating,50.0,45.0,53.0,1.0,EDGE,EDGE,prediction_complete,67.14
1024,Fluctuating,64.0,62.0,79.0,9.0,CLOUD,CLOUD,prediction_complete,67.64
1025,Fluctuating,79.0,36.0,68.0,1.0,EDGE,EDGE,prediction_complete,67.37
1026,Fluctuating,82.0,43.0,71.0,1.0,EDGE,CLOUD,prediction_complete,67.52
1027,Fluctuating,43.0,44.0,56.0,8.0,CLOUD,CLOUD,prediction_complete,62.96
1028,Fluctuating,64.0,45.0,65.0,5.0,EDGE,CLOUD,prediction_complete,62.73
1029,Fluctuating,70.0,49.0,43.0,1.0,EDGE,EDGE,prediction_complete,63.03
1030,Fluctuating,59.0,83.0,72.0,2.0,CLOUD,CLOUD,prediction_complete,66.21
1031,Fluctuating,82.0,96.0,47.0,10.0,CLOUD,CLOUD,prediction_complete,64.35
1032,Fluctuating,78.0,47.0,56.0,2.0,EDGE,EDGE,prediction_complete,63.87
1033,Fluctuating,72.0,45.0,48.0,2.0,EDGE,EDGE,prediction_complete,62.32
1034,Fluctuating,90.0,43.0,61.0,4.0,EDGE,EDGE,prediction_complete,59.86
1035,Fluctuating,78.0,55.0,79.0,5.0,CLOUD,CLOUD,prediction_complete,60.3
1036,Fluctuating,73.0,55.0,52.0,7.0,CLOUD,CLOUD,prediction_complete,58.28
1037,Fluctuating,58.0,50.0,32.0,9.0,EDGE,CLOUD,prediction_complete,55.04
1038,Fluctuating,71.0,56.0,74.0,8.0,CLOUD,CLOUD,prediction_complete,57.42
1039,Fluctuating,61.0,60.0,30.0,1.0,EDGE,EDGE,prediction_complete,59.07
1040,Fluctuating,82.0,41.0,37.0,10.0,EDGE,CLOUD,prediction_complete,55.43
1041,Fluctuating,82.0,93.0,39.0,2.0,EDGE,EDGE,prediction_complete,58.63
1042,Fluctuating,89.0,95.0,34.0,2.0,EDGE,EDGE,prediction_complete,59.97
1043,Fluctuating,56.0,59.0,59.0,5.0,CLOUD,CLOUD,prediction_complete,60.01
1044,Fluctuating,56.0,89.0,33.0,2.0,EDGE,EDGE,prediction_complete,61.56
1045,Fluctuating,51.0,35.0,48.0,6.0,EDGE,EDGE,prediction_complete,59.25
1046,Fluctuating,83.0,70.0,57.0,2.0,EDGE,EDGE,prediction_complete,61.86
1047,Fluctuating,46.0,35.0,30.0,3.0,EDGE,EDGE,prediction_complete,58.71
1048,Fluctuating,82.0,51.0,51.0,6.0,CLOUD,CLOUD,prediction_complete,57.79
1049,Fluctuating,68.0,64.0,76.0,2.0,CLOUD,CLOUD,prediction_complete,61.31
1050,Fluctuating,63.0,73.0,41.0,2.0,EDGE,EDGE,prediction_complete,62.19
1051,Fluctuating,65.0,81.0,59.0,5.0,CLOUD,CLOUD,prediction_complete,63.31
1052,Fluctuating,64.0,91.0,56.0,3.0,EDGE,EDGE,prediction_complete,66.11
1053,Fluctuating,47.0,46.0,74.0,1.0,EDGE,CLOUD,prediction_complete,67.34
1054,Fluctuating,50.0,43.0,56.0,10.0,CLOUD,CLOUD,prediction_complete,63.78
1055,Fluctuating,70.0,86.0,41.0,10.0,CLOUD,CLOUD,prediction_complete,65.04
1056,Fluctuating,64.0,75.0,69.0,1.0,EDGE,EDGE,prediction_complete,69.78
1057,Fluctuating,83.0,46.0,60.0,8.0,CLOUD,CLOUD,prediction_complete,68.06
1058,Fluctuating,47.0,82.0,58.0,1.0,EDGE,EDGE,prediction_complete,71.41
1059,Fluctuating,44.0,63.0,71.0,6.0,CLOUD,CLOUD,prediction_complete,72.55
1060,Fluctuating,40.0,97.0,79.0,10.0,CLOUD,CLOUD,prediction_complete,82.74
1061,Fluctuating,86.0,58.0,72.0,6.0,CLOUD,CLOUD,prediction_complete,77.68
1062,Fluctuating,73.0,96.0,74.0,10.0,CLOUD,CLOUD,prediction_complete,78.3
1063,Fluctuating,46.0,85.0,72.0,4.0,CLOUD,CLOUD,prediction_complete,84.61
1064,Fluctuating,70.0,74.0,72.0,7.0,CLOUD,CLOUD,prediction_complete,83.18
1065,Fluctuating,49.0,36.0,30.0,3.0,EDGE,EDGE,prediction_complete,77.11
1066,Fluctuating,72.0,90.0,61.0,3.0,EDGE,EDGE,prediction_complete,77.3
1067,Fluctuating,44.0,92.0,50.0,4.0,EDGE,EDGE,prediction_complete,80.88
1068,Fluctuating,61.0,65.0,33.0,9.0,CLOUD,CLOUD,prediction_complete,73.81
1069,Fluctuating,54.0,100.0,71.0,7.0,CLOUD,CLOUD,prediction_complete,78.74
1070,Fluctuating,65.0,60.0,35.0,8.0,CLOUD,CLOUD,prediction_complete,72.49
1071,Fluctuating,68.0,87.0,35.0,8.0,CLOUD,CLOUD,prediction_complete,72.77
1072,Fluctuating,68.0,70.0,37.0,8.0,CLOUD,CLOUD,prediction_complete,71.22
1073,Fluctuating,87.0,32.0,36.0,7.0,EDGE,EDGE,prediction_complete,66.87
1074,Fluctuating,66.0,34.0,65.0,9.0,CLOUD,CLOUD,prediction_complete,64.47
1075,Fluctuating,40.0,41.0,80.0,10.0,CLOUD,CLOUD,prediction_complete,64.92
1076,Fluctuating,79.0,68.0,62.0,9.0,CLOUD,CLOUD,prediction_complete,66.21
1077,Fluctuating,53.0,88.0,51.0,6.0,CLOUD,CLOUD,prediction_complete,67.87
1078,Fluctuating,43.0,58.0,59.0,6.0,CLOUD,CLOUD,prediction_complete,69.21
1079,Fluctuating,75.0,90.0,75.0,6.0,CLOUD,CLOUD,prediction_complete,71.79
1080,Fluctuating,85.0,87.0,37.0,2.0,EDGE,EDGE,prediction_complete,72.37
1081,Fluctuating,88.0,58.0,30.0,6.0,EDGE,EDGE,prediction_complete,68.13
1082,Fluctuating,62.0,67.0,65.0,9.0,CLOUD,CLOUD,prediction_complete,66.91
1083,Fluctuating,63.0,43.0,32.0,3.0,EDGE,EDGE,prediction_complete,65.32
1084,Fluctuating,71.0,47.0,75.0,7.0,CLOUD,CLOUD,prediction_complete,64.71
1085,Fluctuating,46.0,62.0,69.0,4.0,EDGE,EDGE,prediction_complete,65.48
1086,Fluctuating,52.0,45.0,55.0,4.0,EDGE,EDGE,prediction_complete,65.28
1087,Fluctuating,69.0,54.0,75.0,6.0,CLOUD,CLOUD,prediction_complete,65.5
1088,Fluctuating,46.0,83.0,32.0,10.0,CLOUD,CLOUD,prediction_complete,64.5
1089,Fluctuating,47.0,87.0,59.0,10.0,CLOUD,CLOUD,prediction_complete,68.9
1090,Fluctuating,72.0,47.0,61.0,1.0,EDGE,EDGE,prediction_complete,70.61
1091,Fluctuating,73.0,36.0,65.0,7.0,EDGE,CLOUD,prediction_complete,69.88
1092,Fluctuating,77.0,91.0,62.0,3.0,EDGE,EDGE,prediction_complete,71.55
1093,Fluctuating,84.0,52.0,76.0,3.0,CLOUD,CLOUD,prediction_complete,71.54
1094,Fluctuating,46.0,79.0,72.0,10.0,CLOUD,CLOUD,prediction_complete,70.19
1095,Fluctuating,78.0,71.0,62.0,7.0,CLOUD,CLOUD,prediction_complete,69.25
1096,Fluctuating,66.0,61.0,47.0,7.0,EDGE,EDGE,prediction_complete,67.85
1097,Fluctuating,61.0,67.0,58.0,3.0,EDGE,EDGE,prediction_complete,68.91
1098,Fluctuating,48.0,82.0,68.0,9.0,CLOUD,CLOUD,prediction_complete,69.68
1099,Fluctuating,59.0,100.0,50.0,9.0,CLOUD,CLOUD,prediction_complete,71.85
1100,Fluctuating,80.0,57.0,42.0,4.0,EDGE,EDGE,prediction_complete,71.29
1101,Fluctuating,79.0,67.0,73.0,6.0,CLOUD,CLOUD,prediction_complete,71.92
1102,Fluctuating,83.0,46.0,75.0,3.0,EDGE,CLOUD,prediction_complete,71.29
1103,Fluctuating,72.0,99.0,74.0,6.0,CLOUD,CLOUD,prediction_complete,72.4
1104,Fluctuating,85.0,44.0,78.0,6.0,CLOUD,CLOUD,prediction_complete,68.98
1105,Fluctuating,75.0,91.0,67.0,10.0,CLOUD,CLOUD,prediction_complete,68.11
1106,Fluctuating,82.0,83.0,73.0,9.0,CLOUD,CLOUD,prediction_complete,68.78
1107,Fluctuating,58.0,84.0,30.0,9.0,CLOUD,CLOUD,prediction_complete,67.81
1108,Fluctuating,46.0,33.0,54.0,3.0,EDGE,EDGE,prediction_complete,66.65
1109,Fluctuating,43.0,37.0,42.0,5.0,EDGE,EDGE,prediction_complete,65.16
1110,Fluctuating,88.0,50.0,48.0,5.0,EDGE,EDGE,prediction_complete,65.51
1111,Fluctuating,49.0,37.0,74.0,5.0,CLOUD,CLOUD,prediction_complete,65.56
1112,Fluctuating,53.0,99.0,32.0,6.0,EDGE,EDGE,prediction_complete,67.02
1113,Fluctuating,68.0,43.0,69.0,9.0,CLOUD,CLOUD,prediction_complete,65.82
1114,Fluctuating,54.0,79.0,45.0,9.0,CLOUD,CLOUD,prediction_complete,67.13
1115,Fluctuating,90.0,66.0,74.0,1.0,CLOUD,CLOUD,prediction_complete,69.86
1116,Fluctuating,64.0,79.0,56.0,6.0,CLOUD,CLOUD,prediction_complete,69.4
1117,Fluctuating,75.0,36.0,30.0,5.0,EDGE,EDGE,prediction_complete,64.93
1118,Fluctuating,52.0,86.0,44.0,6.0,EDGE,EDGE,prediction_complete,65.36
1119,Fluctuating,88.0,99.0,77.0,10.0,CLOUD,CLOUD,prediction_complete,67.75
1120,Fluctuating,52.0,54.0,48.0,8.0,CLOUD,CLOUD,prediction_complete,67.27
1121,Fluctuating,51.0,39.0,41.0,3.0,EDGE,EDGE,prediction_complete,65.97
1122,Fluctuating,87.0,95.0,37.0,7.0,EDGE,EDGE,prediction_complete,66.5
1123,Fluctuating,42.0,84.0,47.0,9.0,CLOUD,CLOUD,prediction_complete,67.33
1124,Fluctuating,56.0,46.0,40.0,10.0,EDGE,CLOUD,prediction_complete,65.69
1125,Fluctuating,56.0,30.0,51.0,8.0,CLOUD,CLOUD,prediction_complete,65.36
1126,Fluctuating,85.0,49.0,32.0,3.0,EDGE,EDGE,prediction_complete,64.8
1127,Fluctuating,60.0,36.0,79.0,10.0,CLOUD,CLOUD,prediction_complete,64.67
1128,Fluctuating,82.0,68.0,61.0,10.0,CLOUD,CLOUD,prediction_complete,64.35
1129,Fluctuating,75.0,75.0,34.0,6.0,EDGE,EDGE,prediction_complete,63.75
1130,Fluctuating,73.0,58.0,41.0,9.0,CLOUD,CLOUD,prediction_complete,61.58
1131,Fluctuating,44.0,94.0,40.0,7.0,EDGE,EDGE,prediction_complete,63.63
1132,Fluctuating,74.0,98.0,55.0,2.0,EDGE,EDGE,prediction_complete,68.53
1133,Fluctuating,62.0,58.0,43.0,6.0,EDGE,EDGE,prediction_complete,66.15
1134,Fluctuating,61.0,76.0,48.0,4.0,EDGE,EDGE,prediction_complete,66.98
1135,Fluctuating,88.0,97.0,60.0,9.0,CLOUD,CLOUD,prediction_complete,68.25
1136,Fluctuating,88.0,31.0,37.0,6.0,EDGE,EDGE,prediction_complete,65.03
1137,Fluctuating,68.0,60.0,71.0,10.0,CLOUD,CLOUD,prediction_complete,63.74
1138,Fluctuating,79.0,61.0,32.0,6.0,EDGE,EDGE,prediction_complete,62.27
1139,Fluctuating,64.0,44.0,54.0,5.0,EDGE,CLOUD,prediction_complete,61.54
1140,Fluctuating,74.0,66.0,31.0,9.0,CLOUD,CLOUD,prediction_complete,59.97
1141,Fluctuating,89.0,77.0,62.0,9.0,CLOUD,CLOUD,prediction_complete,60.16
1142,Fluctuating,68.0,92.0,32.0,5.0,EDGE,EDGE,prediction_complete,60.85
1143,Fluctuating,81.0,54.0,50.0,9.0,CLOUD,CLOUD,prediction_complete,59.44
1144,Fluctuating,45.0,42.0,40.0,9.0,EDGE,CLOUD,prediction_complete,56.71
1145,Fluctuating,74.0,30.0,70.0,2.0,EDGE,EDGE,prediction_complete,59.37
1146,Fluctuating,53.0,57.0,73.0,7.0,CLOUD,CLOUD,prediction_complete,62.23
1147,Fluctuating,46.0,56.0,64.0,7.0,CLOUD,CLOUD,prediction_complete,63.1
1148,Fluctuating,81.0,39.0,77.0,3.0,EDGE,CLOUD,prediction_complete,65.86
1149,Fluctuating,41.0,88.0,75.0,6.0,CLOUD,CLOUD,prediction_complete,69.09
1150,Fluctuating,42.0,41.0,34.0,1.0,EDGE,EDGE,prediction_complete,68.54
1151,Fluctuating,51.0,62.0,65.0,2.0,EDGE,EDGE,prediction_complete,71.04
1152,Fluctuating,76.0,59.0,46.0,7.0,EDGE,EDGE,prediction_complete,68.16
1153,Fluctuating,64.0,87.0,70.0,7.0,CLOUD,CLOUD,prediction_complete,70.22
1154,Fluctuating,67.0,70.0,31.0,7.0,EDGE,EDGE,prediction_complete,68.38
1155,Fluctuating,83.0,45.0,64.0,1.0,EDGE,EDGE,prediction_complete,69.26
1156,Fluctuating,81.0,38.0,78.0,10.0,CLOUD,CLOUD,prediction_complete,65.48
1157,Fluctuating,42.0,39.0,52.0,9.0,CLOUD,CLOUD,prediction_complete,62.66
1158,Fluctuating,46.0,67.0,80.0,5.0,CLOUD,CLOUD,prediction_complete,67.28
1159,Fluctuating,78.0,41.0,48.0,8.0,EDGE,CLOUD,prediction_complete,64.49
1160,Fluctuating,64.0,80.0,72.0,1.0,CLOUD,CLOUD,prediction_complete,68.99
1161,Fluctuating,70.0,50.0,64.0,4.0,EDGE,EDGE,prediction_complete,67.87
1162,Fluctuating,48.0,80.0,80.0,9.0,CLOUD,CLOUD,prediction_complete,69.36
1163,Fluctuating,58.0,48.0,49.0,6.0,EDGE,EDGE,prediction_complete,67.53
1164,Fluctuating,40.0,100.0,65.0,3.0,EDGE,EDGE,prediction_complete,74.53
1165,Fluctuating,47.0,35.0,30.0,10.0,EDGE,CLOUD,prediction_complete,71.14
1166,Fluctuating,78.0,80.0,64.0,9.0,CLOUD,CLOUD,prediction_complete,72.46
1167,Fluctuating,45.0,69.0,43.0,6.0,EDGE,EDGE,prediction_complete,73.98
1168,Fluctuating,53.0,82.0,71.0,9.0,CLOUD,CLOUD,prediction_complete,78.61
1169,Fluctuating,49.0,50.0,41.0,4.0,EDGE,EDGE,prediction_complete,79.01
1170,Fluctuating,79.0,62.0,42.0,2.0,EDGE,EDGE,prediction_complete,74.44
1171,Fluctuating,51.0,36.0,78.0,9.0,CLOUD,CLOUD,prediction_complete,73.02
1172,Fluctuating,69.0,100.0,34.0,5.0,EDGE,EDGE,prediction_complete,71.4
1173,Fluctuating,82.0,38.0,46.0,2.0,EDGE,EDGE,prediction_complete,69.31
1174,Fluctuating,52.0,92.0,51.0,6.0,CLOUD,CLOUD,prediction_complete,68.19
1175,Fluctuating,48.0,60.0,36.0,5.0,EDGE,EDGE,prediction_complete,66.64
1176,Fluctuating,79.0,38.0,42.0,6.0,EDGE,EDGE,prediction_complete,64.03
1177,Fluctuating,71.0,87.0,51.0,10.0,CLOUD,CLOUD,prediction_complete,64.18
1178,Fluctuating,82.0,69.0,74.0,10.0,CLOUD,CLOUD,prediction_complete,64.49
1179,Fluctuating,49.0,76.0,50.0,7.0,EDGE,EDGE,prediction_complete,65.92
1180,Fluctuating,50.0,30.0,50.0,4.0,EDGE,EDGE,prediction_complete,65.9
1181,Fluctuating,90.0,58.0,75.0,7.0,CLOUD,CLOUD,prediction_complete,66.41
1182,Fluctuating,57.0,76.0,38.0,6.0,EDGE,EDGE,prediction_complete,66.12
1183,Fluctuating,70.0,89.0,58.0,6.0,CLOUD,CLOUD,prediction_complete,68.73
1184,Fluctuating,89.0,69.0,61.0,9.0,CLOUD,CLOUD,prediction_complete,67.36
1185,Fluctuating,46.0,52.0,71.0,10.0,CLOUD,CLOUD,prediction_complete,66.71
1186,Fluctuating,45.0,65.0,38.0,9.0,CLOUD,CLOUD,prediction_complete,67.79
1187,Fluctuating,52.0,63.0,76.0,2.0,CLOUD,CLOUD,prediction_complete,72.14
1188,Fluctuating,86.0,39.0,31.0,9.0,EDGE,CLOUD,prediction_complete,67.95
1189,Fluctuating,80.0,33.0,67.0,10.0,CLOUD,CLOUD,prediction_complete,65.3
1190,Fluctuating,65.0,57.0,32.0,9.0,CLOUD,CLOUD,prediction_complete,63.43
1191,Fluctuating,56.0,99.0,64.0,8.0,CLOUD,CLOUD,prediction_complete,67.51
1192,Fluctuating,81.0,49.0,53.0,7.0,EDGE,CLOUD,prediction_complete,66.65
1193,Fluctuating,54.0,67.0,38.0,8.0,CLOUD,CLOUD,prediction_complete,65.43
1194,Fluctuating,72.0,95.0,35.0,7.0,EDGE,EDGE,prediction_complete,67.2
1195,Fluctuating,63.0,94.0,30.0,4.0,EDGE,EDGE,prediction_complete,67.68
1196,Fluctuating,79.0,51.0,78.0,9.0,CLOUD,CLOUD,prediction_complete,67.03
1197,Fluctuating,48.0,87.0,40.0,3.0,EDGE,EDGE,prediction_complete,67.62
1198,Fluctuating,76.0,48.0,77.0,8.0,CLOUD,CLOUD,prediction_complete,68.36
1199,Fluctuating,62.0,35.0,44.0,8.0,EDGE,CLOUD,prediction_complete,65.5
1200,Fluctuating,54.0,38.0,46.0,6.0,EDGE,EDGE,prediction_complete,64.23
1201,Fluctuating,54.0,35.0,72.0,4.0,EDGE,CLOUD,prediction_complete,64.41
1202,Fluctuating,73.0,76.0,54.0,8.0,CLOUD,CLOUD,prediction_complete,65.39
1203,Fluctuating,69.0,35.0,32.0,6.0,EDGE,EDGE,prediction_complete,62.37
1204,Fluctuating,46.0,96.0,70.0,5.0,CLOUD,CLOUD,prediction_complete,66.78
1205,Fluctuating,87.0,63.0,67.0,9.0,CLOUD,CLOUD,prediction_complete,66.83
1206,Fluctuating,76.0,52.0,54.0,7.0,CLOUD,CLOUD,prediction_complete,65.74
1207,Fluctuating,63.0,39.0,63.0,5.0,EDGE,CLOUD,prediction_complete,64.4
1208,Fluctuating,64.0,58.0,63.0,7.0,CLOUD,CLOUD,prediction_complete,64.46
1209,Fluctuating,62.0,74.0,61.0,8.0,CLOUD,CLOUD,prediction_complete,65.87
1210,Fluctuating,78.0,30.0,62.0,3.0,EDGE,EDGE,prediction_complete,65.31
1211,Fluctuating,68.0,51.0,44.0,2.0,EDGE,EDGE,prediction_complete,64.04
1212,Fluctuating,72.0,65.0,43.0,3.0,EDGE,EDGE,prediction_complete,62.82
1213,Fluctuating,51.0,50.0,53.0,10.0,CLOUD,CLOUD,prediction_complete,60.77
1214,Fluctuating,85.0,45.0,72.0,4.0,EDGE,CLOUD,prediction_complete,60.67
1215,Fluctuating,66.0,72.0,76.0,2.0,CLOUD,CLOUD,prediction_complete,64.18
1216,Fluctuating,70.0,91.0,60.0,4.0,EDGE,EDGE,prediction_complete,65.89
1217,Fluctuating,77.0,50.0,71.0,7.0,CLOUD,CLOUD,prediction_complete,64.35
1218,Fluctuating,41.0,61.0,32.0,3.0,EDGE,EDGE,prediction_complete,63.09
1219,Fluctuating,76.0,50.0,38.0,9.0,EDGE,CLOUD,prediction_complete,60.66
1220,Fluctuating,42.0,48.0,33.0,3.0,EDGE,EDGE,prediction_complete,61.22
1221,Fluctuating,56.0,53.0,63.0,7.0,CLOUD,CLOUD,prediction_complete,62.96
1222,Fluctuating,78.0,32.0,76.0,5.0,CLOUD,CLOUD,prediction_complete,64.03
1223,Fluctuating,45.0,57.0,58.0,10.0,CLOUD,CLOUD,prediction_complete,63.4
1224,Fluctuating,70.0,91.0,40.0,4.0,EDGE,EDGE,prediction_complete,66.82
1225,Fluctuating,66.0,48.0,80.0,10.0,CLOUD,CLOUD,prediction_complete,66.71
1226,Fluctuating,89.0,53.0,69.0,9.0,CLOUD,CLOUD,prediction_complete,66.35
1227,Fluctuating,56.0,51.0,76.0,6.0,CLOUD,CLOUD,prediction_complete,67.37
1228,Fluctuating,69.0,38.0,44.0,7.0,EDGE,EDGE,prediction_complete,64.88
1229,Fluctuating,64.0,46.0,36.0,1.0,EDGE,EDGE,prediction_complete,64.59
1230,Fluctuating,52.0,96.0,62.0,7.0,CLOUD,CLOUD,prediction_complete,66.67
1231,Fluctuating,49.0,42.0,41.0,8.0,EDGE,CLOUD,prediction_complete,64.38
1232,Fluctuating,79.0,34.0,80.0,9.0,CLOUD,CLOUD,prediction_complete,64.79
1233,Fluctuating,72.0,45.0,35.0,8.0,EDGE,CLOUD,prediction_complete,62.25
1234,Fluctuating,82.0,46.0,68.0,9.0,CLOUD,CLOUD,prediction_complete,62.17
1235,Fluctuating,40.0,85.0,63.0,7.0,CLOUD,CLOUD,prediction_complete,65.06
1236,Fluctuating,63.0,35.0,74.0,9.0,CLOUD,CLOUD,prediction_complete,65.75
1237,Fluctuating,67.0,59.0,60.0,7.0,CLOUD,CLOUD,prediction_complete,66.5
1238,Fluctuating,62.0,42.0,57.0,3.0,EDGE,EDGE,prediction_complete,67.37
1239,Fluctuating,56.0,91.0,79.0,4.0,CLOUD,CLOUD,prediction_complete,71.96
1240,Fluctuating,45.0,66.0,68.0,9.0,CLOUD,CLOUD,prediction_complete,71.12
1241,Fluctuating,66.0,62.0,42.0,1.0,EDGE,EDGE,prediction_complete,71.39
1242,Fluctuating,85.0,30.0,66.0,9.0,CLOUD,CLOUD,prediction_complete,68.0
1243,Fluctuating,47.0,96.0,30.0,7.0,EDGE,EDGE,prediction_complete,68.74
1244,Fluctuating,81.0,56.0,74.0,6.0,CLOUD,CLOUD,prediction_complete,69.58
1245,Fluctuating,66.0,76.0,36.0,3.0,EDGE,EDGE,prediction_complete,68.24
1246,Fluctuating,67.0,62.0,46.0,9.0,CLOUD,CLOUD,prediction_complete,66.31
1247,Fluctuating,67.0,76.0,69.0,5.0,CLOUD,CLOUD,prediction_complete,68.11
1248,Fluctuating,83.0,80.0,78.0,4.0,CLOUD,CLOUD,prediction_complete,70.51
1249,Fluctuating,66.0,100.0,80.0,9.0,CLOUD,CLOUD,prediction_complete,70.94
1250,Fluctuating,70.0,52.0,53.0,9.0,CLOUD,CLOUD,prediction_complete,67.9
1251,Fluctuating,75.0,91.0,46.0,5.0,EDGE,EDGE,prediction_complete,69.47
1252,Fluctuating,76.0,74.0,79.0,7.0,CLOUD,CLOUD,prediction_complete,70.99
1253,Fluctuating,87.0,47.0,72.0,2.0,EDGE,CLOUD,prediction_complete,70.12
1254,Fluctuating,87.0,59.0,58.0,3.0,EDGE,EDGE,prediction_complete,68.36
1255,Fluctuating,46.0,57.0,62.0,7.0,CLOUD,CLOUD,prediction_complete,65.9
1256,Fluctuating,90.0,73.0,65.0,10.0,CLOUD,CLOUD,prediction_complete,64.99
1257,Fluctuating,84.0,36.0,40.0,7.0,EDGE,EDGE,prediction_complete,61.38
1258,Fluctuating,80.0,30.0,35.0,3.0,EDGE,EDGE,prediction_complete,58.27
1259,Fluctuating,70.0,85.0,35.0,2.0,EDGE,EDGE,prediction_complete,57.43
1260,Fluctuating,56.0,58.0,53.0,2.0,EDGE,EDGE,prediction_complete,58.0
1261,Fluctuating,78.0,34.0,76.0,7.0,CLOUD,CLOUD,prediction_complete,56.87
1262,Fluctuating,65.0,96.0,48.0,10.0,CLOUD,CLOUD,prediction_complete,57.75
1263,Fluctuating,43.0,52.0,70.0,8.0,CLOUD,CLOUD,prediction_complete,60.26
1264,Fluctuating,68.0,31.0,42.0,9.0,EDGE,CLOUD,prediction_complete,59.68
1265,Fluctuating,58.0,54.0,32.0,10.0,CLOUD,CLOUD,prediction_complete,58.55
1266,Fluctuating,72.0,96.0,74.0,4.0,CLOUD,CLOUD,prediction_complete,66.17
1267,Fluctuating,79.0,51.0,73.0,1.0,CLOUD,CLOUD,prediction_complete,69.17
1268,Fluctuating,63.0,60.0,71.0,1.0,CLOUD,CLOUD,prediction_complete,71.36
1269,Fluctuating,50.0,41.0,47.0,7.0,EDGE,EDGE,prediction_complete,66.92
1270,Fluctuating,62.0,80.0,55.0,10.0,CLOUD,CLOUD,prediction_complete,66.12
1271,Fluctuating,52.0,96.0,30.0,2.0,EDGE,EDGE,prediction_complete,68.7
1272,Fluctuating,45.0,100.0,48.0,9.0,CLOUD,CLOUD,prediction_complete,71.36
1273,Fluctuating,77.0,74.0,52.0,5.0,CLOUD,CLOUD,prediction_complete,70.94
1274,Fluctuating,54.0,54.0,59.0,7.0,CLOUD,CLOUD,prediction_complete,71.26
1275,Fluctuating,76.0,30.0,46.0,3.0,EDGE,EDGE,prediction_complete,69.08
1276,Fluctuating,66.0,94.0,36.0,9.0,CLOUD,CLOUD,prediction_complete,68.42
1277,Fluctuating,44.0,94.0,48.0,6.0,EDGE,EDGE,prediction_complete,70.86
1278,Fluctuating,47.0,95.0,46.0,9.0,CLOUD,CLOUD,prediction_complete,74.37
1279,Fluctuating,90.0,62.0,74.0,8.0,CLOUD,CLOUD,prediction_complete,72.88
1280,Fluctuating,64.0,91.0,79.0,4.0,CLOUD,CLOUD,prediction_complete,76.27
1281,Fluctuating,88.0,73.0,79.0,8.0,CLOUD,CLOUD,prediction_complete,74.89
1282,Fluctuating,83.0,88.0,67.0,1.0,EDGE,EDGE,prediction_complete,75.32
1283,Fluctuating,70.0,44.0,46.0,2.0,EDGE,EDGE,prediction_complete,71.74
1284,Fluctuating,64.0,58.0,73.0,4.0,CLOUD,CLOUD,prediction_complete,69.84
1285,Fluctuating,60.0,82.0,52.0,9.0,CLOUD,CLOUD,prediction_complete,68.23
1286,Fluctuating,74.0,31.0,74.0,5.0,CLOUD,CLOUD,prediction_complete,66.69
1287,Fluctuating,55.0,66.0,35.0,7.0,EDGE,EDGE,prediction_complete,64.05
1288,Fluctuating,83.0,73.0,34.0,9.0,CLOUD,CLOUD,prediction_complete,62.7
1289,Fluctuating,51.0,90.0,50.0,6.0,EDGE,EDGE,prediction_complete,65.78
1290,Fluctuating,53.0,64.0,41.0,4.0,EDGE,EDGE,prediction_complete,66.06
1291,Fluctuating,71.0,55.0,45.0,4.0,EDGE,EDGE,prediction_complete,66.05
1292,Fluctuating,56.0,56.0,44.0,4.0,EDGE,EDGE,prediction_complete,65.46
1293,Fluctuating,55.0,75.0,39.0,2.0,EDGE,EDGE,prediction_complete,66.97
1294,Fluctuating,47.0,40.0,73.0,8.0,CLOUD,CLOUD,prediction_complete,65.88
1295,Fluctuating,79.0,30.0,78.0,9.0,CLOUD,CLOUD,prediction_complete,64.27
1296,Fluctuating,42.0,91.0,53.0,10.0,CLOUD,CLOUD,prediction_complete,66.78
1297,Fluctuating,60.0,93.0,66.0,5.0,CLOUD,CLOUD,prediction_complete,71.78
1298,Fluctuating,71.0,53.0,78.0,9.0,CLOUD,CLOUD,prediction_complete,72.65
1299,Fluctuating,57.0,80.0,44.0,10.0,CLOUD,CLOUD,prediction_complete,72.65
1300,Fluctuating,48.0,36.0,63.0,7.0,EDGE,CLOUD,prediction_complete,72.95
1301,Fluctuating,70.0,99.0,32.0,9.0,CLOUD,CLOUD,prediction_complete,74.21
1302,Fluctuating,62.0,80.0,73.0,3.0,CLOUD,CLOUD,prediction_complete,77.78
1303,Fluctuating,69.0,45.0,74.0,9.0,CLOUD,CLOUD,prediction_complete,75.17
1304,Fluctuating,69.0,70.0,74.0,1.0,CLOUD,CLOUD,prediction_complete,76.43
1305,Fluctuating,40.0,56.0,54.0,10.0,CLOUD,CLOUD,prediction_complete,74.59
1306,Fluctuating,46.0,71.0,53.0,10.0,CLOUD,CLOUD,prediction_complete,74.53
1307,Fluctuating,56.0,53.0,65.0,5.0,CLOUD,CLOUD,prediction_complete,75.18
1308,Fluctuating,55.0,64.0,60.0,10.0,CLOUD,CLOUD,prediction_complete,76.27
1309,Fluctuating,61.0,76.0,41.0,8.0,CLOUD,CLOUD,prediction_complete,74.89
1310,Fluctuating,67.0,56.0,56.0,6.0,CLOUD,CLOUD,prediction_complete,73.7
1311,Fluctuating,63.0,81.0,47.0,8.0,CLOUD,CLOUD,prediction_complete,73.91
1312,Fluctuating,51.0,46.0,66.0,4.0,EDGE,EDGE,prediction_complete,74.02
1313,Fluctuating,46.0,64.0,45.0,9.0,CLOUD,CLOUD,prediction_complete,73.33
1314,Fluctuating,67.0,78.0,42.0,3.0,EDGE,EDGE,prediction_complete,73.53
1315,Fluctuating,87.0,49.0,60.0,1.0,EDGE,EDGE,prediction_complete,72.0
1316,Fluctuating,51.0,83.0,61.0,3.0,EDGE,EDGE,prediction_complete,71.75
1317,Fluctuating,80.0,96.0,64.0,6.0,CLOUD,CLOUD,prediction_complete,71.43
1318,Fluctuating,90.0,92.0,49.0,5.0,EDGE,EDGE,prediction_complete,69.81
1319,Fluctuating,75.0,36.0,55.0,2.0,EDGE,EDGE,prediction_complete,66.88
1320,Fluctuating,84.0,50.0,33.0,4.0,EDGE,EDGE,prediction_complete,62.36
1321,Fluctuating,56.0,90.0,70.0,2.0,EDGE,EDGE,prediction_complete,64.59
1322,Fluctuating,68.0,72.0,46.0,6.0,EDGE,EDGE,prediction_complete,62.32
1323,Fluctuating,63.0,62.0,52.0,1.0,EDGE,EDGE,prediction_complete,62.61
1324,Fluctuating,66.0,45.0,52.0,10.0,CLOUD,CLOUD,prediction_complete,59.78
1325,Fluctuating,52.0,98.0,41.0,5.0,EDGE,EDGE,prediction_complete,63.47
1326,Fluctuating,62.0,71.0,73.0,9.0,CLOUD,CLOUD,prediction_complete,65.13
1327,Fluctuating,71.0,87.0,35.0,7.0,EDGE,EDGE,prediction_complete,66.47
1328,Fluctuating,79.0,66.0,59.0,3.0,EDGE,EDGE,prediction_complete,68.42
1329,Fluctuating,50.0,73.0,56.0,10.0,CLOUD,CLOUD,prediction_complete,68.87
1330,Fluctuating,76.0,81.0,34.0,2.0,EDGE,EDGE,prediction_complete,70.43
1331,Fluctuating,50.0,73.0,44.0,6.0,EDGE,EDGE,prediction_complete,69.22
1332,Fluctuating,60.0,67.0,75.0,5.0,CLOUD,CLOUD,prediction_complete,71.01
1333,Fluctuating,78.0,80.0,47.0,8.0,CLOUD,CLOUD,prediction_complete,70.09
1334,Fluctuating,89.0,76.0,77.0,10.0,CLOUD,CLOUD,prediction_complete,70.33
1335,Fluctuating,73.0,87.0,56.0,3.0,EDGE,EDGE,prediction_complete,70.88
1336,Fluctuating,51.0,32.0,38.0,4.0,EDGE,EDGE,prediction_complete,66.73
1337,Fluctuating,82.0,62.0,77.0,2.0,CLOUD,CLOUD,prediction_complete,68.59
1338,Fluctuating,53.0,51.0,55.0,2.0,EDGE,EDGE,prediction_complete,67.64
1339,Fluctuating,46.0,38.0,60.0,9.0,CLOUD,CLOUD,prediction_complete,63.34
1340,Fluctuating,43.0,33.0,79.0,7.0,CLOUD,CLOUD,prediction_complete,64.66
1341,Fluctuating,73.0,40.0,36.0,5.0,EDGE,EDGE,prediction_complete,62.73
1342,Fluctuating,79.0,49.0,35.0,7.0,EDGE,EDGE,prediction_complete,60.78
1343,Fluctuating,59.0,59.0,45.0,5.0,EDGE,EDGE,prediction_complete,61.29
1344,Fluctuating,68.0,46.0,38.0,9.0,EDGE,CLOUD,prediction_complete,59.61
1345,Fluctuating,50.0,33.0,32.0,6.0,EDGE,EDGE,prediction_complete,57.88
1346,Fluctuating,60.0,90.0,59.0,9.0,CLOUD,CLOUD,prediction_complete,61.99
1347,Fluctuating,57.0,100.0,58.0,3.0,EDGE,EDGE,prediction_complete,67.44
1348,Fluctuating,84.0,99.0,41.0,10.0,CLOUD,CLOUD,prediction_complete,68.24
1349,Fluctuating,78.0,88.0,70.0,10.0,CLOUD,CLOUD,prediction_complete,69.43
1350,Fluctuating,67.0,97.0,70.0,9.0,CLOUD,CLOUD,prediction_complete,71.33
1351,Fluctuating,59.0,74.0,60.0,9.0,CLOUD,CLOUD,prediction_complete,72.84
1352,Fluctuating,54.0,41.0,58.0,5.0,EDGE,CLOUD,prediction_complete,73.12
1353,Fluctuating,63.0,82.0,46.0,3.0,EDGE,EDGE,prediction_complete,74.34
1354,Fluctuating,59.0,31.0,30.0,9.0,EDGE,CLOUD,prediction_complete,69.52
1355,Fluctuating,88.0,47.0,52.0,5.0,EDGE,CLOUD,prediction_complete,68.19
1356,Fluctuating,70.0,98.0,30.0,8.0,CLOUD,CLOUD,prediction_complete,67.09
1357,Fluctuating,88.0,91.0,49.0,1.0,EDGE,EDGE,prediction_complete,67.75
1358,Fluctuating,89.0,85.0,48.0,10.0,CLOUD,CLOUD,prediction_complete,65.77
1359,Fluctuating,54.0,30.0,65.0,6.0,EDGE,CLOUD,prediction_complete,62.76
1360,Fluctuating,52.0,82.0,65.0,7.0,CLOUD,CLOUD,prediction_complete,64.06
1361,Fluctuating,65.0,61.0,40.0,7.0,EDGE,EDGE,prediction_complete,63.21
1362,Fluctuating,64.0,58.0,46.0,2.0,EDGE,EDGE,prediction_complete,64.04
1363,Fluctuating,67.0,60.0,63.0,10.0,CLOUD,CLOUD,prediction_complete,63.59
1364,Fluctuating,84.0,64.0,48.0,9.0,CLOUD,CLOUD,prediction_complete,63.78
1365,Fluctuating,57.0,82.0,42.0,2.0,EDGE,EDGE,prediction_complete,66.39
1366,Fluctuating,51.0,47.0,48.0,2.0,EDGE,EDGE,prediction_complete,65.98
1367,Fluctuating,80.0,88.0,69.0,8.0,CLOUD,CLOUD,prediction_complete,67.52
1368,Fluctuating,57.0,92.0,42.0,6.0,EDGE,EDGE,prediction_complete,68.32
1369,Fluctuating,41.0,49.0,33.0,9.0,EDGE,CLOUD,prediction_complete,66.11
1370,Fluctuating,41.0,53.0,36.0,5.0,EDGE,EDGE,prediction_complete,66.04
1371,Fluctuating,57.0,46.0,75.0,8.0,CLOUD,CLOUD,prediction_complete,68.02
1372,Fluctuating,86.0,31.0,44.0,2.0,EDGE,EDGE,prediction_complete,67.15
1373,Fluctuating,49.0,31.0,61.0,4.0,EDGE,EDGE,prediction_complete,65.78
1374,Fluctuating,61.0,83.0,49.0,8.0,CLOUD,CLOUD,prediction_complete,66.24
1375,Fluctuating,63.0,89.0,74.0,1.0,CLOUD,CLOUD,prediction_complete,70.86
1376,Fluctuating,61.0,40.0,78.0,3.0,EDGE,CLOUD,prediction_complete,70.65
1377,Fluctuating,43.0,64.0,79.0,7.0,CLOUD,CLOUD,prediction_complete,70.9
1378,Fluctuating,44.0,99.0,60.0,3.0,EDGE,EDGE,prediction_complete,76.66
1379,Fluctuating,52.0,62.0,54.0,1.0,EDGE,EDGE,prediction_complete,77.13
1380,Fluctuating,47.0,61.0,54.0,8.0,CLOUD,CLOUD,prediction_complete,76.63
1381,Fluctuating,55.0,34.0,42.0,8.0,EDGE,CLOUD,prediction_complete,70.8
1382,Fluctuating,87.0,42.0,63.0,4.0,EDGE,EDGE,prediction_complete,70.58
1383,Fluctuating,70.0,79.0,73.0,5.0,CLOUD,CLOUD,prediction_complete,71.82
1384,Fluctuating,60.0,50.0,70.0,1.0,EDGE,EDGE,prediction_complete,71.96
1385,Fluctuating,87.0,100.0,63.0,2.0,EDGE,EDGE,prediction_complete,72.68
1386,Fluctuating,56.0,91.0,70.0,5.0,CLOUD,CLOUD,prediction_complete,72.59
1387,Fluctuating,52.0,76.0,33.0,4.0,EDGE,EDGE,prediction_complete,69.49
1388,Fluctuating,47.0,60.0,70.0,7.0,CLOUD,CLOUD,prediction_complete,68.66
1389,Fluctuating,60.0,31.0,40.0,5.0,EDGE,EDGE,prediction_complete,65.98
1390,Fluctuating,77.0,45.0,55.0,4.0,EDGE,EDGE,prediction_complete,65.14
1391,Fluctuating,40.0,35.0,67.0,8.0,CLOUD,CLOUD,prediction_complete,64.34
1392,Fluctuating,84.0,49.0,53.0,2.0,EDGE,EDGE,prediction_complete,65.97
1393,Fluctuating,55.0,50.0,61.0,2.0,EDGE,EDGE,prediction_complete,66.1
1394,Fluctuating,83.0,73.0,78.0,1.0,CLOUD,CLOUD,prediction_complete,68.41
1395,Fluctuating,43.0,75.0,71.0,3.0,CLOUD,CLOUD,prediction_complete,69.17
1396,Fluctuating,84.0,98.0,80.0,2.0,CLOUD,CLOUD,prediction_complete,70.86
1397,Fluctuating,48.0,92.0,44.0,6.0,EDGE,EDGE,prediction_complete,69.13
1398,Fluctuating,75.0,74.0,58.0,4.0,EDGE,EDGE,prediction_complete,68.58
1399,Fluctuating,41.0,78.0,52.0,3.0,EDGE,EDGE,prediction_complete,70.3
1400,Fluctuating,56.0,35.0,61.0,8.0,CLOUD,CLOUD,prediction_complete,68.59
1401,Fluctuating,75.0,67.0,64.0,8.0,CLOUD,CLOUD,prediction_complete,68.6
1402,Fluctuating,52.0,53.0,64.0,6.0,CLOUD,CLOUD,prediction_complete,70.2
1403,Fluctuating,60.0,89.0,47.0,10.0,CLOUD,CLOUD,prediction_complete,71.74
1404,Fluctuating,75.0,50.0,34.0,9.0,EDGE,CLOUD,prediction_complete,69.44
1405,Fluctuating,49.0,87.0,48.0,5.0,EDGE,EDGE,prediction_complete,71.04
1406,Fluctuating,74.0,76.0,59.0,1.0,EDGE,EDGE,prediction_complete,73.1
1407,Fluctuating,89.0,94.0,54.0,3.0,EDGE,EDGE,prediction_complete,73.02
1408,Fluctuating,41.0,76.0,79.0,10.0,CLOUD,CLOUD,prediction_complete,72.49
1409,Fluctuating,55.0,71.0,76.0,2.0,CLOUD,CLOUD,prediction_complete,74.97
1410,Fluctuating,82.0,98.0,54.0,4.0,EDGE,EDGE,prediction_complete,74.69
1411,Fluctuating,73.0,93.0,79.0,9.0,CLOUD,CLOUD,prediction_complete,74.62
1412,Fluctuating,49.0,66.0,50.0,7.0,EDGE,EDGE,prediction_complete,73.16
1413,Fluctuating,81.0,71.0,37.0,2.0,EDGE,EDGE,prediction_complete,71.76
1414,Fluctuating,73.0,38.0,32.0,3.0,EDGE,EDGE,prediction_complete,68.41
1415,Fluctuating,51.0,34.0,42.0,2.0,EDGE,EDGE,prediction_complete,65.12
1416,Fluctuating,71.0,54.0,36.0,1.0,EDGE,EDGE,prediction_complete,63.77
1417,Fluctuating,76.0,79.0,72.0,8.0,CLOUD,CLOUD,prediction_complete,63.69
1418,Fluctuating,73.0,62.0,33.0,6.0,EDGE,EDGE,prediction_complete,59.97
1419,Fluctuating,54.0,39.0,30.0,4.0,EDGE,EDGE,prediction_complete,56.75
1420,Fluctuating,81.0,92.0,35.0,8.0,CLOUD,CLOUD,prediction_complete,57.93
1421,Fluctuating,80.0,37.0,53.0,9.0,CLOUD,CLOUD,prediction_complete,55.28
1422,Fluctuating,87.0,83.0,53.0,1.0,EDGE,EDGE,prediction_complete,58.45
1423,Fluctuating,79.0,64.0,63.0,1.0,EDGE,EDGE,prediction_complete,60.5
1424,Fluctuating,86.0,39.0,49.0,2.0,EDGE,EDGE,prediction_complete,58.32
1425,Fluctuating,53.0,96.0,36.0,2.0,EDGE,EDGE,prediction_complete,58.3
1426,Fluctuating,86.0,59.0,64.0,7.0,CLOUD,CLOUD,prediction_complete,57.77
1427,Fluctuating,52.0,54.0,63.0,4.0,EDGE,EDGE,prediction_complete,57.59
1428,Fluctuating,76.0,52.0,65.0,9.0,CLOUD,CLOUD,prediction_complete,57.6
1429,Fluctuating,66.0,43.0,79.0,10.0,CLOUD,CLOUD,prediction_complete,58.52
1430,Fluctuating,62.0,88.0,74.0,7.0,CLOUD,CLOUD,prediction_complete,63.51
1431,Fluctuating,46.0,51.0,80.0,3.0,CLOUD,CLOUD,prediction_complete,67.74
1432,Fluctuating,75.0,81.0,62.0,6.0,CLOUD,CLOUD,prediction_complete,69.89
1433,Fluctuating,82.0,50.0,64.0,10.0,CLOUD,CLOUD,prediction_complete,68.49
1434,Fluctuating,68.0,75.0,50.0,9.0,CLOUD,CLOUD,prediction_complete,69.23
1435,Fluctuating,60.0,77.0,56.0,7.0,CLOUD,CLOUD,prediction_complete,70.03
1436,Fluctuating,86.0,71.0,68.0,4.0,EDGE,EDGE,prediction_complete,71.53
1437,Fluctuating,76.0,99.0,43.0,7.0,EDGE,EDGE,prediction_complete,71.08
1438,Fluctuating,89.0,100.0,77.0,5.0,CLOUD,CLOUD,prediction_complete,72.89
1439,Fluctuating,63.0,87.0,58.0,7.0,CLOUD,CLOUD,prediction_complete,72.08
1440,Fluctuating,40.0,34.0,48.0,10.0,EDGE,CLOUD,prediction_complete,67.97
1441,Fluctuating,41.0,96.0,38.0,5.0,EDGE,EDGE,prediction_complete,70.69
1442,Fluctuating,40.0,68.0,44.0,4.0,EDGE,EDGE,prediction_complete,74.09
1443,Fluctuating,60.0,32.0,79.0,5.0,CLOUD,CLOUD,prediction_complete,75.0
1444,Fluctuating,75.0,95.0,65.0,10.0,CLOUD,CLOUD,prediction_complete,74.96
1445,Fluctuating,76.0,49.0,36.0,1.0,EDGE,EDGE,prediction_complete,72.02
1446,Fluctuating,69.0,75.0,39.0,3.0,EDGE,EDGE,prediction_complete,71.16
1447,Fluctuating,56.0,76.0,67.0,4.0,EDGE,EDGE,prediction_complete,71.6
1448,Fluctuating,54.0,62.0,49.0,2.0,EDGE,EDGE,prediction_complete,70.71
1449,Fluctuating,76.0,81.0,66.0,4.0,EDGE,EDGE,prediction_complete,70.59
1450,Fluctuating,86.0,39.0,76.0,6.0,CLOUD,CLOUD,prediction_complete,67.56
1451,Fluctuating,90.0,91.0,41.0,8.0,CLOUD,CLOUD,prediction_complete,64.65
1452,Fluctuating,84.0,42.0,68.0,5.0,EDGE,CLOUD,prediction_complete,62.62
1453,Fluctuating,42.0,78.0,35.0,1.0,EDGE,EDGE,prediction_complete,62.84
1454,Fluctuating,89.0,72.0,52.0,7.0,CLOUD,CLOUD,prediction_complete,61.86
1455,Fluctuating,66.0,45.0,79.0,4.0,EDGE,CLOUD,prediction_complete,63.17
1456,Fluctuating,87.0,31.0,70.0,7.0,EDGE,CLOUD,prediction_complete,60.89
1457,Fluctuating,43.0,69.0,63.0,1.0,EDGE,EDGE,prediction_complete,62.86
1458,Fluctuating,60.0,99.0,66.0,3.0,EDGE,EDGE,prediction_complete,66.23
1459,Fluctuating,60.0,94.0,74.0,4.0,CLOUD,CLOUD,prediction_complete,69.18
1460,Fluctuating,49.0,36.0,73.0,7.0,CLOUD,CLOUD,prediction_complete,68.3
1461,Fluctuating,68.0,94.0,35.0,4.0,EDGE,EDGE,prediction_complete,69.53
1462,Fluctuating,67.0,67.0,80.0,7.0,CLOUD,CLOUD,prediction_complete,71.34
1463,Fluctuating,49.0,46.0,51.0,2.0,EDGE,EDGE,prediction_complete,70.72
1464,Fluctuating,70.0,36.0,65.0,7.0,EDGE,CLOUD,prediction_complete,69.0
1465,Fluctuating,56.0,40.0,55.0,9.0,CLOUD,CLOUD,prediction_complete,66.63
1466,Fluctuating,67.0,46.0,78.0,3.0,EDGE,CLOUD,prediction_complete,69.31
1467,Fluctuating,70.0,55.0,61.0,7.0,CLOUD,CLOUD,prediction_complete,67.57
1468,Fluctuating,81.0,55.0,65.0,10.0,CLOUD,CLOUD,prediction_complete,65.51
1469,Fluctuating,87.0,97.0,45.0,4.0,EDGE,EDGE,prediction_complete,66.47
1470,Fluctuating,44.0,64.0,79.0,7.0,CLOUD,CLOUD,prediction_complete,67.1
1471,Fluctuating,60.0,41.0,37.0,7.0,EDGE,EDGE,prediction_complete,64.87
1472,Fluctuating,67.0,76.0,52.0,4.0,EDGE,EDGE,prediction_complete,66.35
1473,Fluctuating,60.0,74.0,68.0,1.0,EDGE,EDGE,prediction_complete,69.43
1474,Fluctuating,89.0,69.0,40.0,6.0,EDGE,EDGE,prediction_complete,67.0
1475,Fluctuating,79.0,86.0,69.0,3.0,EDGE,EDGE,prediction_complete,68.5
1476,Fluctuating,68.0,35.0,44.0,4.0,EDGE,EDGE,prediction_complete,64.32
1477,Fluctuating,83.0,77.0,39.0,2.0,EDGE,EDGE,prediction_complete,63.45
1478,Fluctuating,47.0,36.0,45.0,10.0,EDGE,CLOUD,prediction_complete,58.91
1479,Fluctuating,49.0,66.0,30.0,6.0,EDGE,EDGE,prediction_complete,59.31
1480,Fluctuating,84.0,44.0,49.0,8.0,EDGE,CLOUD,prediction_complete,58.06
1481,Fluctuating,70.0,32.0,51.0,4.0,EDGE,EDGE,prediction_complete,57.95
1482,Fluctuating,87.0,98.0,43.0,4.0,EDGE,EDGE,prediction_complete,60.33
1483,Fluctuating,74.0,96.0,78.0,5.0,CLOUD,CLOUD,prediction_complete,63.1
1484,Fluctuating,75.0,91.0,69.0,3.0,EDGE,EDGE,prediction_complete,66.46
1485,Fluctuating,84.0,32.0,54.0,10.0,CLOUD,CLOUD,prediction_complete,61.4
1486,Fluctuating,82.0,97.0,32.0,5.0,EDGE,EDGE,prediction_complete,62.35
1487,Fluctuating,50.0,37.0,48.0,4.0,EDGE,EDGE,prediction_complete,60.85
1488,Fluctuating,90.0,64.0,33.0,8.0,CLOUD,CLOUD,prediction_complete,59.01
1489,Fluctuating,81.0,31.0,34.0,7.0,EDGE,EDGE,prediction_complete,54.45
1490,Fluctuating,82.0,64.0,72.0,6.0,CLOUD,CLOUD,prediction_complete,57.77
1491,Fluctuating,46.0,32.0,48.0,7.0,EDGE,EDGE,prediction_complete,55.8
1492,Fluctuating,54.0,78.0,62.0,2.0,EDGE,EDGE,prediction_complete,60.56
1493,Fluctuating,60.0,92.0,68.0,9.0,CLOUD,CLOUD,prediction_complete,62.92
1494,Fluctuating,45.0,53.0,42.0,9.0,CLOUD,CLOUD,prediction_complete,62.16
1495,Fluctuating,69.0,32.0,32.0,4.0,EDGE,EDGE,prediction_complete,62.52
1496,Fluctuating,73.0,69.0,51.0,8.0,CLOUD,CLOUD,prediction_complete,63.92
1497,Fluctuating,65.0,50.0,31.0,6.0,EDGE,EDGE,prediction_complete,62.5
1498,Fluctuating,83.0,75.0,52.0,5.0,CLOUD,CLOUD,prediction_complete,64.66
1499,Fluctuating,55.0,94.0,47.0,1.0,EDGE,EDGE,prediction_complete,68.08
1500,Fluctuating,80.0,62.0,54.0,1.0,EDGE,EDGE,prediction_complete,68.13
1501,Fluctuating,75.0,65.0,44.0,3.0,EDGE,EDGE,prediction_complete,65.48
1502,Fluctuating,61.0,80.0,72.0,3.0,CLOUD,CLOUD,prediction_complete,65.97
1503,Fluctuating,45.0,78.0,63.0,10.0,CLOUD,CLOUD,prediction_complete,63.81
1504,Fluctuating,80.0,59.0,56.0,4.0,EDGE,EDGE,prediction_complete,64.21
1505,Fluctuating,76.0,49.0,57.0,5.0,EDGE,CLOUD,prediction_complete,64.3
1506,Fluctuating,78.0,72.0,58.0,9.0,CLOUD,CLOUD,prediction_complete,64.03
1507,Fluctuating,48.0,56.0,71.0,3.0,CLOUD,CLOUD,prediction_complete,66.33
1508,Fluctuating,77.0,99.0,73.0,4.0,CLOUD,CLOUD,prediction_complete,70.23
1509,Fluctuating,48.0,69.0,74.0,9.0,CLOUD,CLOUD,prediction_complete,69.94
1510,Fluctuating,48.0,85.0,79.0,3.0,CLOUD,CLOUD,prediction_complete,77.38
1511,Fluctuating,81.0,50.0,50.0,2.0,EDGE,EDGE,prediction_complete,73.75
1512,Fluctuating,75.0,98.0,76.0,2.0,CLOUD,CLOUD,prediction_complete,75.5
1513,Fluctuating,51.0,70.0,39.0,1.0,EDGE,EDGE,prediction_complete,72.76
1514,Fluctuating,88.0,70.0,56.0,7.0,CLOUD,CLOUD,prediction_complete,70.07
1515,Fluctuating,59.0,86.0,77.0,5.0,CLOUD,CLOUD,prediction_complete,71.79
1516,Fluctuating,49.0,54.0,36.0,3.0,EDGE,EDGE,prediction_complete,69.56
1517,Fluctuating,51.0,33.0,78.0,10.0,CLOUD,CLOUD,prediction_complete,67.33
1518,Fluctuating,79.0,64.0,68.0,10.0,CLOUD,CLOUD,prediction_complete,67.52
1519,Fluctuating,79.0,59.0,68.0,4.0,EDGE,EDGE,prediction_complete,68.14
1520,Fluctuating,54.0,33.0,52.0,2.0,EDGE,EDGE,prediction_complete,66.28
1521,Fluctuating,84.0,91.0,38.0,9.0,CLOUD,CLOUD,prediction_complete,66.15
1522,Fluctuating,78.0,90.0,75.0,6.0,CLOUD,CLOUD,prediction_complete,68.02
1523,Fluctuating,51.0,79.0,61.0,8.0,CLOUD,CLOUD,prediction_complete,68.49
1524,Fluctuating,48.0,50.0,42.0,4.0,EDGE,EDGE,prediction_complete,68.21
1525,Fluctuating,42.0,82.0,78.0,1.0,CLOUD,CLOUD,prediction_complete,73.62
1526,Fluctuating,57.0,82.0,44.0,4.0,EDGE,EDGE,prediction_complete,73.74
1527,Fluctuating,88.0,56.0,34.0,3.0,EDGE,EDGE,prediction_complete,69.96
1528,Fluctuating,68.0,92.0,74.0,6.0,CLOUD,CLOUD,prediction_complete,71.19
1529,Fluctuating,69.0,61.0,57.0,7.0,CLOUD,CLOUD,prediction_complete,69.52
1530,Fluctuating,89.0,35.0,68.0,7.0,EDGE,CLOUD,prediction_complete,67.06
1531,Fluctuating,86.0,70.0,55.0,10.0,CLOUD,CLOUD,prediction_complete,65.5
1532,Fluctuating,87.0,98.0,63.0,1.0,EDGE,EDGE,prediction_complete,67.9
1533,Fluctuating,73.0,43.0,58.0,8.0,CLOUD,CLOUD,prediction_complete,63.72
1534,Fluctuating,42.0,61.0,63.0,9.0,CLOUD,CLOUD,prediction_complete,63.3
1535,Fluctuating,65.0,35.0,65.0,7.0,EDGE,CLOUD,prediction_complete,62.16
1536,Fluctuating,73.0,36.0,42.0,5.0,EDGE,EDGE,prediction_complete,60.76
1537,Fluctuating,68.0,80.0,49.0,5.0,EDGE,EDGE,prediction_complete,63.45
1538,Fluctuating,69.0,51.0,57.0,5.0,CLOUD,CLOUD,prediction_complete,62.52
1539,Fluctuating,79.0,36.0,74.0,9.0,CLOUD,CLOUD,prediction_complete,61.2
1540,Fluctuating,49.0,89.0,71.0,8.0,CLOUD,CLOUD,prediction_complete,64.95
1541,Fluctuating,45.0,94.0,37.0,3.0,EDGE,EDGE,prediction_complete,68.26
1542,Fluctuating,89.0,99.0,38.0,7.0,EDGE,EDGE,prediction_complete,69.44
1543,Fluctuating,66.0,71.0,58.0,1.0,EDGE,EDGE,prediction_complete,71.07
1544,Fluctuating,51.0,88.0,67.0,4.0,EDGE,EDGE,prediction_complete,72.01
1545,Fluctuating,69.0,41.0,46.0,6.0,EDGE,EDGE,prediction_complete,68.67
1546,Fluctuating,84.0,50.0,75.0,2.0,EDGE,CLOUD,prediction_complete,69.86
1547,Fluctuating,45.0,44.0,75.0,8.0,CLOUD,CLOUD,prediction_complete,67.59
1548,Fluctuating,80.0,76.0,35.0,9.0,CLOUD,CLOUD,prediction_complete,65.78
1549,Fluctuating,85.0,79.0,76.0,9.0,CLOUD,CLOUD,prediction_complete,67.43
1550,Fluctuating,79.0,50.0,54.0,9.0,CLOUD,CLOUD,prediction_complete,64.8
1551,Fluctuating,64.0,35.0,79.0,3.0,EDGE,CLOUD,prediction_complete,64.94
1552,Fluctuating,61.0,49.0,40.0,3.0,EDGE,EDGE,prediction_complete,63.89
1553,Fluctuating,51.0,36.0,56.0,5.0,EDGE,CLOUD,prediction_complete,62.46
1554,Fluctuating,59.0,87.0,48.0,3.0,EDGE,EDGE,prediction_complete,63.94
1555,Fluctuating,47.0,46.0,42.0,1.0,EDGE,EDGE,prediction_complete,64.27
1556,Fluctuating,79.0,62.0,30.0,8.0,CLOUD,CLOUD,prediction_complete,61.74
1557,Fluctuating,71.0,93.0,64.0,1.0,EDGE,EDGE,prediction_complete,65.13
1558,Fluctuating,78.0,93.0,45.0,4.0,EDGE,EDGE,prediction_complete,65.81
1559,Fluctuating,77.0,90.0,59.0,7.0,CLOUD,CLOUD,prediction_complete,65.8
1560,Fluctuating,68.0,40.0,68.0,10.0,CLOUD,CLOUD,prediction_complete,64.02
1561,Fluctuating,40.0,61.0,65.0,5.0,CLOUD,CLOUD,prediction_complete,65.79
1562,Fluctuating,79.0,56.0,33.0,3.0,EDGE,EDGE,prediction_complete,65.54
1563,Fluctuating,49.0,37.0,71.0,6.0,CLOUD,CLOUD,prediction_complete,65.09
1564,Fluctuating,42.0,48.0,32.0,10.0,EDGE,CLOUD,prediction_complete,62.81
1565,Fluctuating,78.0,68.0,51.0,2.0,EDGE,EDGE,prediction_complete,65.63
1566,Fluctuating,43.0,43.0,56.0,3.0,EDGE,EDGE,prediction_complete,66.64
1567,Fluctuating,50.0,66.0,69.0,10.0,CLOUD,CLOUD,prediction_complete,66.91
1568,Fluctuating,76.0,52.0,59.0,10.0,CLOUD,CLOUD,prediction_complete,66.74
1569,Fluctuating,63.0,34.0,35.0,5.0,EDGE,EDGE,prediction_complete,64.8
1570,Fluctuating,60.0,77.0,54.0,2.0,EDGE,EDGE,prediction_complete,67.52
1571,Fluctuating,88.0,84.0,65.0,2.0,EDGE,EDGE,prediction_complete,69.05
1572,Fluctuating,58.0,90.0,38.0,2.0,EDGE,EDGE,prediction_complete,69.6
1573,Fluctuating,84.0,65.0,51.0,9.0,CLOUD,CLOUD,prediction_complete,65.57
1574,Fluctuating,66.0,97.0,43.0,4.0,EDGE,EDGE,prediction_complete,66.24
1575,Fluctuating,79.0,37.0,36.0,10.0,EDGE,CLOUD,prediction_complete,62.31
1576,Fluctuating,86.0,97.0,35.0,8.0,CLOUD,CLOUD,prediction_complete,62.51
1577,Fluctuating,86.0,66.0,57.0,10.0,CLOUD,CLOUD,prediction_complete,60.92
1578,Fluctuating,60.0,63.0,63.0,10.0,CLOUD,CLOUD,prediction_complete,61.4
1579,Fluctuating,79.0,75.0,38.0,10.0,CLOUD,CLOUD,prediction_complete,62.14
1580,Fluctuating,76.0,93.0,63.0,8.0,CLOUD,CLOUD,prediction_complete,65.05
1581,Fluctuating,71.0,53.0,69.0,4.0,EDGE,EDGE,prediction_complete,66.65
1582,Fluctuating,85.0,67.0,42.0,1.0,EDGE,EDGE,prediction_complete,65.97
1583,Fluctuating,47.0,33.0,59.0,2.0,EDGE,EDGE,prediction_complete,64.6
1584,Fluctuating,87.0,56.0,69.0,7.0,CLOUD,CLOUD,prediction_complete,62.54
1585,Fluctuating,66.0,35.0,51.0,6.0,EDGE,CLOUD,prediction_complete,59.94
1586,Fluctuating,75.0,57.0,30.0,4.0,EDGE,EDGE,prediction_complete,58.27
1587,Fluctuating,84.0,66.0,46.0,2.0,EDGE,EDGE,prediction_complete,58.62
1588,Fluctuating,59.0,68.0,62.0,9.0,CLOUD,CLOUD,prediction_complete,57.48
1589,Fluctuating,60.0,30.0,37.0,6.0,EDGE,EDGE,prediction_complete,55.51
1590,Fluctuating,61.0,80.0,76.0,10.0,CLOUD,CLOUD,prediction_complete,58.88
1591,Fluctuating,79.0,33.0,41.0,4.0,EDGE,EDGE,prediction_complete,58.57
1592,Fluctuating,61.0,73.0,73.0,8.0,CLOUD,CLOUD,prediction_complete,61.91
1593,Fluctuating,70.0,34.0,71.0,3.0,EDGE,CLOUD,prediction_complete,62.59
1594,Fluctuating,70.0,49.0,70.0,8.0,CLOUD,CLOUD,prediction_complete,62.45
1595,Fluctuating,74.0,72.0,59.0,7.0,CLOUD,CLOUD,prediction_complete,63.68
1596,Fluctuating,87.0,37.0,63.0,5.0,EDGE,CLOUD,prediction_complete,63.18
1597,Fluctuating,76.0,70.0,65.0,9.0,CLOUD,CLOUD,prediction_complete,63.3
1598,Fluctuating,41.0,56.0,66.0,6.0,CLOUD,CLOUD,prediction_complete,63.58
1599,Fluctuating,90.0,75.0,34.0,3.0,EDGE,EDGE,prediction_complete,64.58
1600,Fluctuating,57.0,33.0,51.0,7.0,EDGE,CLOUD,prediction_complete,61.12
1601,Fluctuating,80.0,98.0,40.0,10.0,CLOUD,CLOUD,prediction_complete,63.17
1602,Fluctuating,78.0,79.0,41.0,10.0,CLOUD,CLOUD,prediction_complete,62.45
1603,Fluctuating,47.0,69.0,75.0,6.0,CLOUD,CLOUD,prediction_complete,66.01
1604,Fluctuating,85.0,34.0,47.0,7.0,EDGE,EDGE,prediction_complete,64.16
1605,Fluctuating,45.0,93.0,45.0,6.0,EDGE,EDGE,prediction_complete,66.34
1606,Fluctuating,68.0,68.0,43.0,9.0,CLOUD,CLOUD,prediction_complete,66.91
1607,Fluctuating,59.0,52.0,37.0,6.0,EDGE,EDGE,prediction_complete,65.89
1608,Fluctuating,90.0,34.0,79.0,4.0,EDGE,CLOUD,prediction_complete,65.38
1609,Fluctuating,45.0,86.0,62.0,1.0,EDGE,EDGE,prediction_complete,69.53
1610,Fluctuating,70.0,94.0,39.0,4.0,EDGE,EDGE,prediction_complete,69.25
1611,Fluctuating,61.0,91.0,76.0,9.0,CLOUD,CLOUD,prediction_complete,70.01
1612,Fluctuating,59.0,71.0,39.0,2.0,EDGE,EDGE,prediction_complete,70.21
1613,Fluctuating,73.0,46.0,43.0,1.0,EDGE,EDGE,prediction_complete,67.88
1614,Fluctuating,69.0,79.0,75.0,9.0,CLOUD,CLOUD,prediction_complete,68.35
1615,Fluctuating,47.0,30.0,49.0,1.0,EDGE,EDGE,prediction_complete,66.22
1616,Fluctuating,83.0,41.0,51.0,8.0,CLOUD,CLOUD,prediction_complete,62.97
1617,Fluctuating,42.0,43.0,63.0,5.0,EDGE,CLOUD,prediction_complete,63.27
1618,Fluctuating,41.0,69.0,70.0,4.0,EDGE,EDGE,prediction_complete,67.49
1619,Fluctuating,60.0,55.0,42.0,5.0,EDGE,EDGE,prediction_complete,66.06
1620,Fluctuating,57.0,98.0,50.0,8.0,CLOUD,CLOUD,prediction_complete,68.21
1621,Fluctuating,82.0,45.0,47.0,3.0,EDGE,EDGE,prediction_complete,66.92
1622,Fluctuating,50.0,65.0,37.0,1.0,EDGE,EDGE,prediction_complete,67.31
1623,Fluctuating,79.0,95.0,36.0,4.0,EDGE,EDGE,prediction_complete,68.06
1624,Fluctuating,74.0,74.0,65.0,6.0,CLOUD,CLOUD,prediction_complete,67.33
1625,Fluctuating,57.0,48.0,75.0,5.0,CLOUD,CLOUD,prediction_complete,67.29
1626,Fluctuating,76.0,61.0,40.0,2.0,EDGE,EDGE,prediction_complete,66.75
1627,Fluctuating,59.0,73.0,64.0,8.0,CLOUD,CLOUD,prediction_complete,65.49
1628,Fluctuating,43.0,46.0,31.0,8.0,EDGE,CLOUD,prediction_complete,62.11
1629,Fluctuating,83.0,36.0,36.0,7.0,EDGE,EDGE,prediction_complete,60.81
1630,Fluctuating,43.0,41.0,57.0,7.0,EDGE,CLOUD,prediction_complete,60.42
1631,Fluctuating,51.0,87.0,69.0,6.0,CLOUD,CLOUD,prediction_complete,66.19
1632,Fluctuating,59.0,72.0,42.0,9.0,CLOUD,CLOUD,prediction_complete,67.03
1633,Fluctuating,45.0,89.0,66.0,3.0,EDGE,EDGE,prediction_complete,73.49
1634,Fluctuating,45.0,89.0,36.0,8.0,CLOUD,CLOUD,prediction_complete,76.43
1635,Fluctuating,59.0,89.0,60.0,4.0,EDGE,EDGE,prediction_complete,80.54
1636,Fluctuating,54.0,48.0,69.0,5.0,EDGE,CLOUD,prediction_complete,82.46
1637,Fluctuating,63.0,80.0,41.0,6.0,EDGE,EDGE,prediction_complete,78.08
1638,Fluctuating,90.0,71.0,59.0,8.0,CLOUD,CLOUD,prediction_complete,73.77
1639,Fluctuating,41.0,38.0,60.0,2.0,EDGE,EDGE,prediction_complete,75.66
1640,Fluctuating,62.0,91.0,59.0,3.0,EDGE,EDGE,prediction_complete,76.04
1641,Fluctuating,58.0,74.0,68.0,10.0,CLOUD,CLOUD,prediction_complete,73.65
1642,Fluctuating,48.0,95.0,36.0,7.0,EDGE,EDGE,prediction_complete,75.25
1643,Fluctuating,85.0,43.0,50.0,9.0,EDGE,CLOUD,prediction_complete,70.2
1644,Fluctuating,81.0,39.0,80.0,5.0,CLOUD,CLOUD,prediction_complete,69.39
1645,Fluctuating,74.0,89.0,55.0,10.0,CLOUD,CLOUD,prediction_complete,68.98
1646,Fluctuating,66.0,60.0,69.0,4.0,EDGE,EDGE,prediction_complete,69.33
1647,Fluctuating,75.0,50.0,60.0,7.0,EDGE,CLOUD,prediction_complete,67.57
1648,Fluctuating,44.0,73.0,43.0,10.0,CLOUD,CLOUD,prediction_complete,67.21
1649,Fluctuating,67.0,85.0,66.0,6.0,CLOUD,CLOUD,prediction_complete,69.83
1650,Fluctuating,74.0,60.0,41.0,2.0,EDGE,EDGE,prediction_complete,69.07
1651,Fluctuating,87.0,92.0,37.0,10.0,CLOUD,CLOUD,prediction_complete,67.28
1652,Fluctuating,78.0,89.0,50.0,9.0,CLOUD,CLOUD,prediction_complete,66.8
1653,Fluctuating,46.0,86.0,41.0,5.0,EDGE,EDGE,prediction_complete,68.61
1654,Fluctuating,65.0,38.0,68.0,2.0,EDGE,EDGE,prediction_complete,69.15
1655,Fluctuating,83.0,78.0,50.0,8.0,CLOUD,CLOUD,prediction_complete,67.76
1656,Fluctuating,81.0,37.0,35.0,4.0,EDGE,EDGE,prediction_complete,63.97
1657,Fluctuating,48.0,30.0,78.0,3.0,EDGE,CLOUD,prediction_complete,63.98
1658,Fluctuating,82.0,49.0,58.0,9.0,CLOUD,CLOUD,prediction_complete,60.61
1659,Fluctuating,58.0,79.0,69.0,10.0,CLOUD,CLOUD,prediction_complete,61.66
1660,Fluctuating,68.0,55.0,43.0,6.0,EDGE,EDGE,prediction_complete,62.23
1661,Fluctuating,59.0,68.0,57.0,6.0,CLOUD,CLOUD,prediction_complete,64.23
1662,Fluctuating,45.0,31.0,69.0,9.0,CLOUD,CLOUD,prediction_complete,63.89
1663,Fluctuating,65.0,46.0,48.0,1.0,EDGE,EDGE,prediction_complete,64.8
1664,Fluctuating,63.0,100.0,33.0,1.0,EDGE,EDGE,prediction_complete,67.59
1665,Fluctuating,85.0,75.0,37.0,5.0,EDGE,EDGE,prediction_complete,66.21
1666,Fluctuating,41.0,60.0,57.0,10.0,CLOUD,CLOUD,prediction_complete,65.78
1667,Fluctuating,65.0,70.0,75.0,7.0,CLOUD,CLOUD,prediction_complete,67.58
1668,Fluctuating,65.0,78.0,57.0,9.0,CLOUD,CLOUD,prediction_complete,69.02
1669,Fluctuating,53.0,52.0,60.0,3.0,EDGE,EDGE,prediction_complete,69.53
1670,Fluctuating,52.0,79.0,53.0,7.0,CLOUD,CLOUD,prediction_complete,71.18
1671,Fluctuating,49.0,66.0,72.0,3.0,CLOUD,CLOUD,prediction_complete,75.43
1672,Fluctuating,48.0,31.0,34.0,1.0,EDGE,EDGE,prediction_complete,71.65
1673,Fluctuating,49.0,92.0,72.0,7.0,CLOUD,CLOUD,prediction_complete,77.55
1674,Fluctuating,48.0,40.0,38.0,7.0,EDGE,EDGE,prediction_complete,72.79
1675,Fluctuating,69.0,84.0,69.0,3.0,EDGE,EDGE,prediction_complete,77.4
1676,Fluctuating,69.0,95.0,57.0,9.0,CLOUD,CLOUD,prediction_complete,74.78
1677,Fluctuating,68.0,79.0,52.0,4.0,EDGE,EDGE,prediction_complete,74.35
1678,Fluctuating,51.0,84.0,68.0,1.0,EDGE,EDGE,prediction_complete,78.85
1679,Fluctuating,76.0,93.0,76.0,4.0,CLOUD,CLOUD,prediction_complete,79.46
1680,Fluctuating,85.0,94.0,47.0,7.0,EDGE,EDGE,prediction_complete,74.53
1681,Fluctuating,74.0,76.0,32.0,1.0,EDGE,EDGE,prediction_complete,72.25
1682,Fluctuating,76.0,91.0,75.0,6.0,CLOUD,CLOUD,prediction_complete,72.63
1683,Fluctuating,47.0,91.0,74.0,2.0,CLOUD,CLOUD,prediction_complete,74.15
1684,Fluctuating,49.0,97.0,78.0,5.0,CLOUD,CLOUD,prediction_complete,78.5
1685,Fluctuating,69.0,96.0,35.0,9.0,CLOUD,CLOUD,prediction_complete,74.89
1686,Fluctuating,79.0,41.0,45.0,8.0,EDGE,CLOUD,prediction_complete,70.52
1687,Fluctuating,80.0,39.0,73.0,9.0,CLOUD,CLOUD,prediction_complete,69.03
1688,Fluctuating,77.0,69.0,69.0,1.0,EDGE,EDGE,prediction_complete,70.28
1689,Fluctuating,61.0,98.0,79.0,1.0,CLOUD,CLOUD,prediction_complete,73.7
1690,Fluctuating,70.0,88.0,62.0,8.0,CLOUD,CLOUD,prediction_complete,72.16
1691,Fluctuating,76.0,72.0,56.0,6.0,CLOUD,CLOUD,prediction_complete,71.14
1692,Fluctuating,58.0,67.0,40.0,1.0,EDGE,EDGE,prediction_complete,70.14
1693,Fluctuating,84.0,68.0,76.0,10.0,CLOUD,CLOUD,prediction_complete,67.62
1694,Fluctuating,56.0,37.0,70.0,8.0,CLOUD,CLOUD,prediction_complete,64.95
1695,Fluctuating,77.0,51.0,66.0,1.0,EDGE,EDGE,prediction_complete,66.41
1696,Fluctuating,82.0,67.0,77.0,10.0,CLOUD,CLOUD,prediction_complete,66.14
1697,Fluctuating,41.0,66.0,61.0,2.0,EDGE,EDGE,prediction_complete,68.4
1698,Fluctuating,48.0,94.0,34.0,5.0,EDGE,EDGE,prediction_complete,69.23
1699,Fluctuating,56.0,46.0,69.0,5.0,EDGE,CLOUD,prediction_complete,69.05
1700,Fluctuating,57.0,62.0,30.0,2.0,EDGE,EDGE,prediction_complete,68.12
1701,Fluctuating,78.0,52.0,67.0,3.0,EDGE,EDGE,prediction_complete,68.61
1702,Fluctuating,82.0,87.0,53.0,3.0,EDGE,EDGE,prediction_complete,68.96
1703,Fluctuating,56.0,60.0,61.0,3.0,EDGE,EDGE,prediction_complete,68.12
1704,Fluctuating,73.0,34.0,51.0,2.0,EDGE,EDGE,prediction_complete,65.1
1705,Fluctuating,49.0,49.0,61.0,7.0,EDGE,CLOUD,prediction_complete,63.21
1706,Fluctuating,89.0,79.0,45.0,8.0,CLOUD,CLOUD,prediction_complete,62.37
1707,Fluctuating,86.0,51.0,43.0,10.0,CLOUD,CLOUD,prediction_complete,59.48
1708,Fluctuating,86.0,74.0,33.0,5.0,EDGE,EDGE,prediction_complete,59.02
1709,Fluctuating,88.0,44.0,33.0,3.0,EDGE,EDGE,prediction_complete,55.9
1710,Fluctuating,69.0,81.0,60.0,5.0,CLOUD,CLOUD,prediction_complete,57.9
1711,Fluctuating,70.0,98.0,44.0,7.0,EDGE,EDGE,prediction_complete,59.48
1712,Fluctuating,83.0,79.0,60.0,5.0,CLOUD,CLOUD,prediction_complete,61.14
1713,Fluctuating,49.0,97.0,57.0,1.0,EDGE,EDGE,prediction_complete,64.21
1714,Fluctuating,58.0,87.0,54.0,6.0,CLOUD,CLOUD,prediction_complete,65.78
1715,Fluctuating,73.0,35.0,36.0,9.0,EDGE,CLOUD,prediction_complete,61.66
1716,Fluctuating,80.0,75.0,57.0,10.0,CLOUD,CLOUD,prediction_complete,63.12
1717,Fluctuating,81.0,64.0,51.0,5.0,CLOUD,CLOUD,prediction_complete,64.5
1718,Fluctuating,57.0,42.0,46.0,10.0,EDGE,CLOUD,prediction_complete,62.86
1719,Fluctuating,65.0,89.0,79.0,4.0,CLOUD,CLOUD,prediction_complete,68.53
1720,Fluctuating,86.0,54.0,63.0,6.0,CLOUD,CLOUD,prediction_complete,67.54
1721,Fluctuating,83.0,53.0,50.0,9.0,CLOUD,CLOUD,prediction_complete,64.67
1722,Fluctuating,40.0,31.0,34.0,1.0,EDGE,EDGE,prediction_complete,62.45
1723,Fluctuating,66.0,42.0,63.0,2.0,EDGE,EDGE,prediction_complete,62.19
1724,Fluctuating,83.0,87.0,52.0,4.0,EDGE,EDGE,prediction_complete,62.33
1725,Fluctuating,86.0,66.0,46.0,4.0,EDGE,EDGE,prediction_complete,61.48
1726,Fluctuating,42.0,33.0,69.0,2.0,EDGE,EDGE,prediction_complete,61.04
1727,Fluctuating,43.0,57.0,68.0,2.0,EDGE,EDGE,prediction_complete,63.21
1728,Fluctuating,85.0,45.0,35.0,10.0,EDGE,CLOUD,prediction_complete,58.6
1729,Fluctuating,48.0,78.0,72.0,10.0,CLOUD,CLOUD,prediction_complete,60.71
1730,Fluctuating,51.0,44.0,74.0,3.0,EDGE,CLOUD,prediction_complete,64.65
1731,Fluctuating,56.0,67.0,59.0,2.0,EDGE,EDGE,prediction_complete,68.3
1732,Fluctuating,80.0,88.0,47.0,7.0,EDGE,EDGE,prediction_complete,68.54
1733,Fluctuating,84.0,71.0,46.0,3.0,EDGE,EDGE,prediction_complete,68.6
1734,Fluctuating,89.0,39.0,47.0,1.0,EDGE,EDGE,prediction_complete,66.44
1735,Fluctuating,64.0,79.0,51.0,1.0,EDGE,EDGE,prediction_complete,66.76
1736,Fluctuating,56.0,63.0,41.0,8.0,CLOUD,CLOUD,prediction_complete,62.07
1737,Fluctuating,44.0,92.0,42.0,10.0,CLOUD,CLOUD,prediction_complete,62.22
1738,Fluctuating,65.0,52.0,71.0,8.0,CLOUD,CLOUD,prediction_complete,64.83
1739,Fluctuating,46.0,48.0,64.0,7.0,EDGE,CLOUD,prediction_complete,65.36
1740,Fluctuating,53.0,43.0,58.0,5.0,EDGE,CLOUD,prediction_complete,66.36
1741,Fluctuating,46.0,34.0,34.0,2.0,EDGE,EDGE,prediction_complete,65.64
1742,Fluctuating,76.0,62.0,79.0,8.0,CLOUD,CLOUD,prediction_complete,67.45
1743,Fluctuating,41.0,93.0,39.0,1.0,EDGE,EDGE,prediction_complete,71.5
1744,Fluctuating,42.0,79.0,47.0,3.0,EDGE,EDGE,prediction_complete,75.67
1745,Fluctuating,84.0,72.0,55.0,10.0,CLOUD,CLOUD,prediction_complete,71.44
1746,Fluctuating,40.0,95.0,75.0,8.0,CLOUD,CLOUD,prediction_complete,78.92
1747,Fluctuating,70.0,85.0,55.0,2.0,EDGE,EDGE,prediction_complete,77.77
1748,Fluctuating,74.0,58.0,30.0,7.0,EDGE,EDGE,prediction_complete,72.0
1749,Fluctuating,84.0,91.0,37.0,10.0,CLOUD,CLOUD,prediction_complete,70.6
1750,Fluctuating,74.0,75.0,51.0,5.0,CLOUD,CLOUD,prediction_complete,70.38
1751,Fluctuating,65.0,37.0,70.0,2.0,EDGE,EDGE,prediction_complete,69.91
1752,Fluctuating,63.0,98.0,51.0,2.0,EDGE,EDGE,prediction_complete,71.21
1753,Fluctuating,69.0,67.0,71.0,4.0,CLOUD,CLOUD,prediction_complete,70.24
1754,Fluctuating,51.0,100.0,32.0,7.0,EDGE,EDGE,prediction_complete,68.15
1755,Fluctuating,82.0,54.0,49.0,7.0,EDGE,EDGE,prediction_complete,66.55
1756,Fluctuating,46.0,75.0,61.0,2.0,EDGE,EDGE,prediction_complete,67.54
1757,Fluctuating,80.0,86.0,77.0,4.0,CLOUD,CLOUD,prediction_complete,70.22
1758,Fluctuating,48.0,34.0,42.0,1.0,EDGE,EDGE,prediction_complete,68.46
1759,Fluctuating,86.0,60.0,61.0,7.0,CLOUD,CLOUD,prediction_complete,66.53
1760,Fluctuating,44.0,99.0,71.0,5.0,CLOUD,CLOUD,prediction_complete,69.81
1761,Fluctuating,71.0,98.0,58.0,1.0,EDGE,EDGE,prediction_complete,72.94
1762,Fluctuating,42.0,73.0,33.0,6.0,EDGE,EDGE,prediction_complete,70.5
1763,Fluctuating,90.0,35.0,55.0,2.0,EDGE,EDGE,prediction_complete,68.74
1764,Fluctuating,53.0,96.0,59.0,9.0,CLOUD,CLOUD,prediction_complete,68.27
1765,Fluctuating,49.0,59.0,34.0,1.0,EDGE,EDGE,prediction_complete,68.82
1766,Fluctuating,87.0,48.0,61.0,1.0,EDGE,EDGE,prediction_complete,68.38
1767,Fluctuating,70.0,35.0,45.0,3.0,EDGE,EDGE,prediction_complete,64.54
1768,Fluctuating,40.0,52.0,70.0,1.0,EDGE,EDGE,prediction_complete,65.64
1769,Fluctuating,59.0,42.0,59.0,10.0,CLOUD,CLOUD,prediction_complete,62.26
1770,Fluctuating,50.0,38.0,36.0,2.0,EDGE,EDGE,prediction_complete,60.2
1771,Fluctuating,71.0,58.0,34.0,4.0,EDGE,EDGE,prediction_complete,59.47
1772,Fluctuating,67.0,73.0,77.0,7.0,CLOUD,CLOUD,prediction_complete,61.56
1773,Fluctuating,60.0,45.0,73.0,10.0,CLOUD,CLOUD,prediction_complete,62.66
1774,Fluctuating,74.0,47.0,50.0,4.0,EDGE,EDGE,prediction_complete,62.31
1775,Fluctuating,88.0,35.0,67.0,3.0,EDGE,EDGE,prediction_complete,62.29
1776,Fluctuating,61.0,38.0,37.0,5.0,EDGE,EDGE,prediction_complete,59.77
1777,Fluctuating,49.0,83.0,40.0,6.0,EDGE,EDGE,prediction_complete,61.11
1778,Fluctuating,75.0,51.0,58.0,4.0,EDGE,EDGE,prediction_complete,60.92
1779,Fluctuating,77.0,35.0,38.0,2.0,EDGE,EDGE,prediction_complete,58.72
1780,Fluctuating,90.0,78.0,79.0,3.0,CLOUD,CLOUD,prediction_complete,61.66
1781,Fluctuating,41.0,92.0,35.0,1.0,EDGE,EDGE,prediction_complete,62.78
1782,Fluctuating,40.0,52.0,35.0,10.0,CLOUD,CLOUD,prediction_complete,58.71
1783,Fluctuating,58.0,83.0,74.0,8.0,CLOUD,CLOUD,prediction_complete,63.03
1784,Fluctuating,84.0,46.0,43.0,3.0,EDGE,EDGE,prediction_complete,63.95
1785,Fluctuating,80.0,64.0,63.0,8.0,CLOUD,CLOUD,prediction_complete,64.82
1786,Fluctuating,66.0,60.0,41.0,10.0,CLOUD,CLOUD,prediction_complete,63.62
1787,Fluctuating,84.0,34.0,68.0,3.0,EDGE,EDGE,prediction_complete,63.31
1788,Fluctuating,85.0,93.0,69.0,2.0,EDGE,EDGE,prediction_complete,66.63
1789,Fluctuating,80.0,68.0,52.0,7.0,CLOUD,CLOUD,prediction_complete,64.91
1790,Fluctuating,40.0,60.0,42.0,2.0,EDGE,EDGE,prediction_complete,64.23
1791,Fluctuating,73.0,42.0,69.0,6.0,EDGE,CLOUD,prediction_complete,62.35
1792,Fluctuating,88.0,99.0,62.0,4.0,EDGE,EDGE,prediction_complete,64.21
1793,Fluctuating,69.0,56.0,47.0,1.0,EDGE,EDGE,prediction_complete,62.63
1794,Fluctuating,52.0,44.0,80.0,3.0,EDGE,CLOUD,prediction_complete,64.06
1795,Fluctuating,83.0,90.0,61.0,3.0,EDGE,EDGE,prediction_complete,65.43
1796,Fluctuating,50.0,35.0,33.0,6.0,EDGE,EDGE,prediction_complete,60.56
1797,Fluctuating,58.0,56.0,57.0,5.0,CLOUD,CLOUD,prediction_complete,61.85
1798,Fluctuating,61.0,88.0,32.0,2.0,EDGE,EDGE,prediction_complete,63.59
1799,Fluctuating,87.0,36.0,64.0,3.0,EDGE,EDGE,prediction_complete,63.37
1800,Fluctuating,50.0,33.0,61.0,9.0,CLOUD,CLOUD,prediction_complete,59.87
1801,Fluctuating,47.0,39.0,45.0,8.0,EDGE,CLOUD,prediction_complete,59.18
1802,Fluctuating,77.0,71.0,56.0,4.0,EDGE,EDGE,prediction_complete,62.43
1803,Fluctuating,87.0,71.0,44.0,2.0,EDGE,EDGE,prediction_complete,63.73
1804,Fluctuating,60.0,59.0,36.0,4.0,EDGE,EDGE,prediction_complete,61.41
1805,Fluctuating,87.0,82.0,42.0,7.0,EDGE,EDGE,prediction_complete,61.05
1806,Fluctuating,54.0,39.0,60.0,10.0,CLOUD,CLOUD,prediction_complete,59.17
1807,Fluctuating,71.0,36.0,57.0,3.0,EDGE,EDGE,prediction_complete,59.4
1808,Fluctuating,53.0,88.0,41.0,7.0,EDGE,EDGE,prediction_complete,60.81
1809,Fluctuating,63.0,47.0,59.0,4.0,EDGE,EDGE,prediction_complete,62.49
1810,Fluctuating,80.0,75.0,47.0,4.0,EDGE,EDGE,prediction_complete,63.17
1811,Fluctuating,61.0,46.0,32.0,10.0,EDGE,CLOUD,prediction_complete,59.77
1812,Fluctuating,43.0,65.0,38.0,2.0,EDGE,EDGE,prediction_complete,61.64
1813,Fluctuating,69.0,88.0,56.0,3.0,EDGE,EDGE,prediction_complete,65.77
1814,Fluctuating,88.0,73.0,44.0,5.0,EDGE,EDGE,prediction_complete,65.25
1815,Fluctuating,78.0,50.0,80.0,10.0,CLOUD,CLOUD,prediction_complete,64.29
1816,Fluctuating,50.0,100.0,44.0,2.0,EDGE,EDGE,prediction_complete,66.68
1817,Fluctuating,66.0,96.0,61.0,4.0,EDGE,EDGE,prediction_complete,69.79
1818,Fluctuating,77.0,90.0,59.0,5.0,CLOUD,CLOUD,prediction_complete,70.04
1819,Fluctuating,40.0,84.0,77.0,4.0,CLOUD,CLOUD,prediction_complete,73.51
1820,Fluctuating,55.0,71.0,57.0,10.0,CLOUD,CLOUD,prediction_complete,73.33
1821,Fluctuating,54.0,49.0,66.0,1.0,EDGE,EDGE,prediction_complete,76.29
1822,Fluctuating,66.0,35.0,32.0,8.0,EDGE,CLOUD,prediction_complete,69.15
1823,Fluctuating,86.0,94.0,32.0,7.0,EDGE,EDGE,prediction_complete,69.12
1824,Fluctuating,73.0,80.0,60.0,2.0,EDGE,EDGE,prediction_complete,71.04
1825,Fluctuating,68.0,93.0,45.0,2.0,EDGE,EDGE,prediction_complete,71.6
1826,Fluctuating,75.0,31.0,74.0,7.0,CLOUD,CLOUD,prediction_complete,67.63
1827,Fluctuating,53.0,46.0,52.0,5.0,EDGE,CLOUD,prediction_complete,64.98
1828,Fluctuating,55.0,41.0,31.0,8.0,EDGE,CLOUD,prediction_complete,61.34
1829,Fluctuating,82.0,69.0,40.0,8.0,CLOUD,CLOUD,prediction_complete,60.26
1830,Fluctuating,76.0,33.0,59.0,8.0,CLOUD,CLOUD,prediction_complete,58.58
1831,Fluctuating,89.0,47.0,75.0,7.0,CLOUD,CLOUD,prediction_complete,59.15
1832,Fluctuating,51.0,77.0,70.0,8.0,CLOUD,CLOUD,prediction_complete,61.91
1833,Fluctuating,85.0,30.0,70.0,2.0,EDGE,EDGE,prediction_complete,62.84
1834,Fluctuating,64.0,72.0,63.0,1.0,EDGE,EDGE,prediction_complete,64.86
1835,Fluctuating,58.0,84.0,78.0,5.0,CLOUD,CLOUD,prediction_complete,66.41
1836,Fluctuating,84.0,99.0,66.0,4.0,EDGE,EDGE,prediction_complete,68.45
1837,Fluctuating,90.0,40.0,69.0,6.0,EDGE,CLOUD,prediction_complete,65.27
1838,Fluctuating,87.0,37.0,62.0,6.0,EDGE,CLOUD,prediction_complete,62.05
1839,Fluctuating,43.0,44.0,54.0,6.0,EDGE,CLOUD,prediction_complete,60.58
1840,Fluctuating,69.0,35.0,53.0,6.0,EDGE,CLOUD,prediction_complete,59.78
1841,Fluctuating,51.0,38.0,65.0,4.0,EDGE,EDGE,prediction_complete,60.87
1842,Fluctuating,48.0,72.0,45.0,9.0,CLOUD,CLOUD,prediction_complete,60.92
1843,Fluctuating,47.0,91.0,77.0,10.0,CLOUD,CLOUD,prediction_complete,67.47
1844,Fluctuating,84.0,56.0,78.0,4.0,CLOUD,CLOUD,prediction_complete,69.81
1845,Fluctuating,60.0,75.0,47.0,9.0,CLOUD,CLOUD,prediction_complete,69.12
1846,Fluctuating,83.0,84.0,47.0,1.0,EDGE,EDGE,prediction_complete,70.86
1847,Fluctuating,44.0,77.0,52.0,8.0,CLOUD,CLOUD,prediction_complete,71.09
1848,Fluctuating,71.0,94.0,63.0,2.0,EDGE,EDGE,prediction_complete,74.93
1849,Fluctuating,70.0,98.0,73.0,9.0,CLOUD,CLOUD,prediction_complete,75.09
1850,Fluctuating,58.0,87.0,69.0,6.0,CLOUD,CLOUD,prediction_complete,78.17
1851,Fluctuating,83.0,38.0,42.0,8.0,EDGE,CLOUD,prediction_complete,71.77
1852,Fluctuating,45.0,40.0,55.0,3.0,EDGE,EDGE,prediction_complete,70.22
1853,Fluctuating,58.0,39.0,36.0,3.0,EDGE,EDGE,prediction_complete,66.69
1854,Fluctuating,57.0,44.0,74.0,3.0,EDGE,CLOUD,prediction_complete,67.94
1855,Fluctuating,71.0,49.0,43.0,9.0,EDGE,CLOUD,prediction_complete,63.98
1856,Fluctuating,80.0,32.0,48.0,7.0,EDGE,EDGE,prediction_complete,61.82
1857,Fluctuating,83.0,99.0,38.0,8.0,CLOUD,CLOUD,prediction_complete,62.03
1858,Fluctuating,62.0,83.0,58.0,1.0,EDGE,EDGE,prediction_complete,64.49
1859,Fluctuating,58.0,54.0,34.0,1.0,EDGE,EDGE,prediction_complete,62.59
1860,Fluctuating,54.0,96.0,71.0,6.0,CLOUD,CLOUD,prediction_complete,64.6
1861,Fluctuating,66.0,73.0,71.0,6.0,CLOUD,CLOUD,prediction_complete,67.16
1862,Fluctuating,71.0,97.0,65.0,8.0,CLOUD,CLOUD,prediction_complete,68.69
1863,Fluctuating,69.0,68.0,66.0,3.0,EDGE,EDGE,prediction_complete,70.76
1864,Fluctuating,90.0,69.0,40.0,5.0,EDGE,EDGE,prediction_complete,68.35
1865,Fluctuating,54.0,91.0,53.0,5.0,CLOUD,CLOUD,prediction_complete,69.38
1866,Fluctuating,89.0,36.0,39.0,6.0,EDGE,EDGE,prediction_complete,66.22
1867,Fluctuating,58.0,88.0,40.0,10.0,CLOUD,CLOUD,prediction_complete,65.69
1868,Fluctuating,50.0,98.0,48.0,3.0,EDGE,EDGE,prediction_complete,68.61
1869,Fluctuating,51.0,49.0,40.0,4.0,EDGE,EDGE,prediction_complete,67.85
1870,Fluctuating,47.0,35.0,50.0,10.0,EDGE,CLOUD,prediction_complete,64.9
1871,Fluctuating,48.0,86.0,46.0,6.0,EDGE,EDGE,prediction_complete,67.91
1872,Fluctuating,51.0,56.0,65.0,1.0,EDGE,EDGE,prediction_complete,71.34
1873,Fluctuating,82.0,70.0,52.0,3.0,EDGE,EDGE,prediction_complete,71.08
1874,Fluctuating,63.0,87.0,64.0,3.0,EDGE,EDGE,prediction_complete,73.27
1875,Fluctuating,74.0,68.0,37.0,1.0,EDGE,EDGE,prediction_complete,70.8
1876,Fluctuating,65.0,93.0,79.0,3.0,CLOUD,CLOUD,prediction_complete,73.44
1877,Fluctuating,69.0,70.0,39.0,1.0,EDGE,EDGE,prediction_complete,70.7
1878,Fluctuating,87.0,99.0,62.0,6.0,CLOUD,CLOUD,prediction_complete,69.16
1879,Fluctuating,81.0,67.0,60.0,5.0,CLOUD,CLOUD,prediction_complete,67.28
1880,Fluctuating,88.0,48.0,66.0,8.0,CLOUD,CLOUD,prediction_complete,63.92
1881,Fluctuating,61.0,44.0,76.0,8.0,CLOUD,CLOUD,prediction_complete,62.21
1882,Fluctuating,42.0,47.0,73.0,9.0,CLOUD,CLOUD,prediction_complete,62.49
1883,Fluctuating,47.0,69.0,31.0,7.0,EDGE,EDGE,prediction_complete,64.27
1884,Fluctuating,79.0,58.0,58.0,6.0,CLOUD,CLOUD,prediction_complete,65.77
1885,Fluctuating,45.0,71.0,33.0,10.0,CLOUD,CLOUD,prediction_complete,66.43
1886,Fluctuating,81.0,54.0,67.0,9.0,CLOUD,CLOUD,prediction_complete,66.98
1887,Fluctuating,54.0,65.0,42.0,1.0,EDGE,EDGE,prediction_complete,68.68
1888,Fluctuating,45.0,98.0,58.0,2.0,EDGE,EDGE,prediction_complete,72.83
1889,Fluctuating,72.0,80.0,42.0,8.0,CLOUD,CLOUD,prediction_complete,71.25
1890,Fluctuating,60.0,95.0,33.0,6.0,EDGE,EDGE,prediction_complete,71.74
1891,Fluctuating,65.0,48.0,75.0,7.0,CLOUD,CLOUD,prediction_complete,71.08
1892,Fluctuating,63.0,79.0,53.0,1.0,EDGE,EDGE,prediction_complete,72.14
1893,Fluctuating,58.0,74.0,52.0,5.0,CLOUD,CLOUD,prediction_complete,71.27
1894,Fluctuating,68.0,41.0,43.0,8.0,EDGE,CLOUD,prediction_complete,67.63
1895,Fluctuating,87.0,83.0,58.0,5.0,CLOUD,CLOUD,prediction_complete,68.14
1896,Fluctuating,50.0,84.0,76.0,7.0,CLOUD,CLOUD,prediction_complete,70.23
1897,Fluctuating,48.0,41.0,39.0,4.0,EDGE,EDGE,prediction_complete,68.3
1898,Fluctuating,59.0,90.0,63.0,6.0,CLOUD,CLOUD,prediction_complete,69.88
1899,Fluctuating,44.0,78.0,35.0,1.0,EDGE,EDGE,prediction_complete,72.03
1900,Fluctuating,66.0,64.0,56.0,3.0,EDGE,EDGE,prediction_complete,71.61
1901,Fluctuating,75.0,89.0,75.0,10.0,CLOUD,CLOUD,prediction_complete,71.63
1902,Fluctuating,88.0,47.0,42.0,3.0,EDGE,EDGE,prediction_complete,69.2
1903,Fluctuating,64.0,67.0,65.0,8.0,CLOUD,CLOUD,prediction_complete,67.75
1904,Fluctuating,42.0,68.0,67.0,5.0,CLOUD,CLOUD,prediction_complete,69.64
1905,Fluctuating,71.0,89.0,44.0,1.0,EDGE,EDGE,prediction_complete,71.72
1906,Fluctuating,90.0,30.0,39.0,5.0,EDGE,EDGE,prediction_complete,65.82
1907,Fluctuating,59.0,90.0,37.0,5.0,EDGE,EDGE,prediction_complete,65.34
1908,Fluctuating,66.0,52.0,61.0,4.0,EDGE,EDGE,prediction_complete,64.31
1909,Fluctuating,41.0,45.0,78.0,5.0,CLOUD,CLOUD,prediction_complete,64.85
1910,Fluctuating,71.0,38.0,68.0,6.0,EDGE,CLOUD,prediction_complete,64.18
1911,Fluctuating,77.0,91.0,66.0,7.0,CLOUD,CLOUD,prediction_complete,65.54
1912,Fluctuating,56.0,90.0,74.0,2.0,CLOUD,CLOUD,prediction_complete,70.92
1913,Fluctuating,63.0,95.0,76.0,10.0,CLOUD,CLOUD,prediction_complete,71.66
1914,Fluctuating,41.0,63.0,40.0,10.0,CLOUD,CLOUD,prediction_complete,71.52
1915,Fluctuating,43.0,48.0,50.0,8.0,EDGE,CLOUD,prediction_complete,73.83
1916,Fluctuating,84.0,47.0,52.0,3.0,EDGE,EDGE,prediction_complete,72.52
1917,Fluctuating,43.0,64.0,53.0,7.0,CLOUD,CLOUD,prediction_complete,73.17
1918,Fluctuating,80.0,75.0,33.0,5.0,EDGE,EDGE,prediction_complete,71.63
1919,Fluctuating,58.0,97.0,70.0,2.0,EDGE,EDGE,prediction_complete,74.87
1920,Fluctuating,72.0,54.0,79.0,3.0,CLOUD,CLOUD,prediction_complete,74.78
1921,Fluctuating,88.0,42.0,68.0,3.0,EDGE,EDGE,prediction_complete,71.69
1922,Fluctuating,74.0,71.0,50.0,5.0,EDGE,EDGE,prediction_complete,67.83
1923,Fluctuating,57.0,76.0,36.0,9.0,CLOUD,CLOUD,prediction_complete,63.53
1924,Fluctuating,77.0,75.0,39.0,1.0,EDGE,EDGE,prediction_complete,63.79
1925,Fluctuating,48.0,96.0,48.0,6.0,EDGE,EDGE,prediction_complete,64.85
1926,Fluctuating,89.0,92.0,56.0,6.0,CLOUD,CLOUD,prediction_complete,67.26
1927,Fluctuating,50.0,43.0,43.0,3.0,EDGE,EDGE,prediction_complete,64.96
1928,Fluctuating,72.0,58.0,42.0,9.0,CLOUD,CLOUD,prediction_complete,63.78
1929,Fluctuating,79.0,97.0,64.0,9.0,CLOUD,CLOUD,prediction_complete,65.56
1930,Fluctuating,84.0,44.0,56.0,8.0,CLOUD,CLOUD,prediction_complete,64.1
1931,Fluctuating,44.0,44.0,38.0,1.0,EDGE,EDGE,prediction_complete,63.92
1932,Fluctuating,70.0,74.0,49.0,6.0,EDGE,EDGE,prediction_complete,64.39
1933,Fluctuating,48.0,86.0,68.0,9.0,CLOUD,CLOUD,prediction_complete,66.3
1934,Fluctuating,88.0,73.0,41.0,5.0,EDGE,EDGE,prediction_complete,67.12
1935,Fluctuating,41.0,45.0,44.0,3.0,EDGE,EDGE,prediction_complete,65.25
1936,Fluctuating,84.0,48.0,74.0,4.0,EDGE,CLOUD,prediction_complete,66.32
1937,Fluctuating,59.0,46.0,43.0,3.0,EDGE,EDGE,prediction_complete,64.31
1938,Fluctuating,45.0,84.0,74.0,2.0,CLOUD,CLOUD,prediction_complete,68.26
1939,Fluctuating,44.0,32.0,79.0,8.0,CLOUD,CLOUD,prediction_complete,66.43
1940,Fluctuating,88.0,85.0,32.0,4.0,EDGE,EDGE,prediction_complete,67.0
1941,Fluctuating,46.0,34.0,80.0,9.0,CLOUD,CLOUD,prediction_complete,66.05
1942,Fluctuating,77.0,37.0,60.0,2.0,EDGE,EDGE,prediction_complete,66.42
1943,Fluctuating,56.0,35.0,34.0,5.0,EDGE,EDGE,prediction_complete,61.89
1944,Fluctuating,82.0,31.0,78.0,2.0,EDGE,CLOUD,prediction_complete,63.59
1945,Fluctuating,90.0,45.0,68.0,4.0,EDGE,EDGE,prediction_complete,61.94
1946,Fluctuating,77.0,55.0,41.0,6.0,EDGE,EDGE,prediction_complete,58.6
1947,Fluctuating,41.0,41.0,39.0,5.0,EDGE,EDGE,prediction_complete,56.31
1948,Fluctuating,77.0,74.0,52.0,3.0,EDGE,EDGE,prediction_complete,57.41
1949,Fluctuating,72.0,60.0,62.0,10.0,CLOUD,CLOUD,prediction_complete,56.43
1950,Fluctuating,44.0,42.0,67.0,1.0,EDGE,EDGE,prediction_complete,59.77
1951,Fluctuating,73.0,57.0,75.0,4.0,CLOUD,CLOUD,prediction_complete,61.36
1952,Fluctuating,58.0,51.0,78.0,9.0,CLOUD,CLOUD,prediction_complete,62.15
1953,Fluctuating,40.0,42.0,43.0,9.0,EDGE,CLOUD,prediction_complete,61.77
1954,Fluctuating,85.0,90.0,53.0,10.0,CLOUD,CLOUD,prediction_complete,65.57
1955,Fluctuating,51.0,86.0,73.0,2.0,CLOUD,CLOUD,prediction_complete,71.35
1956,Fluctuating,51.0,75.0,54.0,7.0,CLOUD,CLOUD,prediction_complete,73.3
1957,Fluctuating,53.0,95.0,44.0,7.0,EDGE,EDGE,prediction_complete,76.35
1958,Fluctuating,47.0,70.0,37.0,8.0,CLOUD,CLOUD,prediction_complete,77.75
1959,Fluctuating,47.0,96.0,38.0,8.0,CLOUD,CLOUD,prediction_complete,82.86
1960,Fluctuating,88.0,76.0,75.0,5.0,CLOUD,CLOUD,prediction_complete,79.87
1961,Fluctuating,75.0,35.0,35.0,6.0,EDGE,EDGE,prediction_complete,73.19
1962,Fluctuating,71.0,44.0,54.0,5.0,EDGE,CLOUD,prediction_complete,70.17
1963,Fluctuating,69.0,69.0,73.0,8.0,CLOUD,CLOUD,prediction_complete,69.42
1964,Fluctuating,54.0,100.0,56.0,5.0,CLOUD,CLOUD,prediction_complete,71.47
1965,Fluctuating,67.0,54.0,34.0,8.0,CLOUD,CLOUD,prediction_complete,67.63
1966,Fluctuating,83.0,77.0,41.0,1.0,EDGE,EDGE,prediction_complete,67.7
1967,Fluctuating,83.0,92.0,73.0,2.0,CLOUD,CLOUD,prediction_complete,69.57
1968,Fluctuating,65.0,86.0,63.0,2.0,EDGE,EDGE,prediction_complete,69.7
1969,Fluctuating,47.0,48.0,55.0,7.0,EDGE,CLOUD,prediction_complete,65.34
1970,Fluctuating,84.0,43.0,77.0,3.0,EDGE,CLOUD,prediction_complete,65.93
1971,Fluctuating,44.0,76.0,42.0,6.0,EDGE,EDGE,prediction_complete,65.61
1972,Fluctuating,52.0,81.0,37.0,4.0,EDGE,EDGE,prediction_complete,66.72
1973,Fluctuating,67.0,93.0,47.0,10.0,CLOUD,CLOUD,prediction_complete,67.47
1974,Fluctuating,77.0,64.0,78.0,7.0,CLOUD,CLOUD,prediction_complete,68.62
1975,Fluctuating,62.0,90.0,72.0,10.0,CLOUD,CLOUD,prediction_complete,71.42
1976,Fluctuating,65.0,92.0,62.0,5.0,CLOUD,CLOUD,prediction_complete,75.02
1977,Fluctuating,49.0,88.0,36.0,2.0,EDGE,EDGE,prediction_complete,76.9
1978,Fluctuating,56.0,92.0,61.0,4.0,EDGE,EDGE,prediction_complete,79.89
1979,Fluctuating,80.0,47.0,31.0,2.0,EDGE,EDGE,prediction_complete,73.47
1980,Fluctuating,87.0,36.0,34.0,8.0,EDGE,CLOUD,prediction_complete,67.7
1981,Fluctuating,83.0,33.0,41.0,7.0,EDGE,EDGE,prediction_complete,62.52
1982,Fluctuating,78.0,71.0,39.0,5.0,EDGE,EDGE,prediction_complete,60.86
1983,Fluctuating,79.0,42.0,78.0,2.0,EDGE,CLOUD,prediction_complete,60.77
1984,Fluctuating,82.0,96.0,79.0,8.0,CLOUD,CLOUD,prediction_complete,61.75
1985,Fluctuating,90.0,89.0,42.0,5.0,EDGE,EDGE,prediction_complete,60.63
1986,Fluctuating,82.0,93.0,61.0,9.0,CLOUD,CLOUD,prediction_complete,60.59
1987,Fluctuating,56.0,99.0,51.0,9.0,CLOUD,CLOUD,prediction_complete,61.71
1988,Fluctuating,74.0,32.0,78.0,1.0,EDGE,CLOUD,prediction_complete,62.84
1989,Fluctuating,67.0,45.0,54.0,8.0,CLOUD,CLOUD,prediction_complete,61.92
1990,Fluctuating,60.0,78.0,58.0,8.0,CLOUD,CLOUD,prediction_complete,64.47
1991,Fluctuating,42.0,34.0,41.0,9.0,EDGE,CLOUD,prediction_complete,63.65
1992,Fluctuating,82.0,68.0,75.0,3.0,CLOUD,CLOUD,prediction_complete,67.84
1993,Fluctuating,71.0,85.0,38.0,5.0,EDGE,EDGE,prediction_complete,68.29
1994,Fluctuating,85.0,79.0,61.0,2.0,EDGE,EDGE,prediction_complete,69.17
1995,Fluctuating,76.0,92.0,72.0,9.0,CLOUD,CLOUD,prediction_complete,69.21
1996,Fluctuating,83.0,99.0,66.0,8.0,CLOUD,CLOUD,prediction_complete,69.76
1997,Fluctuating,70.0,50.0,62.0,1.0,EDGE,EDGE,prediction_complete,68.74
1998,Fluctuating,65.0,63.0,61.0,10.0,CLOUD,CLOUD,prediction_complete,66.69
1999,Fluctuating,64.0,75.0,79.0,5.0,CLOUD,CLOUD,prediction_complete,69.08
2000,Fluctuating,60.0,37.0,31.0,10.0,EDGE,CLOUD,prediction_complete,64.54
2001,Congested,11.0,152.0,83.0,6.0,CLOUD,CLOUD,prediction_complete,82.17
2002,Congested,35.0,126.0,81.0,7.0,CLOUD,CLOUD,prediction_complete,100.63
2003,Congested,13.0,229.0,82.0,6.0,CLOUD,CLOUD,prediction_complete,131.73
2004,Congested,23.0,209.0,63.0,4.0,CLOUD,CLOUD,prediction_complete,149.59
2005,Congested,17.0,180.0,79.0,10.0,CLOUD,CLOUD,prediction_complete,164.3
2006,Congested,12.0,136.0,79.0,2.0,CLOUD,CLOUD,prediction_complete,170.83
2007,Congested,20.0,163.0,61.0,9.0,CLOUD,CLOUD,prediction_complete,176.46
2008,Congested,20.0,129.0,89.0,7.0,CLOUD,CLOUD,prediction_complete,178.46
2009,Congested,28.0,227.0,77.0,1.0,CLOUD,CLOUD,prediction_complete,181.83
2010,Congested,32.0,240.0,61.0,6.0,CLOUD,CLOUD,prediction_complete,186.08
2011,Congested,22.0,219.0,80.0,10.0,CLOUD,CLOUD,prediction_complete,190.1
2012,Congested,13.0,245.0,66.0,4.0,CLOUD,CLOUD,prediction_complete,194.14
2013,Congested,20.0,247.0,92.0,6.0,CLOUD,CLOUD,prediction_complete,198.62
2014,Congested,15.0,196.0,83.0,7.0,CLOUD,CLOUD,prediction_complete,200.36
2015,Congested,16.0,247.0,64.0,9.0,CLOUD,CLOUD,prediction_complete,203.0
2016,Congested,16.0,193.0,76.0,1.0,CLOUD,CLOUD,prediction_complete,199.85
2017,Congested,19.0,222.0,74.0,10.0,CLOUD,CLOUD,prediction_complete,203.05
2018,Congested,33.0,143.0,66.0,10.0,CLOUD,CLOUD,prediction_complete,194.86
2019,Congested,20.0,189.0,64.0,10.0,CLOUD,CLOUD,prediction_complete,193.99
2020,Congested,35.0,241.0,87.0,4.0,CLOUD,CLOUD,prediction_complete,192.72
2021,Congested,21.0,139.0,79.0,9.0,CLOUD,CLOUD,prediction_complete,191.76
2022,Congested,35.0,196.0,87.0,9.0,CLOUD,CLOUD,prediction_complete,188.91
2023,Congested,20.0,171.0,86.0,7.0,CLOUD,CLOUD,prediction_complete,188.96
2024,Congested,18.0,236.0,95.0,3.0,CLOUD,CLOUD,prediction_complete,192.63
2025,Congested,38.0,124.0,93.0,3.0,CLOUD,CLOUD,prediction_complete,184.88
2026,Congested,28.0,247.0,73.0,8.0,CLOUD,CLOUD,prediction_complete,187.89
2027,Congested,18.0,231.0,63.0,9.0,CLOUD,CLOUD,prediction_complete,191.0
2028,Congested,16.0,213.0,89.0,3.0,CLOUD,CLOUD,prediction_complete,193.41
2029,Congested,17.0,158.0,79.0,7.0,CLOUD,CLOUD,prediction_complete,193.45
2030,Congested,23.0,201.0,64.0,4.0,CLOUD,CLOUD,prediction_complete,190.72
2031,Congested,37.0,225.0,77.0,5.0,CLOUD,CLOUD,prediction_complete,189.42
2032,Congested,30.0,161.0,76.0,10.0,CLOUD,CLOUD,prediction_complete,187.59
2033,Congested,17.0,223.0,75.0,2.0,CLOUD,CLOUD,prediction_complete,188.78
2034,Congested,14.0,169.0,61.0,4.0,CLOUD,CLOUD,prediction_complete,188.27
2035,Congested,35.0,199.0,89.0,8.0,CLOUD,CLOUD,prediction_complete,187.52
2036,Congested,27.0,231.0,87.0,1.0,CLOUD,CLOUD,prediction_complete,187.95
2037,Congested,16.0,160.0,77.0,3.0,CLOUD,CLOUD,prediction_complete,187.55
2038,Congested,10.0,186.0,77.0,9.0,CLOUD,CLOUD,prediction_complete,190.4
2039,Congested,15.0,130.0,91.0,1.0,CLOUD,CLOUD,prediction_complete,186.16
2040,Congested,11.0,141.0,80.0,10.0,CLOUD,CLOUD,prediction_complete,188.0
2041,Congested,19.0,136.0,86.0,6.0,CLOUD,CLOUD,prediction_complete,184.55
2042,Congested,31.0,143.0,85.0,3.0,CLOUD,CLOUD,prediction_complete,180.05
2043,Congested,17.0,148.0,92.0,2.0,CLOUD,CLOUD,prediction_complete,180.0
2044,Congested,26.0,184.0,91.0,2.0,CLOUD,CLOUD,prediction_complete,179.89
2045,Congested,17.0,151.0,80.0,6.0,CLOUD,CLOUD,prediction_complete,180.13
2046,Congested,36.0,219.0,75.0,7.0,CLOUD,CLOUD,prediction_complete,179.36
2047,Congested,16.0,156.0,66.0,3.0,CLOUD,CLOUD,prediction_complete,178.92
2048,Congested,16.0,190.0,88.0,7.0,CLOUD,CLOUD,prediction_complete,183.23
2049,Congested,18.0,134.0,91.0,9.0,CLOUD,CLOUD,prediction_complete,183.82
2050,Congested,21.0,148.0,80.0,9.0,CLOUD,CLOUD,prediction_complete,183.12
2051,Congested,23.0,241.0,75.0,5.0,CLOUD,CLOUD,prediction_complete,187.28
2052,Congested,38.0,157.0,83.0,8.0,CLOUD,CLOUD,prediction_complete,184.65
2053,Congested,32.0,214.0,79.0,1.0,CLOUD,CLOUD,prediction_complete,183.47
2054,Congested,30.0,128.0,63.0,4.0,CLOUD,CLOUD,prediction_complete,178.07
2055,Congested,18.0,218.0,79.0,6.0,CLOUD,CLOUD,prediction_complete,182.31
2056,Congested,38.0,151.0,94.0,4.0,CLOUD,CLOUD,prediction_complete,177.88
2057,Congested,37.0,233.0,84.0,1.0,CLOUD,CLOUD,prediction_complete,178.74
2058,Congested,39.0,220.0,76.0,5.0,CLOUD,CLOUD,prediction_complete,178.75
2059,Congested,12.0,180.0,79.0,4.0,CLOUD,CLOUD,prediction_complete,181.72
2060,Congested,37.0,161.0,88.0,6.0,CLOUD,CLOUD,prediction_complete,178.37
2061,Congested,38.0,224.0,62.0,5.0,CLOUD,CLOUD,prediction_complete,177.21
2062,Congested,37.0,140.0,91.0,8.0,CLOUD,CLOUD,prediction_complete,175.29
2063,Congested,33.0,225.0,81.0,7.0,CLOUD,CLOUD,prediction_complete,178.23
2064,Congested,38.0,145.0,70.0,5.0,CLOUD,CLOUD,prediction_complete,174.09
2065,Congested,26.0,136.0,82.0,7.0,CLOUD,CLOUD,prediction_complete,172.95
2066,Congested,29.0,203.0,89.0,1.0,CLOUD,CLOUD,prediction_complete,175.06
2067,Congested,34.0,133.0,71.0,8.0,CLOUD,CLOUD,prediction_complete,171.92
2068,Congested,35.0,154.0,60.0,7.0,CLOUD,CLOUD,prediction_complete,167.61
2069,Congested,16.0,198.0,80.0,10.0,CLOUD,CLOUD,prediction_complete,175.12
2070,Congested,12.0,148.0,70.0,4.0,CLOUD,CLOUD,prediction_complete,176.71
2071,Congested,26.0,153.0,86.0,6.0,CLOUD,CLOUD,prediction_complete,177.3
2072,Congested,24.0,242.0,68.0,5.0,CLOUD,CLOUD,prediction_complete,182.45
2073,Congested,15.0,203.0,78.0,4.0,CLOUD,CLOUD,prediction_complete,186.47
2074,Congested,12.0,226.0,83.0,3.0,CLOUD,CLOUD,prediction_complete,192.01
2075,Congested,22.0,216.0,74.0,1.0,CLOUD,CLOUD,prediction_complete,192.01
2076,Congested,40.0,125.0,95.0,10.0,CLOUD,CLOUD,prediction_complete,186.35
2077,Congested,30.0,178.0,65.0,8.0,CLOUD,CLOUD,prediction_complete,183.1
2078,Congested,16.0,187.0,70.0,1.0,CLOUD,CLOUD,prediction_complete,183.47
2079,Congested,22.0,229.0,76.0,3.0,CLOUD,CLOUD,prediction_complete,186.36
2080,Congested,12.0,214.0,70.0,10.0,CLOUD,CLOUD,prediction_complete,192.26
2081,Congested,13.0,123.0,93.0,7.0,CLOUD,CLOUD,prediction_complete,190.3
2082,Congested,34.0,236.0,91.0,2.0,CLOUD,CLOUD,prediction_complete,189.29
2083,Congested,17.0,172.0,72.0,5.0,CLOUD,CLOUD,prediction_complete,190.11
2084,Congested,19.0,246.0,84.0,3.0,CLOUD,CLOUD,prediction_complete,192.39
2085,Congested,23.0,172.0,73.0,5.0,CLOUD,CLOUD,prediction_complete,190.56
2086,Congested,33.0,168.0,86.0,3.0,CLOUD,CLOUD,prediction_complete,185.87
2087,Congested,23.0,157.0,61.0,5.0,CLOUD,CLOUD,prediction_complete,182.9
2088,Congested,18.0,180.0,88.0,4.0,CLOUD,CLOUD,prediction_complete,183.62
2089,Congested,21.0,237.0,65.0,1.0,CLOUD,CLOUD,prediction_complete,185.17
2090,Congested,25.0,154.0,80.0,7.0,CLOUD,CLOUD,prediction_complete,183.66
2091,Congested,31.0,174.0,84.0,7.0,CLOUD,CLOUD,prediction_complete,181.75
2092,Congested,33.0,185.0,64.0,2.0,CLOUD,CLOUD,prediction_complete,178.0
2093,Congested,27.0,135.0,63.0,6.0,CLOUD,CLOUD,prediction_complete,174.64
2094,Congested,39.0,180.0,90.0,6.0,CLOUD,CLOUD,prediction_complete,172.75
2095,Congested,29.0,131.0,60.0,5.0,CLOUD,CLOUD,prediction_complete,168.84
2096,Congested,26.0,217.0,79.0,7.0,CLOUD,CLOUD,prediction_complete,174.13
2097,Congested,31.0,214.0,68.0,9.0,CLOUD,CLOUD,prediction_complete,177.52
2098,Congested,11.0,165.0,76.0,3.0,CLOUD,CLOUD,prediction_complete,180.16
2099,Congested,26.0,246.0,81.0,8.0,CLOUD,CLOUD,prediction_complete,186.17
2100,Congested,14.0,142.0,80.0,9.0,CLOUD,CLOUD,prediction_complete,187.63
2101,Congested,23.0,156.0,76.0,2.0,CLOUD,CLOUD,prediction_complete,183.89
2102,Congested,20.0,131.0,68.0,8.0,CLOUD,CLOUD,prediction_complete,182.56
2103,Congested,37.0,191.0,83.0,7.0,CLOUD,CLOUD,prediction_complete,180.8
2104,Congested,19.0,187.0,76.0,9.0,CLOUD,CLOUD,prediction_complete,184.51
2105,Congested,20.0,231.0,70.0,6.0,CLOUD,CLOUD,prediction_complete,188.32
2106,Congested,33.0,245.0,69.0,9.0,CLOUD,CLOUD,prediction_complete,190.53
2107,Congested,37.0,232.0,63.0,4.0,CLOUD,CLOUD,prediction_complete,188.38
2108,Congested,14.0,133.0,74.0,3.0,CLOUD,CLOUD,prediction_complete,186.89
2109,Congested,11.0,240.0,76.0,3.0,CLOUD,CLOUD,prediction_complete,191.22
2110,Congested,32.0,239.0,87.0,2.0,CLOUD,CLOUD,prediction_complete,191.31
2111,Congested,38.0,246.0,62.0,8.0,CLOUD,CLOUD,prediction_complete,191.45
2112,Congested,21.0,244.0,89.0,8.0,CLOUD,CLOUD,prediction_complete,195.84
2113,Congested,13.0,157.0,67.0,6.0,CLOUD,CLOUD,prediction_complete,194.28
2114,Congested,12.0,172.0,78.0,3.0,CLOUD,CLOUD,prediction_complete,192.96
2115,Congested,36.0,163.0,92.0,5.0,CLOUD,CLOUD,prediction_complete,188.12
2116,Congested,28.0,174.0,60.0,9.0,CLOUD,CLOUD,prediction_complete,185.52
2117,Congested,34.0,166.0,86.0,2.0,CLOUD,CLOUD,prediction_complete,180.57
2118,Congested,17.0,247.0,66.0,6.0,CLOUD,CLOUD,prediction_complete,187.25
2119,Congested,10.0,192.0,67.0,7.0,CLOUD,CLOUD,prediction_complete,189.65
2120,Congested,21.0,147.0,80.0,3.0,CLOUD,CLOUD,prediction_complete,185.8
2121,Congested,10.0,140.0,89.0,8.0,CLOUD,CLOUD,prediction_complete,187.8
2122,Congested,24.0,188.0,60.0,6.0,CLOUD,CLOUD,prediction_complete,184.8
2123,Congested,11.0,235.0,80.0,10.0,CLOUD,CLOUD,prediction_complete,193.26
2124,Congested,14.0,174.0,63.0,5.0,CLOUD,CLOUD,prediction_complete,191.91
2125,Congested,20.0,134.0,64.0,9.0,CLOUD,CLOUD,prediction_complete,189.04
2126,Congested,40.0,217.0,65.0,7.0,CLOUD,CLOUD,prediction_complete,185.76
2127,Congested,18.0,165.0,75.0,7.0,CLOUD,CLOUD,prediction_complete,187.16
2128,Congested,12.0,125.0,73.0,3.0,CLOUD,CLOUD,prediction_complete,183.72
2129,Congested,22.0,223.0,78.0,3.0,CLOUD,CLOUD,prediction_complete,185.78
2130,Congested,13.0,196.0,91.0,7.0,CLOUD,CLOUD,prediction_complete,190.93
2131,Congested,33.0,199.0,68.0,6.0,CLOUD,CLOUD,prediction_complete,187.29
2132,Congested,31.0,144.0,83.0,9.0,CLOUD,CLOUD,prediction_complete,184.21
2133,Congested,16.0,245.0,88.0,7.0,CLOUD,CLOUD,prediction_complete,190.16
2134,Congested,25.0,188.0,87.0,2.0,CLOUD,CLOUD,prediction_complete,189.1
2135,Congested,34.0,228.0,83.0,10.0,CLOUD,CLOUD,prediction_complete,191.73
2136,Congested,15.0,231.0,87.0,2.0,CLOUD,CLOUD,prediction_complete,194.35
2137,Congested,11.0,207.0,89.0,4.0,CLOUD,CLOUD,prediction_complete,198.12
2138,Congested,30.0,159.0,91.0,9.0,CLOUD,CLOUD,prediction_complete,194.88
2139,Congested,30.0,141.0,78.0,8.0,CLOUD,CLOUD,prediction_complete,188.56
2140,Congested,23.0,140.0,90.0,5.0,CLOUD,CLOUD,prediction_complete,184.98
2141,Congested,14.0,152.0,79.0,4.0,CLOUD,CLOUD,prediction_complete,184.66
2142,Congested,26.0,229.0,78.0,10.0,CLOUD,CLOUD,prediction_complete,188.44
2143,Congested,11.0,139.0,62.0,9.0,CLOUD,CLOUD,prediction_complete,186.95
2144,Congested,13.0,250.0,87.0,7.0,CLOUD,CLOUD,prediction_complete,194.13
2145,Congested,13.0,238.0,76.0,6.0,CLOUD,CLOUD,prediction_complete,199.16
2146,Congested,18.0,140.0,92.0,1.0,CLOUD,CLOUD,prediction_complete,194.56
2147,Congested,13.0,238.0,71.0,3.0,CLOUD,CLOUD,prediction_complete,197.27
2148,Congested,36.0,220.0,62.0,2.0,CLOUD,CLOUD,prediction_complete,192.13
2149,Congested,23.0,196.0,80.0,10.0,CLOUD,CLOUD,prediction_complete,193.89
2150,Congested,33.0,236.0,88.0,10.0,CLOUD,CLOUD,prediction_complete,194.24
2151,Congested,35.0,187.0,81.0,3.0,CLOUD,CLOUD,prediction_complete,189.59
2152,Congested,16.0,167.0,65.0,10.0,CLOUD,CLOUD,prediction_complete,190.63
2153,Congested,18.0,147.0,87.0,9.0,CLOUD,CLOUD,prediction_complete,189.18
2154,Congested,10.0,121.0,85.0,2.0,CLOUD,CLOUD,prediction_complete,185.96
2155,Congested,10.0,163.0,90.0,8.0,CLOUD,CLOUD,prediction_complete,189.23
2156,Congested,32.0,223.0,91.0,5.0,CLOUD,CLOUD,prediction_complete,189.02
2157,Congested,29.0,212.0,85.0,5.0,CLOUD,CLOUD,prediction_complete,189.58
2158,Congested,12.0,152.0,68.0,1.0,CLOUD,CLOUD,prediction_complete,187.39
2159,Congested,16.0,148.0,61.0,4.0,CLOUD,CLOUD,prediction_complete,184.0
2160,Congested,37.0,126.0,73.0,8.0,CLOUD,CLOUD,prediction_complete,176.24
2161,Congested,30.0,157.0,75.0,7.0,CLOUD,CLOUD,prediction_complete,174.14
2162,Congested,36.0,168.0,65.0,5.0,CLOUD,CLOUD,prediction_complete,170.81
2163,Congested,34.0,238.0,69.0,8.0,CLOUD,CLOUD,prediction_complete,175.15
2164,Congested,23.0,125.0,67.0,3.0,CLOUD,CLOUD,prediction_complete,172.25
2165,Congested,38.0,159.0,88.0,8.0,CLOUD,CLOUD,prediction_complete,171.03
2166,Congested,25.0,125.0,88.0,10.0,CLOUD,CLOUD,prediction_complete,170.94
2167,Congested,17.0,171.0,78.0,10.0,CLOUD,CLOUD,prediction_complete,175.13
2168,Congested,36.0,220.0,63.0,6.0,CLOUD,CLOUD,prediction_complete,176.03
2169,Congested,10.0,146.0,87.0,7.0,CLOUD,CLOUD,prediction_complete,181.4
2170,Congested,37.0,246.0,95.0,5.0,CLOUD,CLOUD,prediction_complete,184.79
2171,Congested,11.0,244.0,85.0,8.0,CLOUD,CLOUD,prediction_complete,194.86
2172,Congested,26.0,244.0,74.0,1.0,CLOUD,CLOUD,prediction_complete,194.31
2173,Congested,26.0,124.0,87.0,10.0,CLOUD,CLOUD,prediction_complete,191.98
2174,Congested,20.0,136.0,77.0,7.0,CLOUD,CLOUD,prediction_complete,187.72
2175,Congested,38.0,241.0,67.0,8.0,CLOUD,CLOUD,prediction_complete,187.29
2176,Congested,29.0,208.0,88.0,7.0,CLOUD,CLOUD,prediction_complete,189.12
2177,Congested,10.0,161.0,78.0,4.0,CLOUD,CLOUD,prediction_complete,189.88
2178,Congested,25.0,208.0,88.0,4.0,CLOUD,CLOUD,prediction_complete,190.27
2179,Congested,26.0,176.0,81.0,10.0,CLOUD,CLOUD,prediction_complete,190.39
2180,Congested,37.0,239.0,68.0,5.0,CLOUD,CLOUD,prediction_complete,187.66
2181,Congested,33.0,219.0,86.0,6.0,CLOUD,CLOUD,prediction_complete,188.45
2182,Congested,35.0,240.0,70.0,10.0,CLOUD,CLOUD,prediction_complete,189.93
2183,Congested,16.0,192.0,65.0,8.0,CLOUD,CLOUD,prediction_complete,191.54
2184,Congested,14.0,164.0,72.0,3.0,CLOUD,CLOUD,prediction_complete,190.19
2185,Congested,29.0,245.0,66.0,7.0,CLOUD,CLOUD,prediction_complete,191.99
2186,Congested,40.0,246.0,79.0,4.0,CLOUD,CLOUD,prediction_complete,190.52
2187,Congested,16.0,132.0,61.0,6.0,CLOUD,CLOUD,prediction_complete,188.14
2188,Congested,38.0,186.0,82.0,3.0,CLOUD,CLOUD,prediction_complete,182.6
2189,Congested,15.0,248.0,62.0,2.0,CLOUD,CLOUD,prediction_complete,187.44
2190,Congested,20.0,230.0,67.0,10.0,CLOUD,CLOUD,prediction_complete,191.54
2191,Congested,17.0,150.0,95.0,4.0,CLOUD,CLOUD,prediction_complete,189.49
2192,Congested,25.0,186.0,81.0,6.0,CLOUD,CLOUD,prediction_complete,189.01
2193,Congested,34.0,131.0,95.0,5.0,CLOUD,CLOUD,prediction_complete,183.31
2194,Congested,38.0,158.0,92.0,10.0,CLOUD,CLOUD,prediction_complete,180.86
2195,Congested,31.0,146.0,63.0,8.0,CLOUD,CLOUD,prediction_complete,175.85
2196,Congested,35.0,237.0,67.0,2.0,CLOUD,CLOUD,prediction_complete,176.41
2197,Congested,35.0,146.0,95.0,1.0,CLOUD,CLOUD,prediction_complete,174.66
2198,Congested,26.0,146.0,70.0,2.0,CLOUD,CLOUD,prediction_complete,172.07
2199,Congested,37.0,172.0,83.0,3.0,CLOUD,CLOUD,prediction_complete,168.96
2200,Congested,33.0,194.0,88.0,9.0,CLOUD,CLOUD,prediction_complete,171.2
2201,Congested,25.0,145.0,69.0,6.0,CLOUD,CLOUD,prediction_complete,169.6
2202,Congested,20.0,155.0,67.0,4.0,CLOUD,CLOUD,prediction_complete,169.99
2203,Congested,24.0,226.0,60.0,4.0,CLOUD,CLOUD,prediction_complete,174.66
2204,Congested,36.0,241.0,81.0,5.0,CLOUD,CLOUD,prediction_complete,178.8
2205,Congested,26.0,163.0,65.0,5.0,CLOUD,CLOUD,prediction_complete,178.56
2206,Congested,21.0,226.0,83.0,4.0,CLOUD,CLOUD,prediction_complete,183.17
2207,Congested,14.0,227.0,74.0,3.0,CLOUD,CLOUD,prediction_complete,188.57
2208,Congested,35.0,229.0,86.0,7.0,CLOUD,CLOUD,prediction_complete,189.98
2209,Congested,38.0,237.0,93.0,6.0,CLOUD,CLOUD,prediction_complete,190.73
2210,Congested,40.0,127.0,88.0,3.0,CLOUD,CLOUD,prediction_complete,183.0
2211,Congested,34.0,122.0,93.0,2.0,CLOUD,CLOUD,prediction_complete,177.13
2212,Congested,12.0,206.0,80.0,7.0,CLOUD,CLOUD,prediction_complete,182.72
2213,Congested,34.0,162.0,87.0,1.0,CLOUD,CLOUD,prediction_complete,177.54
2214,Congested,22.0,129.0,69.0,10.0,CLOUD,CLOUD,prediction_complete,176.21
2215,Congested,11.0,195.0,86.0,7.0,CLOUD,CLOUD,prediction_complete,181.67
2216,Congested,38.0,197.0,80.0,6.0,CLOUD,CLOUD,prediction_complete,180.22
2217,Congested,10.0,191.0,93.0,10.0,CLOUD,CLOUD,prediction_complete,188.17
2218,Congested,39.0,157.0,85.0,8.0,CLOUD,CLOUD,prediction_complete,183.11
2219,Congested,30.0,172.0,94.0,10.0,CLOUD,CLOUD,prediction_complete,184.47
2220,Congested,35.0,233.0,82.0,7.0,CLOUD,CLOUD,prediction_complete,186.59
2221,Congested,34.0,170.0,79.0,2.0,CLOUD,CLOUD,prediction_complete,183.4
2222,Congested,11.0,205.0,84.0,3.0,CLOUD,CLOUD,prediction_complete,187.96
2223,Congested,26.0,192.0,73.0,2.0,CLOUD,CLOUD,prediction_complete,185.97
2224,Congested,26.0,199.0,93.0,6.0,CLOUD,CLOUD,prediction_complete,187.6
2225,Congested,34.0,160.0,61.0,1.0,CLOUD,CLOUD,prediction_complete,179.81
2226,Congested,38.0,186.0,75.0,5.0,CLOUD,CLOUD,prediction_complete,177.18
2227,Congested,33.0,228.0,92.0,2.0,CLOUD,CLOUD,prediction_complete,178.53
2228,Congested,33.0,135.0,83.0,5.0,CLOUD,CLOUD,prediction_complete,175.4
2229,Congested,30.0,249.0,82.0,2.0,CLOUD,CLOUD,prediction_complete,178.35
2230,Congested,11.0,151.0,88.0,5.0,CLOUD,CLOUD,prediction_complete,181.41
2231,Congested,28.0,121.0,89.0,6.0,CLOUD,CLOUD,prediction_complete,177.36
2232,Congested,17.0,179.0,82.0,5.0,CLOUD,CLOUD,prediction_complete,179.37
2233,Congested,19.0,155.0,84.0,9.0,CLOUD,CLOUD,prediction_complete,181.27
2234,Congested,33.0,183.0,66.0,6.0,CLOUD,CLOUD,prediction_complete,178.45
2235,Congested,26.0,169.0,83.0,8.0,CLOUD,CLOUD,prediction_complete,180.71
2236,Congested,13.0,157.0,87.0,7.0,CLOUD,CLOUD,prediction_complete,183.89
2237,Congested,12.0,143.0,63.0,7.0,CLOUD,CLOUD,prediction_complete,183.28
2238,Congested,38.0,153.0,90.0,4.0,CLOUD,CLOUD,prediction_complete,178.95
2239,Congested,24.0,139.0,83.0,9.0,CLOUD,CLOUD,prediction_complete,178.81
2240,Congested,22.0,221.0,76.0,10.0,CLOUD,CLOUD,prediction_complete,183.37
2241,Congested,25.0,228.0,88.0,8.0,CLOUD,CLOUD,prediction_complete,188.42
2242,Congested,33.0,226.0,70.0,3.0,CLOUD,CLOUD,prediction_complete,187.57
2243,Congested,26.0,152.0,91.0,8.0,CLOUD,CLOUD,prediction_complete,187.64
2244,Congested,14.0,150.0,73.0,8.0,CLOUD,CLOUD,prediction_complete,187.26
2245,Congested,25.0,128.0,70.0,9.0,CLOUD,CLOUD,prediction_complete,182.64
2246,Congested,21.0,150.0,86.0,2.0,CLOUD,CLOUD,prediction_complete,180.51
2247,Congested,13.0,214.0,78.0,1.0,CLOUD,CLOUD,prediction_complete,185.18
2248,Congested,26.0,159.0,67.0,6.0,CLOUD,CLOUD,prediction_complete,182.87
2249,Congested,19.0,215.0,79.0,5.0,CLOUD,CLOUD,prediction_complete,185.54
2250,Congested,25.0,127.0,69.0,3.0,CLOUD,CLOUD,prediction_complete,179.66
2251,Congested,35.0,227.0,63.0,5.0,CLOUD,CLOUD,prediction_complete,178.87
2252,Congested,38.0,192.0,73.0,3.0,CLOUD,CLOUD,prediction_complete,176.5
2253,Congested,36.0,245.0,60.0,2.0,CLOUD,CLOUD,prediction_complete,177.47
2254,Congested,27.0,209.0,64.0,1.0,CLOUD,CLOUD,prediction_complete,178.18
2255,Congested,23.0,243.0,79.0,10.0,CLOUD,CLOUD,prediction_complete,185.16
2256,Congested,24.0,206.0,84.0,8.0,CLOUD,CLOUD,prediction_complete,187.6
2257,Congested,36.0,153.0,68.0,9.0,CLOUD,CLOUD,prediction_complete,182.86
2258,Congested,30.0,237.0,88.0,8.0,CLOUD,CLOUD,prediction_complete,187.18
2259,Congested,14.0,203.0,65.0,10.0,CLOUD,CLOUD,prediction_complete,191.75
2260,Congested,31.0,224.0,84.0,4.0,CLOUD,CLOUD,prediction_complete,191.47
2261,Congested,38.0,221.0,81.0,9.0,CLOUD,CLOUD,prediction_complete,192.48
2262,Congested,11.0,233.0,77.0,2.0,CLOUD,CLOUD,prediction_complete,195.99
2263,Congested,37.0,162.0,61.0,10.0,CLOUD,CLOUD,prediction_complete,190.81
2264,Congested,30.0,199.0,95.0,2.0,CLOUD,CLOUD,prediction_complete,188.16
2265,Congested,30.0,141.0,72.0,10.0,CLOUD,CLOUD,prediction_complete,184.96
2266,Congested,27.0,133.0,93.0,4.0,CLOUD,CLOUD,prediction_complete,179.86
2267,Congested,34.0,241.0,92.0,1.0,CLOUD,CLOUD,prediction_complete,182.12
2268,Congested,13.0,166.0,61.0,5.0,CLOUD,CLOUD,prediction_complete,183.03
2269,Congested,35.0,172.0,75.0,10.0,CLOUD,CLOUD,prediction_complete,179.66
2270,Congested,24.0,141.0,94.0,10.0,CLOUD,CLOUD,prediction_complete,179.78
2271,Congested,20.0,222.0,62.0,8.0,CLOUD,CLOUD,prediction_complete,183.56
2272,Congested,37.0,125.0,81.0,7.0,CLOUD,CLOUD,prediction_complete,177.69
2273,Congested,15.0,226.0,61.0,9.0,CLOUD,CLOUD,prediction_complete,184.86
2274,Congested,20.0,217.0,76.0,2.0,CLOUD,CLOUD,prediction_complete,186.85
2275,Congested,13.0,145.0,94.0,3.0,CLOUD,CLOUD,prediction_complete,188.66
2276,Congested,19.0,156.0,71.0,5.0,CLOUD,CLOUD,prediction_complete,186.61
2277,Congested,34.0,142.0,69.0,5.0,CLOUD,CLOUD,prediction_complete,179.3
2278,Congested,40.0,224.0,70.0,1.0,CLOUD,CLOUD,prediction_complete,177.0
2279,Congested,29.0,203.0,71.0,1.0,CLOUD,CLOUD,prediction_complete,177.56
2280,Congested,32.0,134.0,79.0,7.0,CLOUD,CLOUD,prediction_complete,173.75
2281,Congested,13.0,201.0,69.0,7.0,CLOUD,CLOUD,prediction_complete,177.78
2282,Congested,38.0,202.0,76.0,7.0,CLOUD,CLOUD,prediction_complete,177.71
2283,Congested,40.0,150.0,63.0,4.0,CLOUD,CLOUD,prediction_complete,171.79
2284,Congested,17.0,180.0,91.0,9.0,CLOUD,CLOUD,prediction_complete,177.94
2285,Congested,34.0,249.0,84.0,2.0,CLOUD,CLOUD,prediction_complete,180.4
2286,Congested,18.0,135.0,80.0,8.0,CLOUD,CLOUD,prediction_complete,182.23
2287,Congested,27.0,224.0,64.0,8.0,CLOUD,CLOUD,prediction_complete,184.08
2288,Congested,10.0,224.0,74.0,1.0,CLOUD,CLOUD,prediction_complete,188.88
2289,Congested,18.0,145.0,75.0,9.0,CLOUD,CLOUD,prediction_complete,189.2
2290,Congested,30.0,152.0,79.0,10.0,CLOUD,CLOUD,prediction_complete,185.76
2291,Congested,23.0,234.0,65.0,9.0,CLOUD,CLOUD,prediction_complete,188.89
2292,Congested,16.0,156.0,83.0,9.0,CLOUD,CLOUD,prediction_complete,190.39
2293,Congested,15.0,182.0,94.0,7.0,CLOUD,CLOUD,prediction_complete,193.49
2294,Congested,40.0,235.0,62.0,1.0,CLOUD,CLOUD,prediction_complete,188.67
2295,Congested,36.0,238.0,78.0,3.0,CLOUD,CLOUD,prediction_complete,189.05
2296,Congested,10.0,135.0,90.0,5.0,CLOUD,CLOUD,prediction_complete,189.48
2297,Congested,29.0,184.0,84.0,6.0,CLOUD,CLOUD,prediction_complete,186.52
2298,Congested,36.0,174.0,92.0,5.0,CLOUD,CLOUD,prediction_complete,182.88
2299,Congested,11.0,161.0,94.0,10.0,CLOUD,CLOUD,prediction_complete,187.36
2300,Congested,12.0,196.0,65.0,7.0,CLOUD,CLOUD,prediction_complete,188.93
2301,Congested,32.0,151.0,68.0,9.0,CLOUD,CLOUD,prediction_complete,184.33
2302,Congested,18.0,230.0,73.0,10.0,CLOUD,CLOUD,prediction_complete,190.2
2303,Congested,26.0,201.0,81.0,5.0,CLOUD,CLOUD,prediction_complete,190.03
2304,Congested,34.0,235.0,77.0,4.0,CLOUD,CLOUD,prediction_complete,190.69
2305,Congested,31.0,202.0,81.0,4.0,CLOUD,CLOUD,prediction_complete,189.77
2306,Congested,24.0,204.0,61.0,3.0,CLOUD,CLOUD,prediction_complete,188.28
2307,Congested,30.0,120.0,90.0,1.0,CLOUD,CLOUD,prediction_complete,181.53
2308,Congested,38.0,122.0,71.0,7.0,CLOUD,CLOUD,prediction_complete,174.02
2309,Congested,27.0,245.0,85.0,9.0,CLOUD,CLOUD,prediction_complete,179.09
2310,Congested,12.0,139.0,94.0,1.0,CLOUD,CLOUD,prediction_complete,179.49
2311,Congested,38.0,233.0,67.0,6.0,CLOUD,CLOUD,prediction_complete,180.3
2312,Congested,36.0,216.0,82.0,7.0,CLOUD,CLOUD,prediction_complete,181.11
2313,Congested,15.0,122.0,67.0,8.0,CLOUD,CLOUD,prediction_complete,179.95
2314,Congested,21.0,169.0,88.0,1.0,CLOUD,CLOUD,prediction_complete,179.28
2315,Congested,17.0,125.0,77.0,6.0,CLOUD,CLOUD,prediction_complete,178.95
2316,Congested,16.0,143.0,79.0,4.0,CLOUD,CLOUD,prediction_complete,177.94
2317,Congested,17.0,246.0,83.0,1.0,CLOUD,CLOUD,prediction_complete,184.15
2318,Congested,18.0,246.0,73.0,1.0,CLOUD,CLOUD,prediction_complete,189.13
2319,Congested,16.0,221.0,67.0,5.0,CLOUD,CLOUD,prediction_complete,191.47
2320,Congested,28.0,248.0,91.0,3.0,CLOUD,CLOUD,prediction_complete,192.68
2321,Congested,27.0,169.0,71.0,2.0,CLOUD,CLOUD,prediction_complete,189.0
2322,Congested,28.0,152.0,64.0,3.0,CLOUD,CLOUD,prediction_complete,183.1
2323,Congested,18.0,178.0,93.0,5.0,CLOUD,CLOUD,prediction_complete,184.69
2324,Congested,16.0,125.0,94.0,10.0,CLOUD,CLOUD,prediction_complete,184.82
2325,Congested,18.0,236.0,60.0,7.0,CLOUD,CLOUD,prediction_complete,187.76
2326,Congested,30.0,133.0,80.0,7.0,CLOUD,CLOUD,prediction_complete,183.8
2327,Congested,37.0,224.0,77.0,2.0,CLOUD,CLOUD,prediction_complete,182.12
2328,Congested,31.0,239.0,91.0,6.0,CLOUD,CLOUD,prediction_complete,186.59
2329,Congested,26.0,131.0,74.0,1.0,CLOUD,CLOUD,prediction_complete,180.69
2330,Congested,18.0,227.0,94.0,8.0,CLOUD,CLOUD,prediction_complete,186.96
2331,Congested,20.0,121.0,85.0,4.0,CLOUD,CLOUD,prediction_complete,183.09
2332,Congested,20.0,140.0,61.0,4.0,CLOUD,CLOUD,prediction_complete,179.51
2333,Congested,32.0,228.0,64.0,4.0,CLOUD,CLOUD,prediction_complete,179.28
2334,Congested,16.0,162.0,81.0,5.0,CLOUD,CLOUD,prediction_complete,181.29
2335,Congested,12.0,144.0,61.0,8.0,CLOUD,CLOUD,prediction_complete,180.81
2336,Congested,23.0,126.0,81.0,5.0,CLOUD,CLOUD,prediction_complete,177.7
2337,Congested,17.0,147.0,90.0,4.0,CLOUD,CLOUD,prediction_complete,178.91
2338,Congested,40.0,207.0,63.0,6.0,CLOUD,CLOUD,prediction_complete,176.45
2339,Congested,26.0,180.0,64.0,10.0,CLOUD,CLOUD,prediction_complete,178.24
2340,Congested,29.0,232.0,66.0,8.0,CLOUD,CLOUD,prediction_complete,180.58
2341,Congested,28.0,151.0,65.0,1.0,CLOUD,CLOUD,prediction_complete,177.23
2342,Congested,39.0,128.0,84.0,6.0,CLOUD,CLOUD,prediction_complete,173.17
2343,Congested,38.0,136.0,68.0,1.0,CLOUD,CLOUD,prediction_complete,166.31
2344,Congested,39.0,233.0,63.0,5.0,CLOUD,CLOUD,prediction_complete,167.99
2345,Congested,29.0,230.0,64.0,2.0,CLOUD,CLOUD,prediction_complete,171.31
2346,Congested,31.0,134.0,95.0,1.0,CLOUD,CLOUD,prediction_complete,169.91
2347,Congested,19.0,217.0,85.0,2.0,CLOUD,CLOUD,prediction_complete,175.21
2348,Congested,29.0,225.0,74.0,10.0,CLOUD,CLOUD,prediction_complete,179.37
2349,Congested,35.0,122.0,89.0,7.0,CLOUD,CLOUD,prediction_complete,174.65
2350,Congested,24.0,229.0,66.0,6.0,CLOUD,CLOUD,prediction_complete,178.85
2351,Congested,30.0,126.0,89.0,9.0,CLOUD,CLOUD,prediction_complete,177.92
2352,Congested,20.0,169.0,66.0,2.0,CLOUD,CLOUD,prediction_complete,177.67
2353,Congested,10.0,137.0,72.0,10.0,CLOUD,CLOUD,prediction_complete,181.4
2354,Congested,14.0,250.0,76.0,6.0,CLOUD,CLOUD,prediction_complete,188.07
2355,Congested,23.0,243.0,88.0,3.0,CLOUD,CLOUD,prediction_complete,192.3
2356,Congested,17.0,155.0,62.0,1.0,CLOUD,CLOUD,prediction_complete,189.76
2357,Congested,14.0,199.0,87.0,9.0,CLOUD,CLOUD,prediction_complete,193.36
2358,Congested,40.0,211.0,79.0,10.0,CLOUD,CLOUD,prediction_complete,190.16
2359,Congested,38.0,157.0,69.0,8.0,CLOUD,CLOUD,prediction_complete,184.84
2360,Congested,19.0,207.0,78.0,6.0,CLOUD,CLOUD,prediction_complete,187.56
2361,Congested,10.0,157.0,63.0,4.0,CLOUD,CLOUD,prediction_complete,187.6
2362,Congested,26.0,133.0,87.0,6.0,CLOUD,CLOUD,prediction_complete,184.04
2363,Congested,16.0,171.0,72.0,2.0,CLOUD,CLOUD,prediction_complete,183.27
2364,Congested,20.0,168.0,90.0,8.0,CLOUD,CLOUD,prediction_complete,184.57
2365,Congested,29.0,204.0,81.0,10.0,CLOUD,CLOUD,prediction_complete,185.28
2366,Congested,19.0,227.0,81.0,3.0,CLOUD,CLOUD,prediction_complete,188.57
2367,Congested,13.0,236.0,62.0,8.0,CLOUD,CLOUD,prediction_complete,194.27
2368,Congested,17.0,120.0,74.0,4.0,CLOUD,CLOUD,prediction_complete,188.93
2369,Congested,24.0,174.0,75.0,8.0,CLOUD,CLOUD,prediction_complete,188.53
2370,Congested,33.0,204.0,84.0,4.0,CLOUD,CLOUD,prediction_complete,186.36
2371,Congested,22.0,167.0,60.0,6.0,CLOUD,CLOUD,prediction_complete,185.14
2372,Congested,10.0,138.0,82.0,1.0,CLOUD,CLOUD,prediction_complete,183.73
2373,Congested,27.0,149.0,69.0,5.0,CLOUD,CLOUD,prediction_complete,179.91
2374,Congested,24.0,169.0,83.0,1.0,CLOUD,CLOUD,prediction_complete,177.95
2375,Congested,10.0,170.0,72.0,5.0,CLOUD,CLOUD,prediction_complete,180.57
2376,Congested,15.0,176.0,76.0,3.0,CLOUD,CLOUD,prediction_complete,180.63
2377,Congested,20.0,182.0,71.0,4.0,CLOUD,CLOUD,prediction_complete,180.69
2378,Congested,10.0,165.0,76.0,2.0,CLOUD,CLOUD,prediction_complete,182.41
2379,Congested,10.0,155.0,84.0,2.0,CLOUD,CLOUD,prediction_complete,183.36
2380,Congested,20.0,173.0,79.0,8.0,CLOUD,CLOUD,prediction_complete,184.32
2381,Congested,17.0,214.0,83.0,3.0,CLOUD,CLOUD,prediction_complete,186.93
2382,Congested,40.0,231.0,64.0,2.0,CLOUD,CLOUD,prediction_complete,184.58
2383,Congested,14.0,153.0,72.0,4.0,CLOUD,CLOUD,prediction_complete,185.09
2384,Congested,27.0,216.0,83.0,6.0,CLOUD,CLOUD,prediction_complete,186.16
2385,Congested,29.0,229.0,75.0,1.0,CLOUD,CLOUD,prediction_complete,185.96
2386,Congested,34.0,168.0,94.0,5.0,CLOUD,CLOUD,prediction_complete,184.28
2387,Congested,35.0,158.0,80.0,4.0,CLOUD,CLOUD,prediction_complete,179.42
2388,Congested,11.0,191.0,68.0,9.0,CLOUD,CLOUD,prediction_complete,183.78
2389,Congested,40.0,245.0,73.0,2.0,CLOUD,CLOUD,prediction_complete,181.78
2390,Congested,35.0,240.0,64.0,3.0,CLOUD,CLOUD,prediction_complete,183.35
2391,Congested,26.0,219.0,92.0,6.0,CLOUD,CLOUD,prediction_complete,186.85
2392,Congested,25.0,238.0,71.0,6.0,CLOUD,CLOUD,prediction_complete,189.6
2393,Congested,32.0,215.0,93.0,8.0,CLOUD,CLOUD,prediction_complete,191.1
2394,Congested,32.0,246.0,90.0,5.0,CLOUD,CLOUD,prediction_complete,192.57
2395,Congested,28.0,222.0,62.0,4.0,CLOUD,CLOUD,prediction_complete,191.99
2396,Congested,17.0,171.0,88.0,4.0,CLOUD,CLOUD,prediction_complete,192.06
2397,Congested,22.0,175.0,79.0,7.0,CLOUD,CLOUD,prediction_complete,191.27
2398,Congested,38.0,216.0,70.0,6.0,CLOUD,CLOUD,prediction_complete,187.58
2399,Congested,18.0,141.0,68.0,2.0,CLOUD,CLOUD,prediction_complete,184.24
2400,Congested,19.0,233.0,93.0,6.0,CLOUD,CLOUD,prediction_complete,189.45
2401,Congested,17.0,130.0,89.0,9.0,CLOUD,CLOUD,prediction_complete,188.44
2402,Congested,29.0,206.0,87.0,8.0,CLOUD,CLOUD,prediction_complete,188.16
2403,Congested,24.0,230.0,86.0,6.0,CLOUD,CLOUD,prediction_complete,191.36
2404,Congested,35.0,247.0,80.0,5.0,CLOUD,CLOUD,prediction_complete,191.79
2405,Congested,22.0,126.0,71.0,8.0,CLOUD,CLOUD,prediction_complete,188.61
2406,Congested,17.0,187.0,64.0,6.0,CLOUD,CLOUD,prediction_complete,187.81
2407,Congested,38.0,141.0,78.0,9.0,CLOUD,CLOUD,prediction_complete,182.32
2408,Congested,26.0,140.0,77.0,4.0,CLOUD,CLOUD,prediction_complete,178.69
2409,Congested,13.0,150.0,64.0,6.0,CLOUD,CLOUD,prediction_complete,179.51
2410,Congested,11.0,171.0,81.0,4.0,CLOUD,CLOUD,prediction_complete,181.35
2411,Congested,31.0,204.0,76.0,5.0,CLOUD,CLOUD,prediction_complete,181.57
2412,Congested,33.0,190.0,72.0,10.0,CLOUD,CLOUD,prediction_complete,181.55
2413,Congested,14.0,186.0,60.0,5.0,CLOUD,CLOUD,prediction_complete,182.44
2414,Congested,19.0,208.0,85.0,7.0,CLOUD,CLOUD,prediction_complete,186.89
2415,Congested,36.0,123.0,90.0,9.0,CLOUD,CLOUD,prediction_complete,182.43
2416,Congested,34.0,158.0,85.0,4.0,CLOUD,CLOUD,prediction_complete,178.6
2417,Congested,17.0,173.0,90.0,4.0,CLOUD,CLOUD,prediction_complete,181.99
2418,Congested,26.0,239.0,89.0,6.0,CLOUD,CLOUD,prediction_complete,186.62
2419,Congested,35.0,141.0,80.0,4.0,CLOUD,CLOUD,prediction_complete,180.91
2420,Congested,23.0,226.0,73.0,8.0,CLOUD,CLOUD,prediction_complete,184.68
2421,Congested,24.0,127.0,83.0,3.0,CLOUD,CLOUD,prediction_complete,180.18
2422,Congested,28.0,152.0,79.0,1.0,CLOUD,CLOUD,prediction_complete,176.75
2423,Congested,25.0,210.0,81.0,4.0,CLOUD,CLOUD,prediction_complete,179.34
2424,Congested,23.0,228.0,85.0,9.0,CLOUD,CLOUD,prediction_complete,184.55
2425,Congested,19.0,203.0,61.0,10.0,CLOUD,CLOUD,prediction_complete,187.47
2426,Congested,35.0,128.0,68.0,3.0,CLOUD,CLOUD,prediction_complete,179.37
2427,Congested,40.0,204.0,85.0,7.0,CLOUD,CLOUD,prediction_complete,179.76
2428,Congested,16.0,220.0,64.0,9.0,CLOUD,CLOUD,prediction_complete,185.1
2429,Congested,22.0,168.0,90.0,2.0,CLOUD,CLOUD,prediction_complete,184.56
2430,Congested,20.0,235.0,79.0,2.0,CLOUD,CLOUD,prediction_complete,188.39
2431,Congested,15.0,146.0,95.0,3.0,CLOUD,CLOUD,prediction_complete,188.63
2432,Congested,11.0,245.0,61.0,3.0,CLOUD,CLOUD,prediction_complete,192.25
2433,Congested,16.0,137.0,84.0,5.0,CLOUD,CLOUD,prediction_complete,189.61
2434,Congested,16.0,179.0,78.0,9.0,CLOUD,CLOUD,prediction_complete,190.13
2435,Congested,12.0,236.0,63.0,6.0,CLOUD,CLOUD,prediction_complete,193.45
2436,Congested,26.0,122.0,70.0,6.0,CLOUD,CLOUD,prediction_complete,188.03
2437,Congested,37.0,225.0,85.0,3.0,CLOUD,CLOUD,prediction_complete,186.46
2438,Congested,13.0,153.0,94.0,7.0,CLOUD,CLOUD,prediction_complete,189.23
2439,Congested,25.0,137.0,84.0,4.0,CLOUD,CLOUD,prediction_complete,184.05
2440,Congested,14.0,172.0,79.0,7.0,CLOUD,CLOUD,prediction_complete,185.74
2441,Congested,36.0,241.0,70.0,10.0,CLOUD,CLOUD,prediction_complete,186.56
2442,Congested,28.0,199.0,72.0,9.0,CLOUD,CLOUD,prediction_complete,186.88
2443,Congested,32.0,237.0,77.0,4.0,CLOUD,CLOUD,prediction_complete,187.84
2444,Congested,10.0,156.0,88.0,2.0,CLOUD,CLOUD,prediction_complete,189.56
2445,Congested,36.0,222.0,75.0,9.0,CLOUD,CLOUD,prediction_complete,188.89
2446,Congested,20.0,245.0,89.0,8.0,CLOUD,CLOUD,prediction_complete,194.71
2447,Congested,28.0,130.0,65.0,5.0,CLOUD,CLOUD,prediction_complete,187.62
2448,Congested,30.0,236.0,82.0,5.0,CLOUD,CLOUD,prediction_complete,188.78
2449,Congested,22.0,164.0,86.0,4.0,CLOUD,CLOUD,prediction_complete,188.18
2450,Congested,15.0,230.0,89.0,7.0,CLOUD,CLOUD,prediction_complete,193.37
2451,Congested,39.0,166.0,66.0,7.0,CLOUD,CLOUD,prediction_complete,186.41
2452,Congested,32.0,131.0,75.0,3.0,CLOUD,CLOUD,prediction_complete,179.6
2453,Congested,18.0,194.0,64.0,4.0,CLOUD,CLOUD,prediction_complete,180.89
2454,Congested,39.0,246.0,86.0,9.0,CLOUD,CLOUD,prediction_complete,183.44
2455,Congested,13.0,214.0,64.0,2.0,CLOUD,CLOUD,prediction_complete,186.3
2456,Congested,26.0,203.0,86.0,8.0,CLOUD,CLOUD,prediction_complete,188.3
2457,Congested,15.0,184.0,73.0,9.0,CLOUD,CLOUD,prediction_complete,191.02
2458,Congested,11.0,238.0,61.0,2.0,CLOUD,CLOUD,prediction_complete,193.21
2459,Congested,30.0,238.0,84.0,6.0,CLOUD,CLOUD,prediction_complete,195.35
2460,Congested,33.0,222.0,72.0,7.0,CLOUD,CLOUD,prediction_complete,193.91
2461,Congested,11.0,122.0,76.0,2.0,CLOUD,CLOUD,prediction_complete,190.48
2462,Congested,32.0,154.0,80.0,8.0,CLOUD,CLOUD,prediction_complete,186.62
2463,Congested,25.0,238.0,64.0,2.0,CLOUD,CLOUD,prediction_complete,186.39
2464,Congested,27.0,182.0,88.0,3.0,CLOUD,CLOUD,prediction_complete,185.64
2465,Congested,25.0,191.0,70.0,3.0,CLOUD,CLOUD,prediction_complete,184.05
2466,Congested,36.0,124.0,66.0,3.0,CLOUD,CLOUD,prediction_complete,175.3
2467,Congested,19.0,151.0,94.0,7.0,CLOUD,CLOUD,prediction_complete,176.49
2468,Congested,15.0,139.0,60.0,5.0,CLOUD,CLOUD,prediction_complete,174.05
2469,Congested,14.0,232.0,82.0,3.0,CLOUD,CLOUD,prediction_complete,180.54
2470,Congested,16.0,128.0,94.0,4.0,CLOUD,CLOUD,prediction_complete,180.94
2471,Congested,24.0,132.0,93.0,2.0,CLOUD,CLOUD,prediction_complete,178.11
2472,Congested,22.0,198.0,88.0,1.0,CLOUD,CLOUD,prediction_complete,180.09
2473,Congested,29.0,121.0,63.0,7.0,CLOUD,CLOUD,prediction_complete,174.38
2474,Congested,34.0,171.0,75.0,6.0,CLOUD,CLOUD,prediction_complete,171.73
2475,Congested,39.0,181.0,72.0,2.0,CLOUD,CLOUD,prediction_complete,169.21
2476,Congested,10.0,227.0,61.0,1.0,CLOUD,CLOUD,prediction_complete,176.99
2477,Congested,20.0,169.0,64.0,4.0,CLOUD,CLOUD,prediction_complete,176.96
2478,Congested,40.0,144.0,70.0,3.0,CLOUD,CLOUD,prediction_complete,170.82
2479,Congested,11.0,226.0,92.0,2.0,CLOUD,CLOUD,prediction_complete,178.84
2480,Congested,36.0,203.0,80.0,9.0,CLOUD,CLOUD,prediction_complete,180.1
2481,Congested,30.0,168.0,73.0,9.0,CLOUD,CLOUD,prediction_complete,179.3
2482,Congested,22.0,229.0,67.0,4.0,CLOUD,CLOUD,prediction_complete,182.42
2483,Congested,16.0,147.0,82.0,6.0,CLOUD,CLOUD,prediction_complete,184.52
2484,Congested,15.0,123.0,85.0,6.0,CLOUD,CLOUD,prediction_complete,183.41
2485,Congested,10.0,219.0,73.0,8.0,CLOUD,CLOUD,prediction_complete,189.85
2486,Congested,17.0,136.0,77.0,10.0,CLOUD,CLOUD,prediction_complete,188.5
2487,Congested,21.0,131.0,64.0,4.0,CLOUD,CLOUD,prediction_complete,183.05
2488,Congested,23.0,197.0,91.0,2.0,CLOUD,CLOUD,prediction_complete,185.3
2489,Congested,32.0,163.0,76.0,2.0,CLOUD,CLOUD,prediction_complete,180.89
2490,Congested,29.0,203.0,84.0,3.0,CLOUD,CLOUD,prediction_complete,181.05
2491,Congested,20.0,164.0,80.0,8.0,CLOUD,CLOUD,prediction_complete,182.01
2492,Congested,12.0,205.0,61.0,10.0,CLOUD,CLOUD,prediction_complete,185.55
2493,Congested,39.0,234.0,84.0,9.0,CLOUD,CLOUD,prediction_complete,186.37
2494,Congested,30.0,179.0,92.0,10.0,CLOUD,CLOUD,prediction_complete,188.25
2495,Congested,32.0,123.0,74.0,1.0,CLOUD,CLOUD,prediction_complete,179.68
2496,Congested,29.0,151.0,79.0,4.0,CLOUD,CLOUD,prediction_complete,177.82
2497,Congested,33.0,229.0,75.0,10.0,CLOUD,CLOUD,prediction_complete,181.22
2498,Congested,12.0,135.0,68.0,6.0,CLOUD,CLOUD,prediction_complete,180.34
2499,Congested,25.0,195.0,72.0,3.0,CLOUD,CLOUD,prediction_complete,180.56
2500,Congested,22.0,172.0,62.0,4.0,CLOUD,CLOUD,prediction_complete,179.95
2501,Congested,39.0,233.0,81.0,3.0,CLOUD,CLOUD,prediction_complete,179.91
2502,Congested,18.0,201.0,62.0,9.0,CLOUD,CLOUD,prediction_complete,183.79
2503,Congested,35.0,226.0,78.0,1.0,CLOUD,CLOUD,prediction_complete,181.91
2504,Congested,17.0,204.0,81.0,4.0,CLOUD,CLOUD,prediction_complete,186.64
2505,Congested,16.0,133.0,75.0,4.0,CLOUD,CLOUD,prediction_complete,184.58
2506,Congested,29.0,217.0,93.0,6.0,CLOUD,CLOUD,prediction_complete,186.26
2507,Congested,15.0,233.0,60.0,2.0,CLOUD,CLOUD,prediction_complete,188.7
2508,Congested,37.0,245.0,64.0,4.0,CLOUD,CLOUD,prediction_complete,187.92
2509,Congested,11.0,156.0,73.0,3.0,CLOUD,CLOUD,prediction_complete,188.02
2510,Congested,12.0,164.0,95.0,4.0,CLOUD,CLOUD,prediction_complete,189.11
2511,Congested,17.0,249.0,65.0,7.0,CLOUD,CLOUD,prediction_complete,193.17
2512,Congested,33.0,239.0,79.0,3.0,CLOUD,CLOUD,prediction_complete,191.72
2513,Congested,33.0,170.0,75.0,7.0,CLOUD,CLOUD,prediction_complete,189.13
2514,Congested,15.0,183.0,79.0,5.0,CLOUD,CLOUD,prediction_complete,189.47
2515,Congested,28.0,234.0,72.0,5.0,CLOUD,CLOUD,prediction_complete,190.25
2516,Congested,37.0,243.0,65.0,6.0,CLOUD,CLOUD,prediction_complete,189.48
2517,Congested,22.0,216.0,70.0,8.0,CLOUD,CLOUD,prediction_complete,191.73
2518,Congested,24.0,228.0,92.0,10.0,CLOUD,CLOUD,prediction_complete,195.53
2519,Congested,33.0,230.0,69.0,8.0,CLOUD,CLOUD,prediction_complete,194.73
2520,Congested,10.0,217.0,87.0,2.0,CLOUD,CLOUD,prediction_complete,197.83
2521,Congested,34.0,196.0,94.0,3.0,CLOUD,CLOUD,prediction_complete,194.54
2522,Congested,27.0,164.0,76.0,7.0,CLOUD,CLOUD,prediction_complete,191.58
2523,Congested,24.0,198.0,89.0,5.0,CLOUD,CLOUD,prediction_complete,190.71
2524,Congested,22.0,243.0,64.0,6.0,CLOUD,CLOUD,prediction_complete,192.76
2525,Congested,14.0,240.0,72.0,3.0,CLOUD,CLOUD,prediction_complete,195.4
2526,Congested,39.0,168.0,60.0,1.0,CLOUD,CLOUD,prediction_complete,186.95
2527,Congested,37.0,248.0,83.0,8.0,CLOUD,CLOUD,prediction_complete,188.5
2528,Congested,22.0,226.0,85.0,6.0,CLOUD,CLOUD,prediction_complete,190.98
2529,Congested,22.0,245.0,79.0,10.0,CLOUD,CLOUD,prediction_complete,195.84
2530,Congested,12.0,224.0,62.0,2.0,CLOUD,CLOUD,prediction_complete,196.1
2531,Congested,22.0,161.0,72.0,7.0,CLOUD,CLOUD,prediction_complete,194.29
2532,Congested,40.0,185.0,82.0,9.0,CLOUD,CLOUD,prediction_complete,189.9
2533,Congested,32.0,245.0,83.0,1.0,CLOUD,CLOUD,prediction_complete,189.45
2534,Congested,30.0,218.0,87.0,4.0,CLOUD,CLOUD,prediction_complete,190.67
2535,Congested,17.0,242.0,62.0,6.0,CLOUD,CLOUD,prediction_complete,193.5
2536,Congested,30.0,127.0,69.0,5.0,CLOUD,CLOUD,prediction_complete,186.21
2537,Congested,29.0,236.0,69.0,5.0,CLOUD,CLOUD,prediction_complete,186.46
2538,Congested,17.0,161.0,60.0,2.0,CLOUD,CLOUD,prediction_complete,183.93
2539,Congested,34.0,143.0,84.0,7.0,CLOUD,CLOUD,prediction_complete,179.29
2540,Congested,32.0,140.0,93.0,4.0,CLOUD,CLOUD,prediction_complete,175.42
2541,Congested,38.0,228.0,70.0,7.0,CLOUD,CLOUD,prediction_complete,176.63
2542,Congested,18.0,197.0,92.0,9.0,CLOUD,CLOUD,prediction_complete,182.88
2543,Congested,31.0,217.0,79.0,7.0,CLOUD,CLOUD,prediction_complete,183.99
2544,Congested,34.0,142.0,66.0,10.0,CLOUD,CLOUD,prediction_complete,180.09
2545,Congested,34.0,208.0,69.0,5.0,CLOUD,CLOUD,prediction_complete,178.95
2546,Congested,33.0,173.0,85.0,5.0,CLOUD,CLOUD,prediction_complete,179.45
2547,Congested,10.0,163.0,91.0,1.0,CLOUD,CLOUD,prediction_complete,182.15
2548,Congested,13.0,137.0,86.0,9.0,CLOUD,CLOUD,prediction_complete,184.03
2549,Congested,23.0,193.0,87.0,3.0,CLOUD,CLOUD,prediction_complete,183.8
2550,Congested,15.0,215.0,71.0,3.0,CLOUD,CLOUD,prediction_complete,187.62
2551,Congested,16.0,244.0,71.0,9.0,CLOUD,CLOUD,prediction_complete,193.47
2552,Congested,40.0,148.0,88.0,10.0,CLOUD,CLOUD,prediction_complete,187.38
2553,Congested,36.0,174.0,71.0,4.0,CLOUD,CLOUD,prediction_complete,182.29
2554,Congested,11.0,166.0,72.0,5.0,CLOUD,CLOUD,prediction_complete,185.17
2555,Congested,38.0,224.0,88.0,10.0,CLOUD,CLOUD,prediction_complete,186.34
2556,Congested,13.0,162.0,65.0,5.0,CLOUD,CLOUD,prediction_complete,186.45
2557,Congested,12.0,216.0,67.0,5.0,CLOUD,CLOUD,prediction_complete,189.96
2558,Congested,12.0,207.0,61.0,10.0,CLOUD,CLOUD,prediction_complete,193.97
2559,Congested,17.0,242.0,91.0,2.0,CLOUD,CLOUD,prediction_complete,196.25
2560,Congested,10.0,135.0,77.0,1.0,CLOUD,CLOUD,prediction_complete,194.16
2561,Congested,31.0,130.0,66.0,4.0,CLOUD,CLOUD,prediction_complete,185.08
2562,Congested,26.0,121.0,84.0,10.0,CLOUD,CLOUD,prediction_complete,181.44
2563,Congested,26.0,188.0,91.0,8.0,CLOUD,CLOUD,prediction_complete,182.44
2564,Congested,34.0,206.0,87.0,6.0,CLOUD,CLOUD,prediction_complete,182.72
2565,Congested,21.0,207.0,80.0,4.0,CLOUD,CLOUD,prediction_complete,185.32
2566,Congested,40.0,212.0,85.0,7.0,CLOUD,CLOUD,prediction_complete,184.69
2567,Congested,29.0,134.0,82.0,6.0,CLOUD,CLOUD,prediction_complete,180.67
2568,Congested,35.0,145.0,60.0,8.0,CLOUD,CLOUD,prediction_complete,174.79
2569,Congested,37.0,222.0,68.0,1.0,CLOUD,CLOUD,prediction_complete,173.46
2570,Congested,29.0,151.0,93.0,5.0,CLOUD,CLOUD,prediction_complete,174.62
2571,Congested,40.0,183.0,83.0,8.0,CLOUD,CLOUD,prediction_complete,173.92
2572,Congested,29.0,241.0,92.0,7.0,CLOUD,CLOUD,prediction_complete,180.23
2573,Congested,31.0,168.0,60.0,6.0,CLOUD,CLOUD,prediction_complete,177.62
2574,Congested,10.0,212.0,62.0,6.0,CLOUD,CLOUD,prediction_complete,183.27
2575,Congested,31.0,233.0,74.0,10.0,CLOUD,CLOUD,prediction_complete,186.5
2576,Congested,25.0,222.0,65.0,6.0,CLOUD,CLOUD,prediction_complete,188.35
2577,Congested,23.0,241.0,66.0,7.0,CLOUD,CLOUD,prediction_complete,192.66
2578,Congested,19.0,169.0,69.0,9.0,CLOUD,CLOUD,prediction_complete,193.21
2579,Congested,38.0,249.0,62.0,3.0,CLOUD,CLOUD,prediction_complete,190.21
2580,Congested,25.0,142.0,79.0,9.0,CLOUD,CLOUD,prediction_complete,189.37
2581,Congested,37.0,239.0,70.0,8.0,CLOUD,CLOUD,prediction_complete,188.29
2582,Congested,40.0,149.0,90.0,9.0,CLOUD,CLOUD,prediction_complete,183.88
2583,Congested,17.0,182.0,73.0,3.0,CLOUD,CLOUD,prediction_complete,184.46
2584,Congested,34.0,142.0,66.0,7.0,CLOUD,CLOUD,prediction_complete,178.88
2585,Congested,32.0,127.0,70.0,6.0,CLOUD,CLOUD,prediction_complete,172.8
2586,Congested,38.0,218.0,77.0,4.0,CLOUD,CLOUD,prediction_complete,173.19
2587,Congested,33.0,185.0,90.0,2.0,CLOUD,CLOUD,prediction_complete,173.7
2588,Congested,31.0,154.0,94.0,8.0,CLOUD,CLOUD,prediction_complete,174.19
2589,Congested,12.0,205.0,74.0,10.0,CLOUD,CLOUD,prediction_complete,180.63
2590,Congested,34.0,136.0,81.0,7.0,CLOUD,CLOUD,prediction_complete,176.36
2591,Congested,39.0,217.0,95.0,7.0,CLOUD,CLOUD,prediction_complete,178.93
2592,Congested,35.0,179.0,74.0,5.0,CLOUD,CLOUD,prediction_complete,178.0
2593,Congested,13.0,194.0,65.0,2.0,CLOUD,CLOUD,prediction_complete,180.92
2594,Congested,12.0,207.0,72.0,2.0,CLOUD,CLOUD,prediction_complete,185.21
2595,Congested,28.0,214.0,68.0,6.0,CLOUD,CLOUD,prediction_complete,186.35
2596,Congested,40.0,217.0,60.0,5.0,CLOUD,CLOUD,prediction_complete,183.05
2597,Congested,11.0,168.0,84.0,7.0,CLOUD,CLOUD,prediction_complete,186.82
2598,Congested,20.0,213.0,68.0,9.0,CLOUD,CLOUD,prediction_complete,189.22
2599,Congested,31.0,176.0,66.0,7.0,CLOUD,CLOUD,prediction_complete,185.54
2600,Congested,10.0,237.0,80.0,3.0,CLOUD,CLOUD,prediction_complete,192.23
2601,Congested,36.0,195.0,74.0,8.0,CLOUD,CLOUD,prediction_complete,190.29
2602,Congested,31.0,236.0,69.0,10.0,CLOUD,CLOUD,prediction_complete,191.97
2603,Congested,19.0,157.0,62.0,10.0,CLOUD,CLOUD,prediction_complete,190.39
2604,Congested,20.0,199.0,92.0,2.0,CLOUD,CLOUD,prediction_complete,190.31
2605,Congested,18.0,242.0,73.0,8.0,CLOUD,CLOUD,prediction_complete,196.25
2606,Congested,19.0,216.0,63.0,6.0,CLOUD,CLOUD,prediction_complete,196.22
2607,Congested,14.0,173.0,74.0,1.0,CLOUD,CLOUD,prediction_complete,193.76
2608,Congested,39.0,165.0,91.0,7.0,CLOUD,CLOUD,prediction_complete,189.03
2609,Congested,19.0,160.0,61.0,9.0,CLOUD,CLOUD,prediction_complete,187.33
2610,Congested,22.0,206.0,87.0,8.0,CLOUD,CLOUD,prediction_complete,188.54
2611,Congested,21.0,220.0,85.0,2.0,CLOUD,CLOUD,prediction_complete,190.31
2612,Congested,26.0,192.0,78.0,4.0,CLOUD,CLOUD,prediction_complete,189.67
2613,Congested,32.0,220.0,66.0,3.0,CLOUD,CLOUD,prediction_complete,187.5
2614,Congested,20.0,133.0,79.0,8.0,CLOUD,CLOUD,prediction_complete,185.55
2615,Congested,30.0,161.0,68.0,8.0,CLOUD,CLOUD,prediction_complete,180.76
2616,Congested,32.0,243.0,78.0,3.0,CLOUD,CLOUD,prediction_complete,182.39
2617,Congested,16.0,175.0,72.0,1.0,CLOUD,CLOUD,prediction_complete,183.58
2618,Congested,21.0,146.0,69.0,7.0,CLOUD,CLOUD,prediction_complete,181.91
2619,Congested,40.0,229.0,70.0,1.0,CLOUD,CLOUD,prediction_complete,178.96
2620,Congested,13.0,211.0,90.0,3.0,CLOUD,CLOUD,prediction_complete,185.2
2621,Congested,40.0,133.0,67.0,9.0,CLOUD,CLOUD,prediction_complete,177.86
2622,Congested,30.0,206.0,87.0,3.0,CLOUD,CLOUD,prediction_complete,178.24
2623,Congested,30.0,223.0,75.0,1.0,CLOUD,CLOUD,prediction_complete,179.93
2624,Congested,13.0,181.0,85.0,8.0,CLOUD,CLOUD,prediction_complete,185.15
2625,Congested,19.0,164.0,84.0,2.0,CLOUD,CLOUD,prediction_complete,183.53
2626,Congested,34.0,238.0,84.0,5.0,CLOUD,CLOUD,prediction_complete,185.34
2627,Congested,30.0,233.0,83.0,1.0,CLOUD,CLOUD,prediction_complete,186.36
2628,Congested,13.0,149.0,65.0,2.0,CLOUD,CLOUD,prediction_complete,185.34
2629,Congested,25.0,250.0,74.0,1.0,CLOUD,CLOUD,prediction_complete,186.55
2630,Congested,28.0,242.0,77.0,2.0,CLOUD,CLOUD,prediction_complete,187.97
2631,Congested,35.0,166.0,84.0,8.0,CLOUD,CLOUD,prediction_complete,185.7
2632,Congested,30.0,231.0,79.0,10.0,CLOUD,CLOUD,prediction_complete,187.71
2633,Congested,14.0,145.0,80.0,2.0,CLOUD,CLOUD,prediction_complete,185.89
2634,Congested,32.0,167.0,85.0,1.0,CLOUD,CLOUD,prediction_complete,182.03
2635,Congested,22.0,245.0,64.0,9.0,CLOUD,CLOUD,prediction_complete,187.5
2636,Congested,36.0,151.0,73.0,2.0,CLOUD,CLOUD,prediction_complete,179.95
2637,Congested,15.0,166.0,60.0,9.0,CLOUD,CLOUD,prediction_complete,181.82
2638,Congested,24.0,200.0,67.0,1.0,CLOUD,CLOUD,prediction_complete,180.5
2639,Congested,14.0,172.0,70.0,2.0,CLOUD,CLOUD,prediction_complete,182.0
2640,Congested,27.0,185.0,62.0,2.0,CLOUD,CLOUD,prediction_complete,179.31
2641,Congested,13.0,249.0,79.0,6.0,CLOUD,CLOUD,prediction_complete,187.3
2642,Congested,40.0,163.0,87.0,1.0,CLOUD,CLOUD,prediction_complete,180.97
2643,Congested,17.0,196.0,62.0,9.0,CLOUD,CLOUD,prediction_complete,184.56
2644,Congested,38.0,195.0,94.0,8.0,CLOUD,CLOUD,prediction_complete,183.16
2645,Congested,14.0,245.0,80.0,9.0,CLOUD,CLOUD,prediction_complete,191.29
2646,Congested,39.0,210.0,94.0,9.0,CLOUD,CLOUD,prediction_complete,191.21
2647,Congested,16.0,145.0,62.0,4.0,CLOUD,CLOUD,prediction_complete,188.52
2648,Congested,11.0,168.0,69.0,5.0,CLOUD,CLOUD,prediction_complete,189.18
2649,Congested,37.0,175.0,68.0,10.0,CLOUD,CLOUD,prediction_complete,185.31
2650,Congested,27.0,175.0,82.0,5.0,CLOUD,CLOUD,prediction_complete,184.01
2651,Congested,14.0,228.0,64.0,9.0,CLOUD,CLOUD,prediction_complete,189.53
2652,Congested,18.0,186.0,84.0,3.0,CLOUD,CLOUD,prediction_complete,189.76
2653,Congested,22.0,236.0,65.0,5.0,CLOUD,CLOUD,prediction_complete,192.18
2654,Congested,31.0,228.0,69.0,9.0,CLOUD,CLOUD,prediction_complete,192.7
2655,Congested,16.0,138.0,77.0,4.0,CLOUD,CLOUD,prediction_complete,188.91
2656,Congested,32.0,215.0,92.0,10.0,CLOUD,CLOUD,prediction_complete,190.61
2657,Congested,15.0,227.0,69.0,6.0,CLOUD,CLOUD,prediction_complete,193.94
2658,Congested,35.0,231.0,84.0,1.0,CLOUD,CLOUD,prediction_complete,191.54
2659,Congested,40.0,183.0,64.0,5.0,CLOUD,CLOUD,prediction_complete,187.25
2660,Congested,13.0,148.0,95.0,7.0,CLOUD,CLOUD,prediction_complete,188.16
2661,Congested,12.0,204.0,65.0,6.0,CLOUD,CLOUD,prediction_complete,189.42
2662,Congested,39.0,205.0,77.0,3.0,CLOUD,CLOUD,prediction_complete,185.18
2663,Congested,37.0,177.0,77.0,1.0,CLOUD,CLOUD,prediction_complete,180.99
2664,Congested,13.0,216.0,74.0,7.0,CLOUD,CLOUD,prediction_complete,186.35
2665,Congested,40.0,146.0,67.0,3.0,CLOUD,CLOUD,prediction_complete,177.69
2666,Congested,26.0,198.0,91.0,2.0,CLOUD,CLOUD,prediction_complete,179.25
2667,Congested,26.0,209.0,78.0,9.0,CLOUD,CLOUD,prediction_complete,182.28
2668,Congested,18.0,145.0,63.0,3.0,CLOUD,CLOUD,prediction_complete,178.93
2669,Congested,20.0,219.0,71.0,6.0,CLOUD,CLOUD,prediction_complete,183.34
2670,Congested,35.0,223.0,90.0,10.0,CLOUD,CLOUD,prediction_complete,186.07
2671,Congested,14.0,186.0,60.0,9.0,CLOUD,CLOUD,prediction_complete,188.39
2672,Congested,32.0,159.0,68.0,3.0,CLOUD,CLOUD,prediction_complete,182.86
2673,Congested,22.0,188.0,63.0,6.0,CLOUD,CLOUD,prediction_complete,184.44
2674,Congested,32.0,183.0,86.0,8.0,CLOUD,CLOUD,prediction_complete,183.58
2675,Congested,15.0,232.0,82.0,8.0,CLOUD,CLOUD,prediction_complete,190.92
2676,Congested,26.0,193.0,77.0,7.0,CLOUD,CLOUD,prediction_complete,190.34
2677,Congested,26.0,178.0,79.0,2.0,CLOUD,CLOUD,prediction_complete,187.45
2678,Congested,40.0,198.0,86.0,6.0,CLOUD,CLOUD,prediction_complete,185.78
2679,Congested,37.0,143.0,65.0,2.0,CLOUD,CLOUD,prediction_complete,177.57
2680,Congested,33.0,181.0,65.0,3.0,CLOUD,CLOUD,prediction_complete,174.32
2681,Congested,28.0,134.0,65.0,5.0,CLOUD,CLOUD,prediction_complete,169.99
2682,Congested,27.0,246.0,60.0,7.0,CLOUD,CLOUD,prediction_complete,174.8
2683,Congested,31.0,250.0,68.0,8.0,CLOUD,CLOUD,prediction_complete,179.79
2684,Congested,25.0,151.0,85.0,1.0,CLOUD,CLOUD,prediction_complete,178.45
2685,Congested,29.0,168.0,60.0,7.0,CLOUD,CLOUD,prediction_complete,176.72
2686,Congested,32.0,208.0,75.0,9.0,CLOUD,CLOUD,prediction_complete,178.45
2687,Congested,31.0,130.0,88.0,3.0,CLOUD,CLOUD,prediction_complete,175.01
2688,Congested,31.0,177.0,71.0,2.0,CLOUD,CLOUD,prediction_complete,173.85
2689,Congested,21.0,154.0,92.0,6.0,CLOUD,CLOUD,prediction_complete,176.49
2690,Congested,40.0,133.0,87.0,8.0,CLOUD,CLOUD,prediction_complete,171.74
2691,Congested,22.0,163.0,83.0,2.0,CLOUD,CLOUD,prediction_complete,172.55
2692,Congested,20.0,183.0,94.0,2.0,CLOUD,CLOUD,prediction_complete,175.75
2693,Congested,19.0,196.0,90.0,5.0,CLOUD,CLOUD,prediction_complete,179.81
2694,Congested,18.0,174.0,60.0,10.0,CLOUD,CLOUD,prediction_complete,181.46
2695,Congested,22.0,175.0,79.0,9.0,CLOUD,CLOUD,prediction_complete,182.86
2696,Congested,36.0,129.0,89.0,10.0,CLOUD,CLOUD,prediction_complete,179.37
2697,Congested,37.0,244.0,63.0,6.0,CLOUD,CLOUD,prediction_complete,181.16
2698,Congested,10.0,237.0,81.0,5.0,CLOUD,CLOUD,prediction_complete,190.46
2699,Congested,21.0,147.0,60.0,6.0,CLOUD,CLOUD,prediction_complete,187.29
2700,Congested,38.0,167.0,85.0,6.0,CLOUD,CLOUD,prediction_complete,183.41
2701,Congested,10.0,145.0,87.0,8.0,CLOUD,CLOUD,prediction_complete,186.26
2702,Congested,16.0,141.0,93.0,9.0,CLOUD,CLOUD,prediction_complete,186.17
2703,Congested,38.0,159.0,86.0,2.0,CLOUD,CLOUD,prediction_complete,179.58
2704,Congested,39.0,244.0,60.0,3.0,CLOUD,CLOUD,prediction_complete,179.69
2705,Congested,34.0,184.0,74.0,8.0,CLOUD,CLOUD,prediction_complete,179.08
2706,Congested,22.0,215.0,79.0,6.0,CLOUD,CLOUD,prediction_complete,182.75
2707,Congested,23.0,166.0,94.0,5.0,CLOUD,CLOUD,prediction_complete,183.47
2708,Congested,13.0,232.0,88.0,3.0,CLOUD,CLOUD,prediction_complete,188.76
2709,Congested,14.0,210.0,87.0,1.0,CLOUD,CLOUD,prediction_complete,191.78
2710,Congested,21.0,170.0,67.0,4.0,CLOUD,CLOUD,prediction_complete,189.66
2711,Congested,19.0,130.0,68.0,7.0,CLOUD,CLOUD,prediction_complete,185.28
2712,Congested,23.0,204.0,62.0,3.0,CLOUD,CLOUD,prediction_complete,183.66
2713,Congested,31.0,170.0,90.0,5.0,CLOUD,CLOUD,prediction_complete,182.91
2714,Congested,13.0,227.0,91.0,9.0,CLOUD,CLOUD,prediction_complete,190.66
2715,Congested,25.0,152.0,80.0,7.0,CLOUD,CLOUD,prediction_complete,187.59
2716,Congested,26.0,219.0,68.0,2.0,CLOUD,CLOUD,prediction_complete,186.69
2717,Congested,40.0,147.0,61.0,3.0,CLOUD,CLOUD,prediction_complete,179.26
2718,Congested,14.0,208.0,92.0,1.0,CLOUD,CLOUD,prediction_complete,183.1
2719,Congested,34.0,180.0,63.0,6.0,CLOUD,CLOUD,prediction_complete,179.69
2720,Congested,23.0,122.0,87.0,8.0,CLOUD,CLOUD,prediction_complete,177.45
2721,Congested,19.0,192.0,91.0,2.0,CLOUD,CLOUD,prediction_complete,179.86
2722,Congested,34.0,229.0,75.0,10.0,CLOUD,CLOUD,prediction_complete,183.19
2723,Congested,14.0,250.0,71.0,4.0,CLOUD,CLOUD,prediction_complete,188.99
2724,Congested,18.0,149.0,76.0,4.0,CLOUD,CLOUD,prediction_complete,187.23
2725,Congested,31.0,229.0,72.0,8.0,CLOUD,CLOUD,prediction_complete,188.68
2726,Congested,32.0,146.0,92.0,10.0,CLOUD,CLOUD,prediction_complete,186.43
2727,Congested,15.0,168.0,69.0,4.0,CLOUD,CLOUD,prediction_complete,186.3
2728,Congested,13.0,153.0,85.0,1.0,CLOUD,CLOUD,prediction_complete,185.51
2729,Congested,18.0,169.0,69.0,7.0,CLOUD,CLOUD,prediction_complete,186.01
2730,Congested,10.0,171.0,65.0,1.0,CLOUD,CLOUD,prediction_complete,185.01
2731,Congested,22.0,224.0,93.0,5.0,CLOUD,CLOUD,prediction_complete,188.69
2732,Congested,32.0,179.0,74.0,6.0,CLOUD,CLOUD,prediction_complete,185.59
2733,Congested,23.0,242.0,63.0,9.0,CLOUD,CLOUD,prediction_complete,188.72
2734,Congested,23.0,133.0,79.0,2.0,CLOUD,CLOUD,prediction_complete,183.88
2735,Congested,18.0,213.0,77.0,6.0,CLOUD,CLOUD,prediction_complete,187.69
2736,Congested,32.0,227.0,75.0,6.0,CLOUD,CLOUD,prediction_complete,188.04
2737,Congested,38.0,132.0,71.0,1.0,CLOUD,CLOUD,prediction_complete,179.6
2738,Congested,10.0,133.0,80.0,4.0,CLOUD,CLOUD,prediction_complete,180.11
2739,Congested,19.0,240.0,77.0,10.0,CLOUD,CLOUD,prediction_complete,186.01
2740,Congested,13.0,230.0,71.0,5.0,CLOUD,CLOUD,prediction_complete,190.31
2741,Congested,40.0,245.0,83.0,6.0,CLOUD,CLOUD,prediction_complete,190.23
2742,Congested,19.0,148.0,66.0,1.0,CLOUD,CLOUD,prediction_complete,187.04
2743,Congested,31.0,153.0,81.0,6.0,CLOUD,CLOUD,prediction_complete,183.07
2744,Congested,33.0,212.0,93.0,10.0,CLOUD,CLOUD,prediction_complete,185.36
2745,Congested,21.0,180.0,77.0,4.0,CLOUD,CLOUD,prediction_complete,184.61
2746,Congested,28.0,218.0,65.0,2.0,CLOUD,CLOUD,prediction_complete,184.11
2747,Congested,14.0,150.0,62.0,10.0,CLOUD,CLOUD,prediction_complete,185.82
2748,Congested,40.0,168.0,72.0,8.0,CLOUD,CLOUD,prediction_complete,179.87
2749,Congested,39.0,145.0,64.0,9.0,CLOUD,CLOUD,prediction_complete,174.44
2750,Congested,29.0,207.0,79.0,8.0,CLOUD,CLOUD,prediction_complete,177.41
2751,Congested,34.0,171.0,94.0,3.0,CLOUD,CLOUD,prediction_complete,176.76
2752,Congested,11.0,152.0,72.0,7.0,CLOUD,CLOUD,prediction_complete,180.34
2753,Congested,27.0,184.0,95.0,6.0,CLOUD,CLOUD,prediction_complete,181.42
2754,Congested,38.0,213.0,88.0,2.0,CLOUD,CLOUD,prediction_complete,180.47
2755,Congested,39.0,231.0,64.0,8.0,CLOUD,CLOUD,prediction_complete,181.47
2756,Congested,23.0,248.0,61.0,3.0,CLOUD,CLOUD,prediction_complete,184.19
2757,Congested,29.0,190.0,68.0,5.0,CLOUD,CLOUD,prediction_complete,183.67
2758,Congested,11.0,135.0,72.0,7.0,CLOUD,CLOUD,prediction_complete,184.12
2759,Congested,25.0,139.0,70.0,8.0,CLOUD,CLOUD,prediction_complete,180.9
2760,Congested,34.0,250.0,84.0,9.0,CLOUD,CLOUD,prediction_complete,184.94
2761,Congested,34.0,219.0,85.0,10.0,CLOUD,CLOUD,prediction_complete,187.93
2762,Congested,18.0,172.0,71.0,1.0,CLOUD,CLOUD,prediction_complete,186.43
2763,Congested,15.0,175.0,60.0,9.0,CLOUD,CLOUD,prediction_complete,188.35
2764,Congested,24.0,248.0,93.0,5.0,CLOUD,CLOUD,prediction_complete,191.65
2765,Congested,19.0,176.0,78.0,5.0,CLOUD,CLOUD,prediction_complete,192.14
2766,Congested,27.0,150.0,70.0,4.0,CLOUD,CLOUD,prediction_complete,186.39
2767,Congested,11.0,180.0,78.0,1.0,CLOUD,CLOUD,prediction_complete,187.15
2768,Congested,30.0,157.0,77.0,3.0,CLOUD,CLOUD,prediction_complete,182.7
2769,Congested,18.0,133.0,75.0,4.0,CLOUD,CLOUD,prediction_complete,179.91
2770,Congested,27.0,149.0,60.0,6.0,CLOUD,CLOUD,prediction_complete,174.85
2771,Congested,30.0,214.0,80.0,2.0,CLOUD,CLOUD,prediction_complete,175.62
2772,Congested,40.0,187.0,68.0,7.0,CLOUD,CLOUD,prediction_complete,174.21
2773,Congested,38.0,195.0,80.0,1.0,CLOUD,CLOUD,prediction_complete,172.47
2774,Congested,30.0,122.0,82.0,4.0,CLOUD,CLOUD,prediction_complete,169.11
2775,Congested,33.0,191.0,71.0,5.0,CLOUD,CLOUD,prediction_complete,168.82
2776,Congested,10.0,147.0,84.0,5.0,CLOUD,CLOUD,prediction_complete,173.14
2777,Congested,37.0,172.0,88.0,4.0,CLOUD,CLOUD,prediction_complete,171.4
2778,Congested,20.0,188.0,73.0,10.0,CLOUD,CLOUD,prediction_complete,176.81
2779,Congested,30.0,221.0,69.0,8.0,CLOUD,CLOUD,prediction_complete,179.47
2780,Congested,17.0,231.0,83.0,3.0,CLOUD,CLOUD,prediction_complete,186.25
2781,Congested,38.0,242.0,65.0,8.0,CLOUD,CLOUD,prediction_complete,187.76
2782,Congested,15.0,237.0,71.0,3.0,CLOUD,CLOUD,prediction_complete,192.19
2783,Congested,16.0,245.0,71.0,5.0,CLOUD,CLOUD,prediction_complete,196.95
2784,Congested,10.0,199.0,70.0,3.0,CLOUD,CLOUD,prediction_complete,198.11
2785,Congested,36.0,220.0,72.0,2.0,CLOUD,CLOUD,prediction_complete,193.62
2786,Congested,14.0,138.0,87.0,4.0,CLOUD,CLOUD,prediction_complete,192.08
2787,Congested,24.0,223.0,66.0,9.0,CLOUD,CLOUD,prediction_complete,192.43
2788,Congested,14.0,123.0,66.0,7.0,CLOUD,CLOUD,prediction_complete,188.04
2789,Congested,22.0,125.0,67.0,1.0,CLOUD,CLOUD,prediction_complete,180.86
2790,Congested,34.0,131.0,68.0,4.0,CLOUD,CLOUD,prediction_complete,174.25
2791,Congested,34.0,141.0,77.0,3.0,CLOUD,CLOUD,prediction_complete,169.41
2792,Congested,40.0,123.0,60.0,2.0,CLOUD,CLOUD,prediction_complete,160.9
2793,Congested,27.0,206.0,65.0,4.0,CLOUD,CLOUD,prediction_complete,163.29
2794,Congested,14.0,242.0,88.0,3.0,CLOUD,CLOUD,prediction_complete,173.33
2795,Congested,19.0,204.0,90.0,3.0,CLOUD,CLOUD,prediction_complete,178.78
2796,Congested,17.0,134.0,94.0,5.0,CLOUD,CLOUD,prediction_complete,179.52
2797,Congested,30.0,151.0,61.0,1.0,CLOUD,CLOUD,prediction_complete,173.44
2798,Congested,13.0,195.0,66.0,9.0,CLOUD,CLOUD,prediction_complete,179.34
2799,Congested,38.0,226.0,69.0,1.0,CLOUD,CLOUD,prediction_complete,177.95
2800,Congested,39.0,177.0,61.0,4.0,CLOUD,CLOUD,prediction_complete,175.92
2801,Congested,23.0,218.0,69.0,6.0,CLOUD,CLOUD,prediction_complete,179.96
2802,Congested,30.0,193.0,74.0,7.0,CLOUD,CLOUD,prediction_complete,181.15
2803,Congested,31.0,148.0,91.0,3.0,CLOUD,CLOUD,prediction_complete,178.31
2804,Congested,13.0,177.0,66.0,5.0,CLOUD,CLOUD,prediction_complete,180.34
2805,Congested,21.0,139.0,81.0,2.0,CLOUD,CLOUD,prediction_complete,177.33
2806,Congested,21.0,141.0,62.0,10.0,CLOUD,CLOUD,prediction_complete,176.48
2807,Congested,14.0,165.0,87.0,9.0,CLOUD,CLOUD,prediction_complete,180.44
2808,Congested,20.0,166.0,87.0,3.0,CLOUD,CLOUD,prediction_complete,180.79
2809,Congested,38.0,197.0,78.0,6.0,CLOUD,CLOUD,prediction_complete,180.32
2810,Congested,38.0,146.0,77.0,8.0,CLOUD,CLOUD,prediction_complete,176.72
2811,Congested,31.0,214.0,76.0,2.0,CLOUD,CLOUD,prediction_complete,176.96
2812,Congested,35.0,120.0,69.0,3.0,CLOUD,CLOUD,prediction_complete,170.96
2813,Congested,20.0,157.0,84.0,8.0,CLOUD,CLOUD,prediction_complete,173.38
2814,Congested,33.0,242.0,64.0,2.0,CLOUD,CLOUD,prediction_complete,174.45
2815,Congested,28.0,229.0,77.0,3.0,CLOUD,CLOUD,prediction_complete,179.07
2816,Congested,12.0,202.0,68.0,3.0,CLOUD,CLOUD,prediction_complete,183.31
2817,Congested,34.0,218.0,82.0,6.0,CLOUD,CLOUD,prediction_complete,183.71
2818,Congested,25.0,228.0,90.0,7.0,CLOUD,CLOUD,prediction_complete,188.26
2819,Congested,29.0,205.0,68.0,4.0,CLOUD,CLOUD,prediction_complete,187.08
2820,Congested,22.0,227.0,95.0,8.0,CLOUD,CLOUD,prediction_complete,192.78
2821,Congested,27.0,246.0,94.0,9.0,CLOUD,CLOUD,prediction_complete,196.76
2822,Congested,36.0,178.0,84.0,2.0,CLOUD,CLOUD,prediction_complete,191.48
2823,Congested,28.0,227.0,93.0,10.0,CLOUD,CLOUD,prediction_complete,195.51
2824,Congested,34.0,176.0,65.0,4.0,CLOUD,CLOUD,prediction_complete,188.61
2825,Congested,21.0,120.0,73.0,1.0,CLOUD,CLOUD,prediction_complete,182.83
2826,Congested,21.0,241.0,68.0,2.0,CLOUD,CLOUD,prediction_complete,185.06
2827,Congested,11.0,209.0,83.0,3.0,CLOUD,CLOUD,prediction_complete,189.09
2828,Congested,19.0,237.0,69.0,9.0,CLOUD,CLOUD,prediction_complete,192.68
2829,Congested,39.0,227.0,75.0,4.0,CLOUD,CLOUD,prediction_complete,189.16
2830,Congested,36.0,177.0,63.0,3.0,CLOUD,CLOUD,prediction_complete,184.15
2831,Congested,13.0,156.0,84.0,1.0,CLOUD,CLOUD,prediction_complete,183.66
2832,Congested,32.0,228.0,83.0,1.0,CLOUD,CLOUD,prediction_complete,183.77
2833,Congested,32.0,147.0,64.0,8.0,CLOUD,CLOUD,prediction_complete,179.3
2834,Congested,36.0,160.0,61.0,3.0,CLOUD,CLOUD,prediction_complete,172.94
2835,Congested,21.0,156.0,65.0,4.0,CLOUD,CLOUD,prediction_complete,172.94
2836,Congested,12.0,123.0,86.0,3.0,CLOUD,CLOUD,prediction_complete,172.83
2837,Congested,34.0,166.0,90.0,3.0,CLOUD,CLOUD,prediction_complete,170.95
2838,Congested,33.0,196.0,90.0,7.0,CLOUD,CLOUD,prediction_complete,173.14
2839,Congested,33.0,206.0,88.0,1.0,CLOUD,CLOUD,prediction_complete,174.17
2840,Congested,19.0,148.0,69.0,1.0,CLOUD,CLOUD,prediction_complete,174.03
2841,Congested,38.0,128.0,71.0,9.0,CLOUD,CLOUD,prediction_complete,168.47
2842,Congested,15.0,122.0,85.0,7.0,CLOUD,CLOUD,prediction_complete,169.08
2843,Congested,31.0,236.0,95.0,5.0,CLOUD,CLOUD,prediction_complete,175.52
2844,Congested,39.0,248.0,79.0,4.0,CLOUD,CLOUD,prediction_complete,179.43
2845,Congested,23.0,160.0,77.0,2.0,CLOUD,CLOUD,prediction_complete,179.39
2846,Congested,26.0,216.0,68.0,4.0,CLOUD,CLOUD,prediction_complete,181.08
2847,Congested,22.0,134.0,74.0,7.0,CLOUD,CLOUD,prediction_complete,179.42
2848,Congested,15.0,139.0,89.0,8.0,CLOUD,CLOUD,prediction_complete,180.36
2849,Congested,20.0,223.0,84.0,3.0,CLOUD,CLOUD,prediction_complete,184.03
2850,Congested,11.0,215.0,87.0,4.0,CLOUD,CLOUD,prediction_complete,190.65
2851,Congested,18.0,147.0,66.0,2.0,CLOUD,CLOUD,prediction_complete,187.21
2852,Congested,21.0,205.0,61.0,4.0,CLOUD,CLOUD,prediction_complete,186.97
2853,Congested,19.0,161.0,94.0,2.0,CLOUD,CLOUD,prediction_complete,185.73
2854,Congested,12.0,174.0,60.0,5.0,CLOUD,CLOUD,prediction_complete,186.02
2855,Congested,16.0,171.0,62.0,4.0,CLOUD,CLOUD,prediction_complete,184.38
2856,Congested,18.0,141.0,62.0,10.0,CLOUD,CLOUD,prediction_complete,182.77
2857,Congested,35.0,243.0,62.0,1.0,CLOUD,CLOUD,prediction_complete,181.25
2858,Congested,20.0,143.0,79.0,1.0,CLOUD,CLOUD,prediction_complete,180.71
2859,Congested,21.0,192.0,85.0,9.0,CLOUD,CLOUD,prediction_complete,183.64
2860,Congested,16.0,200.0,85.0,6.0,CLOUD,CLOUD,prediction_complete,186.25
2861,Congested,14.0,144.0,81.0,7.0,CLOUD,CLOUD,prediction_complete,186.92
2862,Congested,38.0,248.0,66.0,9.0,CLOUD,CLOUD,prediction_complete,187.18
2863,Congested,35.0,158.0,61.0,10.0,CLOUD,CLOUD,prediction_complete,183.27
2864,Congested,35.0,217.0,90.0,10.0,CLOUD,CLOUD,prediction_complete,185.53
2865,Congested,37.0,129.0,78.0,3.0,CLOUD,CLOUD,prediction_complete,178.78
2866,Congested,14.0,238.0,65.0,2.0,CLOUD,CLOUD,prediction_complete,184.68
2867,Congested,40.0,179.0,73.0,3.0,CLOUD,CLOUD,prediction_complete,180.09
2868,Congested,34.0,161.0,92.0,9.0,CLOUD,CLOUD,prediction_complete,179.42
2869,Congested,33.0,207.0,88.0,3.0,CLOUD,CLOUD,prediction_complete,178.67
2870,Congested,20.0,194.0,83.0,10.0,CLOUD,CLOUD,prediction_complete,183.46
2871,Congested,37.0,230.0,62.0,7.0,CLOUD,CLOUD,prediction_complete,182.2
2872,Congested,17.0,173.0,64.0,3.0,CLOUD,CLOUD,prediction_complete,182.58
2873,Congested,28.0,247.0,66.0,1.0,CLOUD,CLOUD,prediction_complete,184.72
2874,Congested,14.0,199.0,95.0,2.0,CLOUD,CLOUD,prediction_complete,189.07
2875,Congested,25.0,144.0,89.0,6.0,CLOUD,CLOUD,prediction_complete,187.07
2876,Congested,15.0,195.0,70.0,2.0,CLOUD,CLOUD,prediction_complete,186.36
2877,Congested,18.0,213.0,82.0,2.0,CLOUD,CLOUD,prediction_complete,188.62
2878,Congested,12.0,165.0,89.0,5.0,CLOUD,CLOUD,prediction_complete,190.14
2879,Congested,25.0,185.0,88.0,3.0,CLOUD,CLOUD,prediction_complete,187.82
2880,Congested,40.0,151.0,91.0,1.0,CLOUD,CLOUD,prediction_complete,180.91
2881,Congested,21.0,193.0,85.0,7.0,CLOUD,CLOUD,prediction_complete,183.57
2882,Congested,37.0,153.0,88.0,6.0,CLOUD,CLOUD,prediction_complete,178.71
2883,Congested,26.0,200.0,83.0,2.0,CLOUD,CLOUD,prediction_complete,179.35
2884,Congested,31.0,225.0,92.0,8.0,CLOUD,CLOUD,prediction_complete,183.32
2885,Congested,18.0,130.0,63.0,4.0,CLOUD,CLOUD,prediction_complete,179.85
2886,Congested,32.0,122.0,69.0,2.0,CLOUD,CLOUD,prediction_complete,172.59
2887,Congested,19.0,216.0,70.0,10.0,CLOUD,CLOUD,prediction_complete,178.64
2888,Congested,22.0,138.0,74.0,7.0,CLOUD,CLOUD,prediction_complete,176.74
2889,Congested,37.0,238.0,65.0,6.0,CLOUD,CLOUD,prediction_complete,178.35
2890,Congested,24.0,239.0,94.0,8.0,CLOUD,CLOUD,prediction_complete,186.92
2891,Congested,13.0,141.0,71.0,2.0,CLOUD,CLOUD,prediction_complete,185.06
2892,Congested,39.0,221.0,87.0,4.0,CLOUD,CLOUD,prediction_complete,184.64
2893,Congested,22.0,204.0,64.0,6.0,CLOUD,CLOUD,prediction_complete,186.24
2894,Congested,20.0,244.0,73.0,8.0,CLOUD,CLOUD,prediction_complete,190.5
2895,Congested,13.0,191.0,89.0,1.0,CLOUD,CLOUD,prediction_complete,192.03
2896,Congested,27.0,159.0,90.0,3.0,CLOUD,CLOUD,prediction_complete,189.79
2897,Congested,30.0,174.0,80.0,10.0,CLOUD,CLOUD,prediction_complete,187.83
2898,Congested,11.0,217.0,63.0,6.0,CLOUD,CLOUD,prediction_complete,190.58
2899,Congested,35.0,230.0,90.0,4.0,CLOUD,CLOUD,prediction_complete,190.09
2900,Congested,11.0,174.0,61.0,7.0,CLOUD,CLOUD,prediction_complete,191.68
2901,Congested,18.0,184.0,71.0,2.0,CLOUD,CLOUD,prediction_complete,189.38
2902,Congested,14.0,137.0,77.0,7.0,CLOUD,CLOUD,prediction_complete,188.77
2903,Congested,12.0,196.0,88.0,7.0,CLOUD,CLOUD,prediction_complete,191.68
2904,Congested,26.0,174.0,76.0,3.0,CLOUD,CLOUD,prediction_complete,187.74
2905,Congested,36.0,133.0,65.0,7.0,CLOUD,CLOUD,prediction_complete,180.75
2906,Congested,20.0,196.0,70.0,4.0,CLOUD,CLOUD,prediction_complete,181.54
2907,Congested,21.0,227.0,90.0,8.0,CLOUD,CLOUD,prediction_complete,187.47
2908,Congested,27.0,161.0,87.0,6.0,CLOUD,CLOUD,prediction_complete,185.32
2909,Congested,39.0,219.0,60.0,9.0,CLOUD,CLOUD,prediction_complete,183.7
2910,Congested,35.0,170.0,64.0,10.0,CLOUD,CLOUD,prediction_complete,180.84
2911,Congested,29.0,157.0,80.0,6.0,CLOUD,CLOUD,prediction_complete,179.04
2912,Congested,10.0,158.0,89.0,3.0,CLOUD,CLOUD,prediction_complete,182.47
2913,Congested,25.0,201.0,67.0,7.0,CLOUD,CLOUD,prediction_complete,183.32
2914,Congested,18.0,120.0,88.0,3.0,CLOUD,CLOUD,prediction_complete,180.71
2915,Congested,30.0,235.0,66.0,1.0,CLOUD,CLOUD,prediction_complete,181.57
2916,Congested,16.0,168.0,86.0,9.0,CLOUD,CLOUD,prediction_complete,185.09
2917,Congested,34.0,162.0,84.0,4.0,CLOUD,CLOUD,prediction_complete,179.56
2918,Congested,21.0,173.0,72.0,10.0,CLOUD,CLOUD,prediction_complete,181.86
2919,Congested,40.0,123.0,83.0,6.0,CLOUD,CLOUD,prediction_complete,174.37
2920,Congested,10.0,197.0,79.0,9.0,CLOUD,CLOUD,prediction_complete,182.44
2921,Congested,36.0,151.0,91.0,8.0,CLOUD,CLOUD,prediction_complete,179.64
2922,Congested,23.0,225.0,82.0,6.0,CLOUD,CLOUD,prediction_complete,184.49
2923,Congested,36.0,229.0,93.0,6.0,CLOUD,CLOUD,prediction_complete,186.62
2924,Congested,13.0,165.0,89.0,7.0,CLOUD,CLOUD,prediction_complete,190.13
2925,Congested,21.0,165.0,95.0,10.0,CLOUD,CLOUD,prediction_complete,190.77
2926,Congested,15.0,231.0,84.0,5.0,CLOUD,CLOUD,prediction_complete,194.26
2927,Congested,37.0,231.0,78.0,10.0,CLOUD,CLOUD,prediction_complete,195.01
2928,Congested,40.0,145.0,65.0,2.0,CLOUD,CLOUD,prediction_complete,184.84
2929,Congested,12.0,124.0,86.0,2.0,CLOUD,CLOUD,prediction_complete,184.25
2930,Congested,25.0,145.0,88.0,9.0,CLOUD,CLOUD,prediction_complete,182.13
2931,Congested,28.0,128.0,78.0,7.0,CLOUD,CLOUD,prediction_complete,177.27
2932,Congested,16.0,177.0,89.0,9.0,CLOUD,CLOUD,prediction_complete,181.29
2933,Congested,22.0,149.0,72.0,8.0,CLOUD,CLOUD,prediction_complete,179.73
2934,Congested,40.0,151.0,82.0,8.0,CLOUD,CLOUD,prediction_complete,175.57
2935,Congested,23.0,221.0,60.0,6.0,CLOUD,CLOUD,prediction_complete,179.18
2936,Congested,35.0,177.0,92.0,5.0,CLOUD,CLOUD,prediction_complete,178.41
2937,Congested,18.0,187.0,79.0,7.0,CLOUD,CLOUD,prediction_complete,182.44
2938,Congested,31.0,181.0,60.0,7.0,CLOUD,CLOUD,prediction_complete,180.66
2939,Congested,11.0,123.0,61.0,3.0,CLOUD,CLOUD,prediction_complete,178.47
2940,Congested,35.0,215.0,93.0,10.0,CLOUD,CLOUD,prediction_complete,181.64
2941,Congested,20.0,205.0,70.0,10.0,CLOUD,CLOUD,prediction_complete,185.95
2942,Congested,23.0,181.0,95.0,7.0,CLOUD,CLOUD,prediction_complete,187.33
2943,Congested,16.0,220.0,63.0,10.0,CLOUD,CLOUD,prediction_complete,192.48
2944,Congested,23.0,152.0,84.0,3.0,CLOUD,CLOUD,prediction_complete,188.97
2945,Congested,22.0,201.0,93.0,3.0,CLOUD,CLOUD,prediction_complete,190.68
2946,Congested,23.0,179.0,66.0,3.0,CLOUD,CLOUD,prediction_complete,188.28
2947,Congested,26.0,150.0,85.0,5.0,CLOUD,CLOUD,prediction_complete,184.68
2948,Congested,36.0,160.0,80.0,4.0,CLOUD,CLOUD,prediction_complete,179.46
2949,Congested,12.0,143.0,61.0,7.0,CLOUD,CLOUD,prediction_complete,179.38
2950,Congested,10.0,159.0,61.0,10.0,CLOUD,CLOUD,prediction_complete,180.44
2951,Congested,32.0,140.0,84.0,1.0,CLOUD,CLOUD,prediction_complete,174.81
2952,Congested,33.0,153.0,89.0,6.0,CLOUD,CLOUD,prediction_complete,174.39
2953,Congested,15.0,181.0,74.0,5.0,CLOUD,CLOUD,prediction_complete,177.14
2954,Congested,16.0,182.0,84.0,5.0,CLOUD,CLOUD,prediction_complete,180.76
2955,Congested,31.0,133.0,77.0,2.0,CLOUD,CLOUD,prediction_complete,175.15
2956,Congested,39.0,156.0,61.0,10.0,CLOUD,CLOUD,prediction_complete,171.39
2957,Congested,37.0,146.0,67.0,8.0,CLOUD,CLOUD,prediction_complete,167.31
2958,Congested,39.0,151.0,66.0,3.0,CLOUD,CLOUD,prediction_complete,163.62
2959,Congested,19.0,187.0,71.0,2.0,CLOUD,CLOUD,prediction_complete,168.26
2960,Congested,12.0,246.0,83.0,4.0,CLOUD,CLOUD,prediction_complete,178.68
2961,Congested,22.0,145.0,91.0,1.0,CLOUD,CLOUD,prediction_complete,178.4
2962,Congested,23.0,138.0,91.0,2.0,CLOUD,CLOUD,prediction_complete,176.95
2963,Congested,16.0,227.0,84.0,6.0,CLOUD,CLOUD,prediction_complete,182.75
2964,Congested,30.0,235.0,70.0,3.0,CLOUD,CLOUD,prediction_complete,183.13
2965,Congested,19.0,122.0,71.0,10.0,CLOUD,CLOUD,prediction_complete,182.59
2966,Congested,30.0,128.0,67.0,6.0,CLOUD,CLOUD,prediction_complete,176.33
2967,Congested,21.0,243.0,94.0,1.0,CLOUD,CLOUD,prediction_complete,183.07
2968,Congested,15.0,185.0,67.0,4.0,CLOUD,CLOUD,prediction_complete,186.3
2969,Congested,29.0,127.0,94.0,1.0,CLOUD,CLOUD,prediction_complete,180.51
2970,Congested,26.0,159.0,73.0,6.0,CLOUD,CLOUD,prediction_complete,178.17
2971,Congested,13.0,175.0,61.0,6.0,CLOUD,CLOUD,prediction_complete,179.38
2972,Congested,14.0,176.0,65.0,3.0,CLOUD,CLOUD,prediction_complete,180.16
2973,Congested,18.0,190.0,90.0,4.0,CLOUD,CLOUD,prediction_complete,183.02
2974,Congested,40.0,143.0,82.0,9.0,CLOUD,CLOUD,prediction_complete,178.4
2975,Congested,30.0,195.0,89.0,8.0,CLOUD,CLOUD,prediction_complete,180.42
2976,Congested,23.0,222.0,72.0,5.0,CLOUD,CLOUD,prediction_complete,184.22
2977,Congested,15.0,170.0,77.0,7.0,CLOUD,CLOUD,prediction_complete,186.29
2978,Congested,13.0,199.0,70.0,4.0,CLOUD,CLOUD,prediction_complete,188.32
2979,Congested,40.0,244.0,87.0,8.0,CLOUD,CLOUD,prediction_complete,190.06
2980,Congested,23.0,189.0,80.0,10.0,CLOUD,CLOUD,prediction_complete,192.24
2981,Congested,13.0,218.0,87.0,4.0,CLOUD,CLOUD,prediction_complete,195.07
2982,Congested,28.0,210.0,83.0,2.0,CLOUD,CLOUD,prediction_complete,193.72
2983,Congested,24.0,162.0,62.0,9.0,CLOUD,CLOUD,prediction_complete,191.42
2984,Congested,18.0,224.0,78.0,10.0,CLOUD,CLOUD,prediction_complete,194.65
2985,Congested,36.0,210.0,85.0,1.0,CLOUD,CLOUD,prediction_complete,190.11
2986,Congested,13.0,166.0,80.0,7.0,CLOUD,CLOUD,prediction_complete,192.73
2987,Congested,35.0,167.0,82.0,4.0,CLOUD,CLOUD,prediction_complete,186.11
2988,Congested,12.0,175.0,83.0,6.0,CLOUD,CLOUD,prediction_complete,188.62
2989,Congested,14.0,200.0,67.0,1.0,CLOUD,CLOUD,prediction_complete,187.88
2990,Congested,20.0,122.0,81.0,4.0,CLOUD,CLOUD,prediction_complete,184.06
2991,Congested,24.0,202.0,74.0,9.0,CLOUD,CLOUD,prediction_complete,184.85
2992,Congested,12.0,218.0,78.0,10.0,CLOUD,CLOUD,prediction_complete,190.79
2993,Congested,16.0,175.0,66.0,9.0,CLOUD,CLOUD,prediction_complete,191.29
2994,Congested,18.0,139.0,86.0,7.0,CLOUD,CLOUD,prediction_complete,189.41
2995,Congested,20.0,201.0,72.0,4.0,CLOUD,CLOUD,prediction_complete,190.02
2996,Congested,11.0,246.0,91.0,1.0,CLOUD,CLOUD,prediction_complete,195.65
2997,Congested,18.0,227.0,67.0,2.0,CLOUD,CLOUD,prediction_complete,196.86
2998,Congested,24.0,163.0,80.0,10.0,CLOUD,CLOUD,prediction_complete,194.85
2999,Congested,22.0,180.0,61.0,5.0,CLOUD,CLOUD,prediction_complete,190.16
3000,Congested,10.0,121.0,89.0,5.0,CLOUD,CLOUD,prediction_complete,189.07
