Time,Scenario,Bandwidth_Mbps,Latency_ms,CPU_Usage_percent,Task_Size_MB,Existing_Decision,Decision_Score,Reasons
1,Stable,85,19.0,20.0,5.0,EDGE,1,Low current latency; Low CPU utilization; Medium computational task
2,Stable,78,21.0,24.0,2.0,EDGE,0,Low current latency; Low CPU utilization; Small computational task
3,Stable,85,19.0,38.0,7.0,EDGE,1,Low current latency; Low CPU utilization; Medium computational task
4,Stable,75,18.0,22.0,4.0,EDGE,0,Low current latency; Low CPU utilization; Small computational task
5,Stable,78,18.0,37.0,4.0,EDGE,0,Low current latency; Low CPU utilization; Small computational task
6,Stable,85,24.0,27.0,8.0,EDGE,2,Low current latency; Low CPU utilization; Large computational task
7,Stable,84,22.0,20.0,3.0,EDGE,0,Low current latency; Low CPU utilization; Small computational task
8,Stable,81,23.0,28.0,3.0,EDGE,0,Low current latency; Low CPU utilization; Small computational task
9,Stable,78,23.0,23.0,2.0,EDGE,0,Low current latency; Low CPU utilization; Small computational task
10,Stable,81,19.0,31.0,6.0,EDGE,1,Low current latency; Low CPU utilization; Medium computational task
11,Stable,84,22.0,21.0,8.0,EDGE,2,Low current latency; Low CPU utilization; Large computational task
12,Stable,83,19.0,32.0,2.0,EDGE,0,Low current latency; Low CPU utilization; Small computational task
13,Stable,83,22.0,40.0,10.0,EDGE,2,Low current latency; Low CPU utilization; Large computational task
14,Stable,80,21.0,22.0,1.0,EDGE,0,Low current latency; Low CPU utilization; Small computational task
15,Stable,85,21.0,29.0,2.0,EDGE,0,Low current latency; Low CPU utilization; Small computational task
16,Stable,78,19.0,32.0,5.0,EDGE,1,Low current latency; Low CPU utilization; Medium computational task
17,Stable,82,23.0,25.0,6.0,EDGE,1,Low current latency; Low CPU utilization; Medium computational task
18,Stable,80,21.0,28.0,2.0,EDGE,0,Low current latency; Low CPU utilization; Small computational task
19,Stable,84,20.0,37.0,4.0,EDGE,0,Low current latency; Low CPU utilization; Small computational task
20,Stable,77,25.0,32.0,5.0,EDGE,1,Low current latency; Low CPU utilization; Medium computational task
21,Stable,85,21.0,30.0,1.0,EDGE,0,Low current latency; Low CPU utilization; Small computational task
22,Stable,78,18.0,30.0,7.0,EDGE,1,Low current latency; Low CPU utilization; Medium computational task
23,Stable,79,19.0,26.0,10.0,EDGE,2,Low current latency; Low CPU utilization; Large computational task
24,Stable,80,21.0,40.0,8.0,EDGE,2,Low current latency; Low CPU utilization; Large computational task
25,Stable,81,25.0,24.0,5.0,EDGE,1,Low current latency; Low CPU utilization; Medium computational task
26,Stable,77,21.0,37.0,9.0,EDGE,2,Low current latency; Low CPU utilization; Large computational task
27,Stable,79,24.0,38.0,7.0,EDGE,1,Low current latency; Low CPU utilization; Medium computational task
28,Stable,80,21.0,24.0,9.0,EDGE,2,Low current latency; Low CPU utilization; Large computational task
29,Stable,82,19.0,21.0,2.0,EDGE,0,Low current latency; Low CPU utilization; Small computational task
30,Stable,77,20.0,33.0,10.0,EDGE,2,Low current latency; Low CPU utilization; Large computational task
31,Stable,76,24.0,32.0,10.0,EDGE,2,Low current latency; Low CPU utilization; Large computational task
32,Stable,82,22.0,37.0,1.0,EDGE,0,Low current latency; Low CPU utilization; Small computational task
33,Stable,85,19.0,37.0,5.0,EDGE,1,Low current latency; Low CPU utilization; Medium computational task
34,Stable,85,23.0,23.0,5.0,EDGE,1,Low current latency; Low CPU utilization; Medium computational task
35,Stable,81,20.0,34.0,1.0,EDGE,0,Low current latency; Low CPU utilization; Small computational task
36,Stable,79,20.0,36.0,2.0,EDGE,0,Low current latency; Low CPU utilization; Small computational task
37,Stable,85,22.0,40.0,9.0,EDGE,2,Low current latency; Low CPU utilization; Large computational task
38,Stable,84,21.0,24.0,6.0,EDGE,1,Low current latency; Low CPU utilization; Medium computational task
39,Stable,77,18.0,39.0,6.0,EDGE,1,Low current latency; Low CPU utilization; Medium computational task
40,Stable,82,18.0,23.0,6.0,EDGE,1,Low current latency; Low CPU utilization; Medium computational task
41,Stable,79,21.0,21.0,4.0,EDGE,0,Low current latency; Low CPU utilization; Small computational task
42,Stable,84,19.0,22.0,8.0,EDGE,2,Low current latency; Low CPU utilization; Large computational task
43,Stable,76,20.0,24.0,8.0,EDGE,2,Low current latency; Low CPU utilization; Large computational task
44,Stable,83,20.0,28.0,9.0,EDGE,2,Low current latency; Low CPU utilization; Large computational task
45,Stable,84,24.0,26.0,9.0,EDGE,2,Low current latency; Low CPU utilization; Large computational task
46,Stable,78,22.0,32.0,6.0,EDGE,1,Low current latency; Low CPU utilization; Medium computational task
47,Stable,82,25.0,23.0,4.0,EDGE,0,Low current latency; Low CPU utilization; Small computational task
48,Stable,78,19.0,30.0,1.0,EDGE,0,Low current latency; Low CPU utilization; Small computational task
49,Stable,84,21.0,38.0,4.0,EDGE,0,Low current latency; Low CPU utilization; Small computational task
50,Stable,75,19.0,40.0,1.0,EDGE,0,Low current latency; Low CPU utilization; Small computational task
51,Stable,78,19.0,21.0,6.0,EDGE,1,Low current latency; Low CPU utilization; Medium computational task
52,Stable,76,21.0,28.0,8.0,EDGE,2,Low current latency; Low CPU utilization; Large computational task
53,Stable,78,20.0,38.0,10.0,EDGE,2,Low current latency; Low CPU utilization; Large computational task
54,Stable,82,21.0,35.0,7.0,EDGE,1,Low current latency; Low CPU utilization; Medium computational task
55,Stable,78,19.0,23.0,7.0,EDGE,1,Low current latency; Low CPU utilization; Medium computational task
56,Stable,80,24.0,33.0,8.0,EDGE,2,Low current latency; Low CPU utilization; Large computational task
57,Stable,75,19.0,21.0,7.0,EDGE,1,Low current latency; Low CPU utilization; Medium computational task
58,Stable,80,19.0,27.0,4.0,EDGE,0,Low current latency; Low CPU utilization; Small computational task
59,Stable,78,25.0,24.0,7.0,EDGE,1,Low current latency; Low CPU utilization; Medium computational task
60,Stable,77,22.0,34.0,4.0,EDGE,0,Low current latency; Low CPU utilization; Small computational task
61,Stable,76,25.0,37.0,2.0,EDGE,0,Low current latency; Low CPU utilization; Small computational task
62,Stable,75,18.0,22.0,4.0,EDGE,0,Low current latency; Low CPU utilization; Small computational task
63,Stable,77,24.0,35.0,8.0,EDGE,2,Low current latency; Low CPU utilization; Large computational task
64,Stable,78,24.0,21.0,3.0,EDGE,0,Low current latency; Low CPU utilization; Small computational task
65,Stable,81,18.0,32.0,5.0,EDGE,1,Low current latency; Low CPU utilization; Medium computational task
66,Stable,82,22.0,33.0,9.0,EDGE,2,Low current latency; Low CPU utilization; Large computational task
67,Stable,85,25.0,24.0,4.0,EDGE,0,Low current latency; Low CPU utilization; Small computational task
68,Stable,79,21.0,21.0,10.0,EDGE,2,Low current latency; Low CPU utilization; Large computational task
69,Stable,83,18.0,30.0,1.0,EDGE,0,Low current latency; Low CPU utilization; Small computational task
70,Stable,75,25.0,36.0,9.0,EDGE,2,Low current latency; Low CPU utilization; Large computational task
71,Stable,77,18.0,36.0,2.0,EDGE,0,Low current latency; Low CPU utilization; Small computational task
72,Stable,77,19.0,39.0,2.0,EDGE,0,Low current latency; Low CPU utilization; Small computational task
73,Stable,85,21.0,32.0,2.0,EDGE,0,Low current latency; Low CPU utilization; Small computational task
74,Stable,84,21.0,38.0,10.0,EDGE,2,Low current latency; Low CPU utilization; Large computational task
75,Stable,75,19.0,33.0,10.0,EDGE,2,Low current latency; Low CPU utilization; Large computational task
76,Stable,84,23.0,28.0,4.0,EDGE,0,Low current latency; Low CPU utilization; Small computational task
77,Stable,85,23.0,27.0,5.0,EDGE,1,Low current latency; Low CPU utilization; Medium computational task
78,Stable,81,20.0,40.0,5.0,EDGE,1,Low current latency; Low CPU utilization; Medium computational task
79,Stable,82,23.0,22.0,1.0,EDGE,0,Low current latency; Low CPU utilization; Small computational task
80,Stable,82,19.0,22.0,9.0,EDGE,2,Low current latency; Low CPU utilization; Large computational task
81,Stable,78,22.0,24.0,6.0,EDGE,1,Low current latency; Low CPU utilization; Medium computational task
82,Stable,76,21.0,31.0,5.0,EDGE,1,Low current latency; Low CPU utilization; Medium computational task
83,Stable,77,25.0,37.0,5.0,EDGE,1,Low current latency; Low CPU utilization; Medium computational task
84,Stable,84,18.0,37.0,5.0,EDGE,1,Low current latency; Low CPU utilization; Medium computational task
85,Stable,85,19.0,24.0,5.0,EDGE,1,Low current latency; Low CPU utilization; Medium computational task
86,Stable,76,19.0,37.0,3.0,EDGE,0,Low current latency; Low CPU utilization; Small computational task
87,Stable,79,22.0,39.0,4.0,EDGE,0,Low current latency; Low CPU utilization; Small computational task
88,Stable,80,21.0,40.0,5.0,EDGE,1,Low current latency; Low CPU utilization; Medium computational task
89,Stable,83,25.0,28.0,1.0,EDGE,0,Low current latency; Low CPU utilization; Small computational task
90,Stable,76,24.0,28.0,1.0,EDGE,0,Low current latency; Low CPU utilization; Small computational task
91,Stable,75,23.0,24.0,5.0,EDGE,1,Low current latency; Low CPU utilization; Medium computational task
92,Stable,77,25.0,37.0,7.0,EDGE,1,Low current latency; Low CPU utilization; Medium computational task
93,Stable,83,18.0,23.0,2.0,EDGE,0,Low current latency; Low CPU utilization; Small computational task
94,Stable,77,18.0,31.0,10.0,EDGE,2,Low current latency; Low CPU utilization; Large computational task
95,Stable,83,20.0,33.0,3.0,EDGE,0,Low current latency; Low CPU utilization; Small computational task
96,Stable,75,22.0,31.0,1.0,EDGE,0,Low current latency; Low CPU utilization; Small computational task
97,Stable,80,21.0,27.0,2.0,EDGE,0,Low current latency; Low CPU utilization; Small computational task
98,Stable,80,24.0,39.0,3.0,EDGE,0,Low current latency; Low CPU utilization; Small computational task
99,Stable,78,20.0,25.0,7.0,EDGE,1,Low current latency; Low CPU utilization; Medium computational task
100,Stable,75,20.0,30.0,7.0,EDGE,1,Low current latency; Low CPU utilization; Medium computational task
101,Stable,85,21.0,28.0,3.0,EDGE,0,Low current latency; Low CPU utilization; Small computational task
102,Stable,76,24.0,21.0,8.0,EDGE,2,Low current latency; Low CPU utilization; Large computational task
103,Stable,78,21.0,34.0,6.0,EDGE,1,Low current latency; Low CPU utilization; Medium computational task
104,Stable,79,21.0,27.0,1.0,EDGE,0,Low current latency; Low CPU utilization; Small computational task
105,Stable,85,21.0,32.0,6.0,EDGE,1,Low current latency; Low CPU utilization; Medium computational task
106,Stable,79,19.0,28.0,6.0,EDGE,1,Low current latency; Low CPU utilization; Medium computational task
107,Stable,85,24.0,37.0,6.0,EDGE,1,Low current latency; Low CPU utilization; Medium computational task
108,Stable,75,19.0,28.0,3.0,EDGE,0,Low current latency; Low CPU utilization; Small computational task
109,Stable,84,22.0,21.0,2.0,EDGE,0,Low current latency; Low CPU utilization; Small computational task
110,Stable,84,24.0,31.0,6.0,EDGE,1,Low current latency; Low CPU utilization; Medium computational task
111,Stable,81,19.0,32.0,10.0,EDGE,2,Low current latency; Low CPU utilization; Large computational task
112,Stable,78,22.0,21.0,7.0,EDGE,1,Low current latency; Low CPU utilization; Medium computational task
113,Stable,75,21.0,31.0,7.0,EDGE,1,Low current latency; Low CPU utilization; Medium computational task
114,Stable,76,23.0,39.0,6.0,EDGE,1,Low current latency; Low CPU utilization; Medium computational task
115,Stable,85,19.0,29.0,9.0,EDGE,2,Low current latency; Low CPU utilization; Large computational task
116,Stable,79,24.0,30.0,7.0,EDGE,1,Low current latency; Low CPU utilization; Medium computational task
117,Stable,79,20.0,26.0,7.0,EDGE,1,Low current latency; Low CPU utilization; Medium computational task
118,Stable,85,24.0,25.0,10.0,EDGE,2,Low current latency; Low CPU utilization; Large computational task
119,Stable,84,22.0,32.0,9.0,EDGE,2,Low current latency; Low CPU utilization; Large computational task
120,Stable,75,22.0,29.0,4.0,EDGE,0,Low current latency; Low CPU utilization; Small computational task
121,Stable,81,23.0,34.0,8.0,EDGE,2,Low current latency; Low CPU utilization; Large computational task
122,Stable,82,21.0,36.0,8.0,EDGE,2,Low current latency; Low CPU utilization; Large computational task
123,Stable,77,19.0,29.0,9.0,EDGE,2,Low current latency; Low CPU utilization; Large computational task
124,Stable,85,23.0,22.0,4.0,EDGE,0,Low current latency; Low CPU utilization; Small computational task
125,Stable,85,22.0,27.0,4.0,EDGE,0,Low current latency; Low CPU utilization; Small computational task
126,Stable,77,18.0,21.0,4.0,EDGE,0,Low current latency; Low CPU utilization; Small computational task
127,Stable,82,19.0,34.0,7.0,EDGE,1,Low current latency; Low CPU utilization; Medium computational task
128,Stable,85,21.0,32.0,8.0,EDGE,2,Low current latency; Low CPU utilization; Large computational task
129,Stable,81,21.0,24.0,1.0,EDGE,0,Low current latency; Low CPU utilization; Small computational task
130,Stable,76,24.0,27.0,3.0,EDGE,0,Low current latency; Low CPU utilization; Small computational task
131,Stable,83,25.0,21.0,9.0,EDGE,2,Low current latency; Low CPU utilization; Large computational task
132,Stable,78,19.0,34.0,3.0,EDGE,0,Low current latency; Low CPU utilization; Small computational task
133,Stable,82,23.0,34.0,10.0,EDGE,2,Low current latency; Low CPU utilization; Large computational task
134,Stable,83,24.0,37.0,8.0,EDGE,2,Low current latency; Low CPU utilization; Large computational task
135,Stable,77,25.0,34.0,5.0,EDGE,1,Low current latency; Low CPU utilization; Medium computational task
136,Stable,78,22.0,36.0,8.0,EDGE,2,Low current latency; Low CPU utilization; Large computational task
137,Stable,85,21.0,28.0,8.0,EDGE,2,Low current latency; Low CPU utilization; Large computational task
138,Stable,76,22.0,27.0,5.0,EDGE,1,Low current latency; Low CPU utilization; Medium computational task
139,Stable,80,23.0,37.0,2.0,EDGE,0,Low current latency; Low CPU utilization; Small computational task
140,Stable,77,20.0,27.0,7.0,EDGE,1,Low current latency; Low CPU utilization; Medium computational task
141,Stable,77,21.0,22.0,7.0,EDGE,1,Low current latency; Low CPU utilization; Medium computational task
142,Stable,81,23.0,37.0,8.0,EDGE,2,Low current latency; Low CPU utilization; Large computational task
143,Stable,81,18.0,26.0,7.0,EDGE,1,Low current latency; Low CPU utilization; Medium computational task
144,Stable,81,18.0,38.0,7.0,EDGE,1,Low current latency; Low CPU utilization; Medium computational task
145,Stable,82,18.0,31.0,5.0,EDGE,1,Low current latency; Low CPU utilization; Medium computational task
146,Stable,81,24.0,37.0,9.0,EDGE,2,Low current latency; Low CPU utilization; Large computational task
147,Stable,84,21.0,35.0,4.0,EDGE,0,Low current latency; Low CPU utilization; Small computational task
148,Stable,79,24.0,35.0,1.0,EDGE,0,Low current latency; Low CPU utilization; Small computational task
149,Stable,81,23.0,32.0,3.0,EDGE,0,Low current latency; Low CPU utilization; Small computational task
150,Stable,82,20.0,39.0,9.0,EDGE,2,Low current latency; Low CPU utilization; Large computational task
151,Stable,75,24.0,38.0,10.0,EDGE,2,Low current latency; Low CPU utilization; Large computational task
152,Stable,85,18.0,22.0,7.0,EDGE,1,Low current latency; Low CPU utilization; Medium computational task
153,Stable,77,25.0,25.0,1.0,EDGE,0,Low current latency; Low CPU utilization; Small computational task
154,Stable,79,24.0,30.0,4.0,EDGE,0,Low current latency; Low CPU utilization; Small computational task
155,Stable,82,23.0,30.0,7.0,EDGE,1,Low current latency; Low CPU utilization; Medium computational task
156,Stable,79,24.0,28.0,2.0,EDGE,0,Low current latency; Low CPU utilization; Small computational task
157,Stable,82,18.0,37.0,1.0,EDGE,0,Low current latency; Low CPU utilization; Small computational task
158,Stable,80,21.0,40.0,2.0,EDGE,0,Low current latency; Low CPU utilization; Small computational task
159,Stable,85,18.0,20.0,4.0,EDGE,0,Low current latency; Low CPU utilization; Small computational task
160,Stable,78,18.0,39.0,3.0,EDGE,0,Low current latency; Low CPU utilization; Small computational task
161,Stable,78,20.0,35.0,2.0,EDGE,0,Low current latency; Low CPU utilization; Small computational task
162,Stable,84,21.0,34.0,5.0,EDGE,1,Low current latency; Low CPU utilization; Medium computational task
163,Stable,80,20.0,39.0,10.0,EDGE,2,Low current latency; Low CPU utilization; Large computational task
164,Stable,76,20.0,29.0,2.0,EDGE,0,Low current latency; Low CPU utilization; Small computational task
165,Stable,84,18.0,29.0,10.0,EDGE,2,Low current latency; Low CPU utilization; Large computational task
166,Stable,85,24.0,32.0,4.0,EDGE,0,Low current latency; Low CPU utilization; Small computational task
167,Stable,76,21.0,23.0,5.0,EDGE,1,Low current latency; Low CPU utilization; Medium computational task
168,Stable,85,19.0,38.0,1.0,EDGE,0,Low current latency; Low CPU utilization; Small computational task
169,Stable,80,24.0,31.0,2.0,EDGE,0,Low current latency; Low CPU utilization; Small computational task
170,Stable,83,23.0,20.0,7.0,EDGE,1,Low current latency; Low CPU utilization; Medium computational task
171,Stable,82,19.0,33.0,6.0,EDGE,1,Low current latency; Low CPU utilization; Medium computational task
172,Stable,85,25.0,24.0,7.0,EDGE,1,Low current latency; Low CPU utilization; Medium computational task
173,Stable,77,22.0,39.0,9.0,EDGE,2,Low current latency; Low CPU utilization; Large computational task
174,Stable,82,25.0,33.0,10.0,EDGE,2,Low current latency; Low CPU utilization; Large computational task
175,Stable,79,23.0,27.0,2.0,EDGE,0,Low current latency; Low CPU utilization; Small computational task
176,Stable,79,25.0,27.0,8.0,EDGE,2,Low current latency; Low CPU utilization; Large computational task
177,Stable,84,24.0,30.0,1.0,EDGE,0,Low current latency; Low CPU utilization; Small computational task
178,Stable,82,23.0,25.0,8.0,EDGE,2,Low current latency; Low CPU utilization; Large computational task
179,Stable,78,23.0,28.0,6.0,EDGE,1,Low current latency; Low CPU utilization; Medium computational task
180,Stable,79,22.0,37.0,1.0,EDGE,0,Low current latency; Low CPU utilization; Small computational task
181,Stable,83,21.0,22.0,4.0,EDGE,0,Low current latency; Low CPU utilization; Small computational task
182,Stable,81,25.0,37.0,4.0,EDGE,0,Low current latency; Low CPU utilization; Small computational task
183,Stable,82,25.0,34.0,1.0,EDGE,0,Low current latency; Low CPU utilization; Small computational task
184,Stable,76,22.0,27.0,7.0,EDGE,1,Low current latency; Low CPU utilization; Medium computational task
185,Stable,78,22.0,38.0,6.0,EDGE,1,Low current latency; Low CPU utilization; Medium computational task
186,Stable,82,23.0,33.0,9.0,EDGE,2,Low current latency; Low CPU utilization; Large computational task
187,Stable,80,23.0,34.0,5.0,EDGE,1,Low current latency; Low CPU utilization; Medium computational task
188,Stable,79,22.0,27.0,2.0,EDGE,0,Low current latency; Low CPU utilization; Small computational task
189,Stable,78,23.0,23.0,9.0,EDGE,2,Low current latency; Low CPU utilization; Large computational task
190,Stable,77,21.0,26.0,8.0,EDGE,2,Low current latency; Low CPU utilization; Large computational task
191,Stable,79,22.0,23.0,4.0,EDGE,0,Low current latency; Low CPU utilization; Small computational task
192,Stable,79,21.0,31.0,3.0,EDGE,0,Low current latency; Low CPU utilization; Small computational task
193,Stable,79,18.0,37.0,3.0,EDGE,0,Low current latency; Low CPU utilization; Small computational task
194,Stable,79,18.0,21.0,9.0,EDGE,2,Low current latency; Low CPU utilization; Large computational task
195,Stable,79,20.0,40.0,8.0,EDGE,2,Low current latency; Low CPU utilization; Large computational task
196,Stable,76,18.0,38.0,5.0,EDGE,1,Low current latency; Low CPU utilization; Medium computational task
197,Stable,82,25.0,34.0,6.0,EDGE,1,Low current latency; Low CPU utilization; Medium computational task
198,Stable,77,18.0,28.0,8.0,EDGE,2,Low current latency; Low CPU utilization; Large computational task
199,Stable,76,19.0,32.0,8.0,EDGE,2,Low current latency; Low CPU utilization; Large computational task
200,Stable,76,18.0,24.0,3.0,EDGE,0,Low current latency; Low CPU utilization; Small computational task
201,Stable,84,22.0,22.0,4.0,EDGE,0,Low current latency; Low CPU utilization; Small computational task
202,Stable,76,24.0,39.0,10.0,EDGE,2,Low current latency; Low CPU utilization; Large computational task
203,Stable,84,21.0,36.0,7.0,EDGE,1,Low current latency; Low CPU utilization; Medium computational task
204,Stable,82,25.0,29.0,10.0,EDGE,2,Low current latency; Low CPU utilization; Large computational task
205,Stable,81,22.0,38.0,10.0,EDGE,2,Low current latency; Low CPU utilization; Large computational task
206,Stable,75,19.0,26.0,4.0,EDGE,0,Low current latency; Low CPU utilization; Small computational task
207,Stable,79,19.0,25.0,4.0,EDGE,0,Low current latency; Low CPU utilization; Small computational task
208,Stable,77,19.0,25.0,1.0,EDGE,0,Low current latency; Low CPU utilization; Small computational task
209,Stable,81,25.0,39.0,8.0,EDGE,2,Low current latency; Low CPU utilization; Large computational task
210,Stable,79,18.0,27.0,5.0,EDGE,1,Low current latency; Low CPU utilization; Medium computational task
211,Stable,79,25.0,22.0,4.0,EDGE,0,Low current latency; Low CPU utilization; Small computational task
212,Stable,79,21.0,33.0,2.0,EDGE,0,Low current latency; Low CPU utilization; Small computational task
213,Stable,83,21.0,40.0,3.0,EDGE,0,Low current latency; Low CPU utilization; Small computational task
214,Stable,79,20.0,22.0,1.0,EDGE,0,Low current latency; Low CPU utilization; Small computational task
215,Stable,77,22.0,39.0,10.0,EDGE,2,Low current latency; Low CPU utilization; Large computational task
216,Stable,79,25.0,23.0,8.0,EDGE,2,Low current latency; Low CPU utilization; Large computational task
217,Stable,79,24.0,28.0,9.0,EDGE,2,Low current latency; Low CPU utilization; Large computational task
218,Stable,83,25.0,34.0,2.0,EDGE,0,Low current latency; Low CPU utilization; Small computational task
219,Stable,84,18.0,33.0,6.0,EDGE,1,Low current latency; Low CPU utilization; Medium computational task
220,Stable,84,22.0,20.0,2.0,EDGE,0,Low current latency; Low CPU utilization; Small computational task
221,Stable,78,18.0,28.0,10.0,EDGE,2,Low current latency; Low CPU utilization; Large computational task
222,Stable,75,20.0,35.0,9.0,EDGE,2,Low current latency; Low CPU utilization; Large computational task
223,Stable,85,25.0,28.0,3.0,EDGE,0,Low current latency; Low CPU utilization; Small computational task
224,Stable,84,24.0,40.0,8.0,EDGE,2,Low current latency; Low CPU utilization; Large computational task
225,Stable,76,25.0,31.0,7.0,EDGE,1,Low current latency; Low CPU utilization; Medium computational task
226,Stable,80,23.0,23.0,3.0,EDGE,0,Low current latency; Low CPU utilization; Small computational task
227,Stable,80,24.0,35.0,5.0,EDGE,1,Low current latency; Low CPU utilization; Medium computational task
228,Stable,85,24.0,37.0,1.0,EDGE,0,Low current latency; Low CPU utilization; Small computational task
229,Stable,82,19.0,30.0,5.0,EDGE,1,Low current latency; Low CPU utilization; Medium computational task
230,Stable,80,19.0,32.0,9.0,EDGE,2,Low current latency; Low CPU utilization; Large computational task
231,Stable,75,25.0,33.0,1.0,EDGE,0,Low current latency; Low CPU utilization; Small computational task
232,Stable,78,23.0,39.0,8.0,EDGE,2,Low current latency; Low CPU utilization; Large computational task
233,Stable,85,25.0,21.0,4.0,EDGE,0,Low current latency; Low CPU utilization; Small computational task
234,Stable,79,20.0,29.0,8.0,EDGE,2,Low current latency; Low CPU utilization; Large computational task
235,Stable,82,19.0,20.0,10.0,EDGE,2,Low current latency; Low CPU utilization; Large computational task
236,Stable,78,20.0,29.0,9.0,EDGE,2,Low current latency; Low CPU utilization; Large computational task
237,Stable,75,24.0,22.0,4.0,EDGE,0,Low current latency; Low CPU utilization; Small computational task
238,Stable,76,25.0,23.0,3.0,EDGE,0,Low current latency; Low CPU utilization; Small computational task
239,Stable,82,22.0,36.0,5.0,EDGE,1,Low current latency; Low CPU utilization; Medium computational task
240,Stable,81,25.0,35.0,4.0,EDGE,0,Low current latency; Low CPU utilization; Small computational task
241,Stable,82,20.0,32.0,4.0,EDGE,0,Low current latency; Low CPU utilization; Small computational task
242,Stable,84,20.0,22.0,5.0,EDGE,1,Low current latency; Low CPU utilization; Medium computational task
243,Stable,81,23.0,36.0,5.0,EDGE,1,Low current latency; Low CPU utilization; Medium computational task
244,Stable,75,22.0,29.0,10.0,EDGE,2,Low current latency; Low CPU utilization; Large computational task
245,Stable,84,25.0,24.0,8.0,EDGE,2,Low current latency; Low CPU utilization; Large computational task
246,Stable,83,25.0,31.0,6.0,EDGE,1,Low current latency; Low CPU utilization; Medium computational task
247,Stable,83,24.0,34.0,6.0,EDGE,1,Low current latency; Low CPU utilization; Medium computational task
248,Stable,78,21.0,38.0,7.0,EDGE,1,Low current latency; Low CPU utilization; Medium computational task
249,Stable,78,24.0,21.0,6.0,EDGE,1,Low current latency; Low CPU utilization; Medium computational task
250,Stable,82,24.0,32.0,3.0,EDGE,0,Low current latency; Low CPU utilization; Small computational task
251,Stable,82,18.0,24.0,9.0,EDGE,2,Low current latency; Low CPU utilization; Large computational task
252,Stable,84,23.0,23.0,8.0,EDGE,2,Low current latency; Low CPU utilization; Large computational task
253,Stable,76,25.0,20.0,3.0,EDGE,0,Low current latency; Low CPU utilization; Small computational task
254,Stable,81,20.0,22.0,8.0,EDGE,2,Low current latency; Low CPU utilization; Large computational task
255,Stable,79,23.0,39.0,7.0,EDGE,1,Low current latency; Low CPU utilization; Medium computational task
256,Stable,85,19.0,30.0,9.0,EDGE,2,Low current latency; Low CPU utilization; Large computational task
257,Stable,81,23.0,40.0,8.0,EDGE,2,Low current latency; Low CPU utilization; Large computational task
258,Stable,83,18.0,39.0,2.0,EDGE,0,Low current latency; Low CPU utilization; Small computational task
259,Stable,78,22.0,27.0,2.0,EDGE,0,Low current latency; Low CPU utilization; Small computational task
260,Stable,81,19.0,40.0,2.0,EDGE,0,Low current latency; Low CPU utilization; Small computational task
261,Stable,82,20.0,29.0,1.0,EDGE,0,Low current latency; Low CPU utilization; Small computational task
262,Stable,75,23.0,21.0,5.0,EDGE,1,Low current latency; Low CPU utilization; Medium computational task
263,Stable,80,23.0,33.0,3.0,EDGE,0,Low current latency; Low CPU utilization; Small computational task
264,Stable,78,24.0,38.0,3.0,EDGE,0,Low current latency; Low CPU utilization; Small computational task
265,Stable,77,20.0,22.0,10.0,EDGE,2,Low current latency; Low CPU utilization; Large computational task
266,Stable,81,21.0,35.0,10.0,EDGE,2,Low current latency; Low CPU utilization; Large computational task
267,Stable,77,21.0,34.0,5.0,EDGE,1,Low current latency; Low CPU utilization; Medium computational task
268,Stable,82,22.0,20.0,8.0,EDGE,2,Low current latency; Low CPU utilization; Large computational task
269,Stable,79,20.0,22.0,8.0,EDGE,2,Low current latency; Low CPU utilization; Large computational task
270,Stable,80,22.0,40.0,7.0,EDGE,1,Low current latency; Low CPU utilization; Medium computational task
271,Stable,79,25.0,29.0,4.0,EDGE,0,Low current latency; Low CPU utilization; Small computational task
272,Stable,81,25.0,23.0,4.0,EDGE,0,Low current latency; Low CPU utilization; Small computational task
273,Stable,81,23.0,38.0,5.0,EDGE,1,Low current latency; Low CPU utilization; Medium computational task
274,Stable,79,18.0,32.0,5.0,EDGE,1,Low current latency; Low CPU utilization; Medium computational task
275,Stable,75,18.0,39.0,8.0,EDGE,2,Low current latency; Low CPU utilization; Large computational task
276,Stable,79,21.0,39.0,6.0,EDGE,1,Low current latency; Low CPU utilization; Medium computational task
277,Stable,78,21.0,39.0,5.0,EDGE,1,Low current latency; Low CPU utilization; Medium computational task
278,Stable,85,20.0,40.0,2.0,EDGE,0,Low current latency; Low CPU utilization; Small computational task
279,Stable,85,18.0,29.0,8.0,EDGE,2,Low current latency; Low CPU utilization; Large computational task
280,Stable,75,23.0,24.0,2.0,EDGE,0,Low current latency; Low CPU utilization; Small computational task
281,Stable,79,23.0,33.0,3.0,EDGE,0,Low current latency; Low CPU utilization; Small computational task
282,Stable,78,20.0,37.0,6.0,EDGE,1,Low current latency; Low CPU utilization; Medium computational task
283,Stable,83,22.0,25.0,5.0,EDGE,1,Low current latency; Low CPU utilization; Medium computational task
284,Stable,82,22.0,30.0,2.0,EDGE,0,Low current latency; Low CPU utilization; Small computational task
285,Stable,82,19.0,24.0,4.0,EDGE,0,Low current latency; Low CPU utilization; Small computational task
286,Stable,85,24.0,37.0,6.0,EDGE,1,Low current latency; Low CPU utilization; Medium computational task
287,Stable,76,24.0,20.0,5.0,EDGE,1,Low current latency; Low CPU utilization; Medium computational task
288,Stable,83,19.0,34.0,6.0,EDGE,1,Low current latency; Low CPU utilization; Medium computational task
289,Stable,85,22.0,38.0,7.0,EDGE,1,Low current latency; Low CPU utilization; Medium computational task
290,Stable,85,23.0,23.0,4.0,EDGE,0,Low current latency; Low CPU utilization; Small computational task
291,Stable,82,18.0,39.0,9.0,EDGE,2,Low current latency; Low CPU utilization; Large computational task
292,Stable,80,21.0,40.0,2.0,EDGE,0,Low current latency; Low CPU utilization; Small computational task
293,Stable,85,25.0,29.0,7.0,EDGE,1,Low current latency; Low CPU utilization; Medium computational task
294,Stable,76,20.0,21.0,1.0,EDGE,0,Low current latency; Low CPU utilization; Small computational task
295,Stable,79,25.0,23.0,2.0,EDGE,0,Low current latency; Low CPU utilization; Small computational task
296,Stable,78,20.0,32.0,8.0,EDGE,2,Low current latency; Low CPU utilization; Large computational task
297,Stable,80,24.0,38.0,3.0,EDGE,0,Low current latency; Low CPU utilization; Small computational task
298,Stable,81,19.0,35.0,10.0,EDGE,2,Low current latency; Low CPU utilization; Large computational task
299,Stable,81,22.0,21.0,6.0,EDGE,1,Low current latency; Low CPU utilization; Medium computational task
300,Stable,78,25.0,34.0,4.0,EDGE,0,Low current latency; Low CPU utilization; Small computational task
301,Stable,80,19.0,31.0,9.0,EDGE,2,Low current latency; Low CPU utilization; Large computational task
302,Stable,85,23.0,21.0,7.0,EDGE,1,Low current latency; Low CPU utilization; Medium computational task
303,Stable,79,21.0,23.0,8.0,EDGE,2,Low current latency; Low CPU utilization; Large computational task
304,Stable,76,21.0,40.0,10.0,EDGE,2,Low current latency; Low CPU utilization; Large computational task
305,Stable,75,18.0,30.0,4.0,EDGE,0,Low current latency; Low CPU utilization; Small computational task
306,Stable,77,21.0,22.0,9.0,EDGE,2,Low current latency; Low CPU utilization; Large computational task
307,Stable,78,21.0,27.0,6.0,EDGE,1,Low current latency; Low CPU utilization; Medium computational task
308,Stable,77,18.0,28.0,3.0,EDGE,0,Low current latency; Low CPU utilization; Small computational task
309,Stable,77,22.0,25.0,2.0,EDGE,0,Low current latency; Low CPU utilization; Small computational task
310,Stable,85,18.0,24.0,1.0,EDGE,0,Low current latency; Low CPU utilization; Small computational task
311,Stable,80,21.0,38.0,6.0,EDGE,1,Low current latency; Low CPU utilization; Medium computational task
312,Stable,75,20.0,28.0,1.0,EDGE,0,Low current latency; Low CPU utilization; Small computational task
313,Stable,77,24.0,36.0,2.0,EDGE,0,Low current latency; Low CPU utilization; Small computational task
314,Stable,76,25.0,34.0,6.0,EDGE,1,Low current latency; Low CPU utilization; Medium computational task
315,Stable,83,19.0,34.0,9.0,EDGE,2,Low current latency; Low CPU utilization; Large computational task
316,Stable,78,18.0,36.0,5.0,EDGE,1,Low current latency; Low CPU utilization; Medium computational task
317,Stable,82,18.0,21.0,8.0,EDGE,2,Low current latency; Low CPU utilization; Large computational task
318,Stable,81,24.0,23.0,8.0,EDGE,2,Low current latency; Low CPU utilization; Large computational task
319,Stable,82,19.0,22.0,6.0,EDGE,1,Low current latency; Low CPU utilization; Medium computational task
320,Stable,84,20.0,22.0,3.0,EDGE,0,Low current latency; Low CPU utilization; Small computational task
321,Stable,79,23.0,32.0,10.0,EDGE,2,Low current latency; Low CPU utilization; Large computational task
322,Stable,83,22.0,34.0,9.0,EDGE,2,Low current latency; Low CPU utilization; Large computational task
323,Stable,84,24.0,23.0,2.0,EDGE,0,Low current latency; Low CPU utilization; Small computational task
324,Stable,85,21.0,33.0,8.0,EDGE,2,Low current latency; Low CPU utilization; Large computational task
325,Stable,78,24.0,30.0,8.0,EDGE,2,Low current latency; Low CPU utilization; Large computational task
326,Stable,81,24.0,23.0,6.0,EDGE,1,Low current latency; Low CPU utilization; Medium computational task
327,Stable,81,23.0,28.0,6.0,EDGE,1,Low current latency; Low CPU utilization; Medium computational task
328,Stable,77,25.0,22.0,2.0,EDGE,0,Low current latency; Low CPU utilization; Small computational task
329,Stable,76,19.0,33.0,2.0,EDGE,0,Low current latency; Low CPU utilization; Small computational task
330,Stable,80,20.0,37.0,1.0,EDGE,0,Low current latency; Low CPU utilization; Small computational task
331,Stable,84,23.0,23.0,7.0,EDGE,1,Low current latency; Low CPU utilization; Medium computational task
332,Stable,80,24.0,21.0,5.0,EDGE,1,Low current latency; Low CPU utilization; Medium computational task
333,Stable,84,22.0,31.0,2.0,EDGE,0,Low current latency; Low CPU utilization; Small computational task
334,Stable,84,21.0,24.0,8.0,EDGE,2,Low current latency; Low CPU utilization; Large computational task
335,Stable,78,19.0,31.0,9.0,EDGE,2,Low current latency; Low CPU utilization; Large computational task
336,Stable,80,19.0,28.0,10.0,EDGE,2,Low current latency; Low CPU utilization; Large computational task
337,Stable,78,24.0,37.0,10.0,EDGE,2,Low current latency; Low CPU utilization; Large computational task
338,Stable,84,18.0,39.0,5.0,EDGE,1,Low current latency; Low CPU utilization; Medium computational task
339,Stable,75,20.0,28.0,5.0,EDGE,1,Low current latency; Low CPU utilization; Medium computational task
340,Stable,80,23.0,20.0,3.0,EDGE,0,Low current latency; Low CPU utilization; Small computational task
341,Stable,77,24.0,22.0,3.0,EDGE,0,Low current latency; Low CPU utilization; Small computational task
342,Stable,85,18.0,22.0,9.0,EDGE,2,Low current latency; Low CPU utilization; Large computational task
343,Stable,78,24.0,33.0,8.0,EDGE,2,Low current latency; Low CPU utilization; Large computational task
344,Stable,80,20.0,31.0,5.0,EDGE,1,Low current latency; Low CPU utilization; Medium computational task
345,Stable,80,19.0,21.0,3.0,EDGE,0,Low current latency; Low CPU utilization; Small computational task
346,Stable,77,18.0,22.0,5.0,EDGE,1,Low current latency; Low CPU utilization; Medium computational task
347,Stable,82,24.0,35.0,10.0,EDGE,2,Low current latency; Low CPU utilization; Large computational task
348,Stable,82,24.0,28.0,4.0,EDGE,0,Low current latency; Low CPU utilization; Small computational task
349,Stable,83,19.0,31.0,7.0,EDGE,1,Low current latency; Low CPU utilization; Medium computational task
350,Stable,76,22.0,38.0,8.0,EDGE,2,Low current latency; Low CPU utilization; Large computational task
351,Stable,83,22.0,21.0,4.0,EDGE,0,Low current latency; Low CPU utilization; Small computational task
352,Stable,81,18.0,20.0,4.0,EDGE,0,Low current latency; Low CPU utilization; Small computational task
353,Stable,79,21.0,24.0,5.0,EDGE,1,Low current latency; Low CPU utilization; Medium computational task
354,Stable,79,23.0,23.0,1.0,EDGE,0,Low current latency; Low CPU utilization; Small computational task
355,Stable,82,24.0,25.0,3.0,EDGE,0,Low current latency; Low CPU utilization; Small computational task
356,Stable,81,21.0,36.0,9.0,EDGE,2,Low current latency; Low CPU utilization; Large computational task
357,Stable,85,23.0,22.0,7.0,EDGE,1,Low current latency; Low CPU utilization; Medium computational task
358,Stable,75,24.0,20.0,8.0,EDGE,2,Low current latency; Low CPU utilization; Large computational task
359,Stable,76,23.0,38.0,7.0,EDGE,1,Low current latency; Low CPU utilization; Medium computational task
360,Stable,84,24.0,40.0,7.0,EDGE,1,Low current latency; Low CPU utilization; Medium computational task
361,Stable,79,19.0,32.0,1.0,EDGE,0,Low current latency; Low CPU utilization; Small computational task
362,Stable,80,20.0,39.0,8.0,EDGE,2,Low current latency; Low CPU utilization; Large computational task
363,Stable,80,19.0,33.0,2.0,EDGE,0,Low current latency; Low CPU utilization; Small computational task
364,Stable,78,24.0,38.0,7.0,EDGE,1,Low current latency; Low CPU utilization; Medium computational task
365,Stable,83,19.0,32.0,5.0,EDGE,1,Low current latency; Low CPU utilization; Medium computational task
366,Stable,80,21.0,30.0,3.0,EDGE,0,Low current latency; Low CPU utilization; Small computational task
367,Stable,76,19.0,36.0,9.0,EDGE,2,Low current latency; Low CPU utilization; Large computational task
368,Stable,78,23.0,31.0,3.0,EDGE,0,Low current latency; Low CPU utilization; Small computational task
369,Stable,78,19.0,24.0,5.0,EDGE,1,Low current latency; Low CPU utilization; Medium computational task
370,Stable,78,20.0,39.0,3.0,EDGE,0,Low current latency; Low CPU utilization; Small computational task
371,Stable,85,19.0,25.0,8.0,EDGE,2,Low current latency; Low CPU utilization; Large computational task
372,Stable,82,25.0,38.0,10.0,EDGE,2,Low current latency; Low CPU utilization; Large computational task
373,Stable,80,23.0,24.0,8.0,EDGE,2,Low current latency; Low CPU utilization; Large computational task
374,Stable,76,25.0,34.0,5.0,EDGE,1,Low current latency; Low CPU utilization; Medium computational task
375,Stable,79,18.0,31.0,9.0,EDGE,2,Low current latency; Low CPU utilization; Large computational task
376,Stable,76,22.0,34.0,8.0,EDGE,2,Low current latency; Low CPU utilization; Large computational task
377,Stable,75,18.0,31.0,5.0,EDGE,1,Low current latency; Low CPU utilization; Medium computational task
378,Stable,76,19.0,39.0,10.0,EDGE,2,Low current latency; Low CPU utilization; Large computational task
379,Stable,83,24.0,34.0,10.0,EDGE,2,Low current latency; Low CPU utilization; Large computational task
380,Stable,83,18.0,34.0,10.0,EDGE,2,Low current latency; Low CPU utilization; Large computational task
381,Stable,85,21.0,30.0,10.0,EDGE,2,Low current latency; Low CPU utilization; Large computational task
382,Stable,82,20.0,21.0,8.0,EDGE,2,Low current latency; Low CPU utilization; Large computational task
383,Stable,76,23.0,22.0,9.0,EDGE,2,Low current latency; Low CPU utilization; Large computational task
384,Stable,85,20.0,21.0,4.0,EDGE,0,Low current latency; Low CPU utilization; Small computational task
385,Stable,82,25.0,36.0,9.0,EDGE,2,Low current latency; Low CPU utilization; Large computational task
386,Stable,84,20.0,31.0,6.0,EDGE,1,Low current latency; Low CPU utilization; Medium computational task
387,Stable,79,24.0,33.0,6.0,EDGE,1,Low current latency; Low CPU utilization; Medium computational task
388,Stable,85,18.0,40.0,6.0,EDGE,1,Low current latency; Low CPU utilization; Medium computational task
389,Stable,76,23.0,23.0,9.0,EDGE,2,Low current latency; Low CPU utilization; Large computational task
390,Stable,85,24.0,29.0,5.0,EDGE,1,Low current latency; Low CPU utilization; Medium computational task
391,Stable,85,20.0,30.0,2.0,EDGE,0,Low current latency; Low CPU utilization; Small computational task
392,Stable,84,20.0,31.0,5.0,EDGE,1,Low current latency; Low CPU utilization; Medium computational task
393,Stable,85,24.0,24.0,10.0,EDGE,2,Low current latency; Low CPU utilization; Large computational task
394,Stable,76,22.0,37.0,7.0,EDGE,1,Low current latency; Low CPU utilization; Medium computational task
395,Stable,85,23.0,24.0,9.0,EDGE,2,Low current latency; Low CPU utilization; Large computational task
396,Stable,76,24.0,36.0,6.0,EDGE,1,Low current latency; Low CPU utilization; Medium computational task
397,Stable,75,23.0,29.0,3.0,EDGE,0,Low current latency; Low CPU utilization; Small computational task
398,Stable,78,23.0,35.0,4.0,EDGE,0,Low current latency; Low CPU utilization; Small computational task
399,Stable,78,20.0,24.0,2.0,EDGE,0,Low current latency; Low CPU utilization; Small computational task
400,Stable,79,19.0,36.0,9.0,EDGE,2,Low current latency; Low CPU utilization; Large computational task
401,Stable,83,18.0,30.0,10.0,EDGE,2,Low current latency; Low CPU utilization; Large computational task
402,Stable,77,24.0,24.0,3.0,EDGE,0,Low current latency; Low CPU utilization; Small computational task
403,Stable,77,20.0,34.0,1.0,EDGE,0,Low current latency; Low CPU utilization; Small computational task
404,Stable,81,23.0,27.0,8.0,EDGE,2,Low current latency; Low CPU utilization; Large computational task
405,Stable,84,22.0,34.0,4.0,EDGE,0,Low current latency; Low CPU utilization; Small computational task
406,Stable,83,21.0,29.0,8.0,EDGE,2,Low current latency; Low CPU utilization; Large computational task
407,Stable,78,23.0,38.0,8.0,EDGE,2,Low current latency; Low CPU utilization; Large computational task
408,Stable,82,22.0,32.0,9.0,EDGE,2,Low current latency; Low CPU utilization; Large computational task
409,Stable,83,24.0,25.0,4.0,EDGE,0,Low current latency; Low CPU utilization; Small computational task
410,Stable,84,20.0,28.0,1.0,EDGE,0,Low current latency; Low CPU utilization; Small computational task
411,Stable,85,25.0,31.0,9.0,EDGE,2,Low current latency; Low CPU utilization; Large computational task
412,Stable,76,19.0,29.0,2.0,EDGE,0,Low current latency; Low CPU utilization; Small computational task
413,Stable,77,22.0,34.0,9.0,EDGE,2,Low current latency; Low CPU utilization; Large computational task
414,Stable,77,24.0,22.0,4.0,EDGE,0,Low current latency; Low CPU utilization; Small computational task
415,Stable,82,23.0,20.0,7.0,EDGE,1,Low current latency; Low CPU utilization; Medium computational task
416,Stable,75,24.0,36.0,6.0,EDGE,1,Low current latency; Low CPU utilization; Medium computational task
417,Stable,78,24.0,22.0,6.0,EDGE,1,Low current latency; Low CPU utilization; Medium computational task
418,Stable,78,18.0,30.0,2.0,EDGE,0,Low current latency; Low CPU utilization; Small computational task
419,Stable,85,23.0,24.0,3.0,EDGE,0,Low current latency; Low CPU utilization; Small computational task
420,Stable,75,22.0,35.0,3.0,EDGE,0,Low current latency; Low CPU utilization; Small computational task
421,Stable,82,25.0,39.0,1.0,EDGE,0,Low current latency; Low CPU utilization; Small computational task
422,Stable,76,18.0,28.0,4.0,EDGE,0,Low current latency; Low CPU utilization; Small computational task
423,Stable,77,24.0,23.0,5.0,EDGE,1,Low current latency; Low CPU utilization; Medium computational task
424,Stable,78,22.0,23.0,1.0,EDGE,0,Low current latency; Low CPU utilization; Small computational task
425,Stable,78,24.0,40.0,10.0,EDGE,2,Low current latency; Low CPU utilization; Large computational task
426,Stable,82,19.0,23.0,8.0,EDGE,2,Low current latency; Low CPU utilization; Large computational task
427,Stable,84,18.0,40.0,9.0,EDGE,2,Low current latency; Low CPU utilization; Large computational task
428,Stable,84,21.0,24.0,5.0,EDGE,1,Low current latency; Low CPU utilization; Medium computational task
429,Stable,81,18.0,39.0,6.0,EDGE,1,Low current latency; Low CPU utilization; Medium computational task
430,Stable,78,24.0,25.0,2.0,EDGE,0,Low current latency; Low CPU utilization; Small computational task
431,Stable,83,23.0,22.0,9.0,EDGE,2,Low current latency; Low CPU utilization; Large computational task
432,Stable,83,18.0,32.0,8.0,EDGE,2,Low current latency; Low CPU utilization; Large computational task
433,Stable,75,24.0,31.0,5.0,EDGE,1,Low current latency; Low CPU utilization; Medium computational task
434,Stable,75,23.0,22.0,6.0,EDGE,1,Low current latency; Low CPU utilization; Medium computational task
435,Stable,78,19.0,38.0,6.0,EDGE,1,Low current latency; Low CPU utilization; Medium computational task
436,Stable,77,18.0,31.0,9.0,EDGE,2,Low current latency; Low CPU utilization; Large computational task
437,Stable,80,20.0,34.0,8.0,EDGE,2,Low current latency; Low CPU utilization; Large computational task
438,Stable,85,20.0,24.0,2.0,EDGE,0,Low current latency; Low CPU utilization; Small computational task
439,Stable,82,18.0,29.0,4.0,EDGE,0,Low current latency; Low CPU utilization; Small computational task
440,Stable,75,21.0,21.0,6.0,EDGE,1,Low current latency; Low CPU utilization; Medium computational task
441,Stable,79,24.0,37.0,8.0,EDGE,2,Low current latency; Low CPU utilization; Large computational task
442,Stable,79,18.0,40.0,4.0,EDGE,0,Low current latency; Low CPU utilization; Small computational task
443,Stable,79,23.0,21.0,6.0,EDGE,1,Low current latency; Low CPU utilization; Medium computational task
444,Stable,79,19.0,31.0,7.0,EDGE,1,Low current latency; Low CPU utilization; Medium computational task
445,Stable,81,25.0,32.0,6.0,EDGE,1,Low current latency; Low CPU utilization; Medium computational task
446,Stable,77,25.0,35.0,6.0,EDGE,1,Low current latency; Low CPU utilization; Medium computational task
447,Stable,83,22.0,22.0,7.0,EDGE,1,Low current latency; Low CPU utilization; Medium computational task
448,Stable,76,24.0,39.0,3.0,EDGE,0,Low current latency; Low CPU utilization; Small computational task
449,Stable,83,22.0,30.0,2.0,EDGE,0,Low current latency; Low CPU utilization; Small computational task
450,Stable,76,23.0,29.0,5.0,EDGE,1,Low current latency; Low CPU utilization; Medium computational task
451,Stable,82,24.0,25.0,8.0,EDGE,2,Low current latency; Low CPU utilization; Large computational task
452,Stable,80,25.0,21.0,6.0,EDGE,1,Low current latency; Low CPU utilization; Medium computational task
453,Stable,84,24.0,28.0,1.0,EDGE,0,Low current latency; Low CPU utilization; Small computational task
454,Stable,76,24.0,31.0,9.0,EDGE,2,Low current latency; Low CPU utilization; Large computational task
455,Stable,85,20.0,20.0,3.0,EDGE,0,Low current latency; Low CPU utilization; Small computational task
456,Stable,84,25.0,21.0,3.0,EDGE,0,Low current latency; Low CPU utilization; Small computational task
457,Stable,76,21.0,40.0,6.0,EDGE,1,Low current latency; Low CPU utilization; Medium computational task
458,Stable,80,24.0,38.0,1.0,EDGE,0,Low current latency; Low CPU utilization; Small computational task
459,Stable,84,20.0,34.0,6.0,EDGE,1,Low current latency; Low CPU utilization; Medium computational task
460,Stable,80,25.0,22.0,10.0,EDGE,2,Low current latency; Low CPU utilization; Large computational task
461,Stable,77,23.0,32.0,6.0,EDGE,1,Low current latency; Low CPU utilization; Medium computational task
462,Stable,85,22.0,27.0,2.0,EDGE,0,Low current latency; Low CPU utilization; Small computational task
463,Stable,75,20.0,35.0,9.0,EDGE,2,Low current latency; Low CPU utilization; Large computational task
464,Stable,81,19.0,28.0,5.0,EDGE,1,Low current latency; Low CPU utilization; Medium computational task
465,Stable,82,21.0,39.0,5.0,EDGE,1,Low current latency; Low CPU utilization; Medium computational task
466,Stable,82,21.0,23.0,3.0,EDGE,0,Low current latency; Low CPU utilization; Small computational task
467,Stable,76,25.0,25.0,8.0,EDGE,2,Low current latency; Low CPU utilization; Large computational task
468,Stable,76,23.0,31.0,2.0,EDGE,0,Low current latency; Low CPU utilization; Small computational task
469,Stable,83,22.0,29.0,3.0,EDGE,0,Low current latency; Low CPU utilization; Small computational task
470,Stable,85,20.0,31.0,9.0,EDGE,2,Low current latency; Low CPU utilization; Large computational task
471,Stable,78,19.0,26.0,3.0,EDGE,0,Low current latency; Low CPU utilization; Small computational task
472,Stable,78,25.0,20.0,6.0,EDGE,1,Low current latency; Low CPU utilization; Medium computational task
473,Stable,83,23.0,34.0,9.0,EDGE,2,Low current latency; Low CPU utilization; Large computational task
474,Stable,77,19.0,22.0,5.0,EDGE,1,Low current latency; Low CPU utilization; Medium computational task
475,Stable,81,25.0,36.0,7.0,EDGE,1,Low current latency; Low CPU utilization; Medium computational task
476,Stable,81,19.0,24.0,6.0,EDGE,1,Low current latency; Low CPU utilization; Medium computational task
477,Stable,85,19.0,34.0,8.0,EDGE,2,Low current latency; Low CPU utilization; Large computational task
478,Stable,85,23.0,24.0,9.0,EDGE,2,Low current latency; Low CPU utilization; Large computational task
479,Stable,85,20.0,24.0,7.0,EDGE,1,Low current latency; Low CPU utilization; Medium computational task
480,Stable,83,18.0,23.0,9.0,EDGE,2,Low current latency; Low CPU utilization; Large computational task
481,Stable,77,22.0,25.0,3.0,EDGE,0,Low current latency; Low CPU utilization; Small computational task
482,Stable,80,21.0,31.0,9.0,EDGE,2,Low current latency; Low CPU utilization; Large computational task
483,Stable,79,19.0,28.0,4.0,EDGE,0,Low current latency; Low CPU utilization; Small computational task
484,Stable,85,22.0,24.0,5.0,EDGE,1,Low current latency; Low CPU utilization; Medium computational task
485,Stable,84,19.0,36.0,3.0,EDGE,0,Low current latency; Low CPU utilization; Small computational task
486,Stable,84,20.0,25.0,10.0,EDGE,2,Low current latency; Low CPU utilization; Large computational task
487,Stable,84,23.0,38.0,1.0,EDGE,0,Low current latency; Low CPU utilization; Small computational task
488,Stable,75,19.0,21.0,10.0,EDGE,2,Low current latency; Low CPU utilization; Large computational task
489,Stable,79,21.0,38.0,7.0,EDGE,1,Low current latency; Low CPU utilization; Medium computational task
490,Stable,84,18.0,35.0,9.0,EDGE,2,Low current latency; Low CPU utilization; Large computational task
491,Stable,79,22.0,35.0,4.0,EDGE,0,Low current latency; Low CPU utilization; Small computational task
492,Stable,85,24.0,29.0,8.0,EDGE,2,Low current latency; Low CPU utilization; Large computational task
493,Stable,76,18.0,25.0,8.0,EDGE,2,Low current latency; Low CPU utilization; Large computational task
494,Stable,81,25.0,34.0,4.0,EDGE,0,Low current latency; Low CPU utilization; Small computational task
495,Stable,80,20.0,30.0,6.0,EDGE,1,Low current latency; Low CPU utilization; Medium computational task
496,Stable,80,24.0,24.0,6.0,EDGE,1,Low current latency; Low CPU utilization; Medium computational task
497,Stable,83,19.0,30.0,4.0,EDGE,0,Low current latency; Low CPU utilization; Small computational task
498,Stable,82,19.0,28.0,8.0,EDGE,2,Low current latency; Low CPU utilization; Large computational task
499,Stable,78,20.0,23.0,1.0,EDGE,0,Low current latency; Low CPU utilization; Small computational task
500,Stable,79,24.0,39.0,7.0,EDGE,1,Low current latency; Low CPU utilization; Medium computational task
501,Stable,78,20.0,30.0,10.0,EDGE,2,Low current latency; Low CPU utilization; Large computational task
502,Stable,80,21.0,25.0,8.0,EDGE,2,Low current latency; Low CPU utilization; Large computational task
503,Stable,83,25.0,35.0,5.0,EDGE,1,Low current latency; Low CPU utilization; Medium computational task
504,Stable,82,18.0,22.0,7.0,EDGE,1,Low current latency; Low CPU utilization; Medium computational task
505,Stable,83,25.0,27.0,4.0,EDGE,0,Low current latency; Low CPU utilization; Small computational task
506,Stable,84,23.0,21.0,1.0,EDGE,0,Low current latency; Low CPU utilization; Small computational task
507,Stable,79,25.0,39.0,8.0,EDGE,2,Low current latency; Low CPU utilization; Large computational task
508,Stable,79,18.0,23.0,7.0,EDGE,1,Low current latency; Low CPU utilization; Medium computational task
509,Stable,77,22.0,31.0,7.0,EDGE,1,Low current latency; Low CPU utilization; Medium computational task
510,Stable,80,18.0,32.0,1.0,EDGE,0,Low current latency; Low CPU utilization; Small computational task
511,Stable,84,21.0,31.0,9.0,EDGE,2,Low current latency; Low CPU utilization; Large computational task
512,Stable,79,19.0,32.0,9.0,EDGE,2,Low current latency; Low CPU utilization; Large computational task
513,Stable,82,22.0,39.0,10.0,EDGE,2,Low current latency; Low CPU utilization; Large computational task
514,Stable,76,20.0,23.0,7.0,EDGE,1,Low current latency; Low CPU utilization; Medium computational task
515,Stable,80,23.0,37.0,6.0,EDGE,1,Low current latency; Low CPU utilization; Medium computational task
516,Stable,77,21.0,39.0,9.0,EDGE,2,Low current latency; Low CPU utilization; Large computational task
517,Stable,81,18.0,21.0,1.0,EDGE,0,Low current latency; Low CPU utilization; Small computational task
518,Stable,77,23.0,35.0,9.0,EDGE,2,Low current latency; Low CPU utilization; Large computational task
519,Stable,82,20.0,39.0,9.0,EDGE,2,Low current latency; Low CPU utilization; Large computational task
520,Stable,77,23.0,39.0,6.0,EDGE,1,Low current latency; Low CPU utilization; Medium computational task
521,Stable,77,24.0,39.0,5.0,EDGE,1,Low current latency; Low CPU utilization; Medium computational task
522,Stable,84,23.0,36.0,9.0,EDGE,2,Low current latency; Low CPU utilization; Large computational task
523,Stable,83,25.0,38.0,5.0,EDGE,1,Low current latency; Low CPU utilization; Medium computational task
524,Stable,82,18.0,31.0,6.0,EDGE,1,Low current latency; Low CPU utilization; Medium computational task
525,Stable,85,19.0,33.0,10.0,EDGE,2,Low current latency; Low CPU utilization; Large computational task
526,Stable,79,18.0,39.0,8.0,EDGE,2,Low current latency; Low CPU utilization; Large computational task
527,Stable,79,21.0,21.0,10.0,EDGE,2,Low current latency; Low CPU utilization; Large computational task
528,Stable,82,20.0,36.0,10.0,EDGE,2,Low current latency; Low CPU utilization; Large computational task
529,Stable,81,20.0,27.0,1.0,EDGE,0,Low current latency; Low CPU utilization; Small computational task
530,Stable,84,19.0,26.0,1.0,EDGE,0,Low current latency; Low CPU utilization; Small computational task
531,Stable,82,23.0,33.0,3.0,EDGE,0,Low current latency; Low CPU utilization; Small computational task
532,Stable,81,21.0,33.0,9.0,EDGE,2,Low current latency; Low CPU utilization; Large computational task
533,Stable,84,25.0,21.0,3.0,EDGE,0,Low current latency; Low CPU utilization; Small computational task
534,Stable,83,21.0,37.0,6.0,EDGE,1,Low current latency; Low CPU utilization; Medium computational task
535,Stable,85,25.0,36.0,7.0,EDGE,1,Low current latency; Low CPU utilization; Medium computational task
536,Stable,80,20.0,34.0,9.0,EDGE,2,Low current latency; Low CPU utilization; Large computational task
537,Stable,80,23.0,40.0,5.0,EDGE,1,Low current latency; Low CPU utilization; Medium computational task
538,Stable,84,25.0,26.0,4.0,EDGE,0,Low current latency; Low CPU utilization; Small computational task
539,Stable,79,22.0,27.0,5.0,EDGE,1,Low current latency; Low CPU utilization; Medium computational task
540,Stable,79,21.0,35.0,6.0,EDGE,1,Low current latency; Low CPU utilization; Medium computational task
541,Stable,82,23.0,37.0,5.0,EDGE,1,Low current latency; Low CPU utilization; Medium computational task
542,Stable,79,19.0,38.0,9.0,EDGE,2,Low current latency; Low CPU utilization; Large computational task
543,Stable,81,24.0,31.0,3.0,EDGE,0,Low current latency; Low CPU utilization; Small computational task
544,Stable,79,18.0,29.0,2.0,EDGE,0,Low current latency; Low CPU utilization; Small computational task
545,Stable,80,25.0,40.0,5.0,EDGE,1,Low current latency; Low CPU utilization; Medium computational task
546,Stable,82,21.0,26.0,9.0,EDGE,2,Low current latency; Low CPU utilization; Large computational task
547,Stable,79,22.0,24.0,2.0,EDGE,0,Low current latency; Low CPU utilization; Small computational task
548,Stable,84,21.0,27.0,1.0,EDGE,0,Low current latency; Low CPU utilization; Small computational task
549,Stable,85,21.0,40.0,4.0,EDGE,0,Low current latency; Low CPU utilization; Small computational task
550,Stable,75,19.0,33.0,6.0,EDGE,1,Low current latency; Low CPU utilization; Medium computational task
551,Stable,82,19.0,24.0,1.0,EDGE,0,Low current latency; Low CPU utilization; Small computational task
552,Stable,83,20.0,33.0,8.0,EDGE,2,Low current latency; Low CPU utilization; Large computational task
553,Stable,82,21.0,29.0,6.0,EDGE,1,Low current latency; Low CPU utilization; Medium computational task
554,Stable,79,18.0,22.0,10.0,EDGE,2,Low current latency; Low CPU utilization; Large computational task
555,Stable,78,18.0,25.0,7.0,EDGE,1,Low current latency; Low CPU utilization; Medium computational task
556,Stable,77,18.0,32.0,8.0,EDGE,2,Low current latency; Low CPU utilization; Large computational task
557,Stable,77,22.0,21.0,1.0,EDGE,0,Low current latency; Low CPU utilization; Small computational task
558,Stable,79,19.0,30.0,5.0,EDGE,1,Low current latency; Low CPU utilization; Medium computational task
559,Stable,82,25.0,24.0,9.0,EDGE,2,Low current latency; Low CPU utilization; Large computational task
560,Stable,82,22.0,26.0,2.0,EDGE,0,Low current latency; Low CPU utilization; Small computational task
561,Stable,80,20.0,34.0,5.0,EDGE,1,Low current latency; Low CPU utilization; Medium computational task
562,Stable,77,18.0,30.0,5.0,EDGE,1,Low current latency; Low CPU utilization; Medium computational task
563,Stable,84,21.0,25.0,10.0,EDGE,2,Low current latency; Low CPU utilization; Large computational task
564,Stable,85,24.0,33.0,9.0,EDGE,2,Low current latency; Low CPU utilization; Large computational task
565,Stable,80,19.0,32.0,2.0,EDGE,0,Low current latency; Low CPU utilization; Small computational task
566,Stable,77,20.0,35.0,6.0,EDGE,1,Low current latency; Low CPU utilization; Medium computational task
567,Stable,78,18.0,28.0,7.0,EDGE,1,Low current latency; Low CPU utilization; Medium computational task
568,Stable,78,25.0,28.0,6.0,EDGE,1,Low current latency; Low CPU utilization; Medium computational task
569,Stable,79,18.0,28.0,6.0,EDGE,1,Low current latency; Low CPU utilization; Medium computational task
570,Stable,78,18.0,23.0,8.0,EDGE,2,Low current latency; Low CPU utilization; Large computational task
571,Stable,79,20.0,32.0,9.0,EDGE,2,Low current latency; Low CPU utilization; Large computational task
572,Stable,79,19.0,40.0,5.0,EDGE,1,Low current latency; Low CPU utilization; Medium computational task
573,Stable,80,21.0,27.0,3.0,EDGE,0,Low current latency; Low CPU utilization; Small computational task
574,Stable,82,20.0,34.0,10.0,EDGE,2,Low current latency; Low CPU utilization; Large computational task
575,Stable,80,24.0,37.0,8.0,EDGE,2,Low current latency; Low CPU utilization; Large computational task
576,Stable,83,21.0,27.0,10.0,EDGE,2,Low current latency; Low CPU utilization; Large computational task
577,Stable,76,25.0,36.0,6.0,EDGE,1,Low current latency; Low CPU utilization; Medium computational task
578,Stable,76,19.0,21.0,9.0,EDGE,2,Low current latency; Low CPU utilization; Large computational task
579,Stable,83,21.0,38.0,9.0,EDGE,2,Low current latency; Low CPU utilization; Large computational task
580,Stable,77,20.0,30.0,9.0,EDGE,2,Low current latency; Low CPU utilization; Large computational task
581,Stable,82,19.0,26.0,10.0,EDGE,2,Low current latency; Low CPU utilization; Large computational task
582,Stable,82,19.0,36.0,8.0,EDGE,2,Low current latency; Low CPU utilization; Large computational task
583,Stable,75,25.0,24.0,9.0,EDGE,2,Low current latency; Low CPU utilization; Large computational task
584,Stable,81,25.0,38.0,1.0,EDGE,0,Low current latency; Low CPU utilization; Small computational task
585,Stable,83,25.0,29.0,1.0,EDGE,0,Low current latency; Low CPU utilization; Small computational task
586,Stable,81,22.0,20.0,4.0,EDGE,0,Low current latency; Low CPU utilization; Small computational task
587,Stable,84,19.0,21.0,7.0,EDGE,1,Low current latency; Low CPU utilization; Medium computational task
588,Stable,80,19.0,37.0,1.0,EDGE,0,Low current latency; Low CPU utilization; Small computational task
589,Stable,76,25.0,21.0,5.0,EDGE,1,Low current latency; Low CPU utilization; Medium computational task
590,Stable,81,20.0,24.0,7.0,EDGE,1,Low current latency; Low CPU utilization; Medium computational task
591,Stable,80,24.0,34.0,7.0,EDGE,1,Low current latency; Low CPU utilization; Medium computational task
592,Stable,81,19.0,37.0,3.0,EDGE,0,Low current latency; Low CPU utilization; Small computational task
593,Stable,85,23.0,23.0,3.0,EDGE,0,Low current latency; Low CPU utilization; Small computational task
594,Stable,83,24.0,36.0,3.0,EDGE,0,Low current latency; Low CPU utilization; Small computational task
595,Stable,78,18.0,20.0,5.0,EDGE,1,Low current latency; Low CPU utilization; Medium computational task
596,Stable,82,24.0,37.0,7.0,EDGE,1,Low current latency; Low CPU utilization; Medium computational task
597,Stable,78,21.0,34.0,6.0,EDGE,1,Low current latency; Low CPU utilization; Medium computational task
598,Stable,77,22.0,26.0,2.0,EDGE,0,Low current latency; Low CPU utilization; Small computational task
599,Stable,75,24.0,39.0,1.0,EDGE,0,Low current latency; Low CPU utilization; Small computational task
600,Stable,78,21.0,22.0,2.0,EDGE,0,Low current latency; Low CPU utilization; Small computational task
601,Stable,84,18.0,34.0,10.0,EDGE,2,Low current latency; Low CPU utilization; Large computational task
602,Stable,85,18.0,27.0,1.0,EDGE,0,Low current latency; Low CPU utilization; Small computational task
603,Stable,81,25.0,27.0,9.0,EDGE,2,Low current latency; Low CPU utilization; Large computational task
604,Stable,78,18.0,24.0,9.0,EDGE,2,Low current latency; Low CPU utilization; Large computational task
605,Stable,79,21.0,38.0,6.0,EDGE,1,Low current latency; Low CPU utilization; Medium computational task
606,Stable,84,23.0,27.0,5.0,EDGE,1,Low current latency; Low CPU utilization; Medium computational task
607,Stable,77,21.0,33.0,5.0,EDGE,1,Low current latency; Low CPU utilization; Medium computational task
608,Stable,79,18.0,37.0,10.0,EDGE,2,Low current latency; Low CPU utilization; Large computational task
609,Stable,77,24.0,37.0,8.0,EDGE,2,Low current latency; Low CPU utilization; Large computational task
610,Stable,75,23.0,40.0,7.0,EDGE,1,Low current latency; Low CPU utilization; Medium computational task
611,Stable,83,23.0,33.0,7.0,EDGE,1,Low current latency; Low CPU utilization; Medium computational task
612,Stable,77,22.0,32.0,3.0,EDGE,0,Low current latency; Low CPU utilization; Small computational task
613,Stable,83,25.0,27.0,4.0,EDGE,0,Low current latency; Low CPU utilization; Small computational task
614,Stable,79,20.0,34.0,1.0,EDGE,0,Low current latency; Low CPU utilization; Small computational task
615,Stable,83,24.0,33.0,9.0,EDGE,2,Low current latency; Low CPU utilization; Large computational task
616,Stable,83,20.0,32.0,4.0,EDGE,0,Low current latency; Low CPU utilization; Small computational task
617,Stable,79,21.0,30.0,2.0,EDGE,0,Low current latency; Low CPU utilization; Small computational task
618,Stable,82,23.0,22.0,9.0,EDGE,2,Low current latency; Low CPU utilization; Large computational task
619,Stable,78,18.0,28.0,7.0,EDGE,1,Low current latency; Low CPU utilization; Medium computational task
620,Stable,85,18.0,22.0,4.0,EDGE,0,Low current latency; Low CPU utilization; Small computational task
621,Stable,84,21.0,35.0,4.0,EDGE,0,Low current latency; Low CPU utilization; Small computational task
622,Stable,80,22.0,20.0,4.0,EDGE,0,Low current latency; Low CPU utilization; Small computational task
623,Stable,78,19.0,35.0,4.0,EDGE,0,Low current latency; Low CPU utilization; Small computational task
624,Stable,84,21.0,32.0,4.0,EDGE,0,Low current latency; Low CPU utilization; Small computational task
625,Stable,83,23.0,29.0,7.0,EDGE,1,Low current latency; Low CPU utilization; Medium computational task
626,Stable,82,23.0,29.0,5.0,EDGE,1,Low current latency; Low CPU utilization; Medium computational task
627,Stable,80,25.0,34.0,2.0,EDGE,0,Low current latency; Low CPU utilization; Small computational task
628,Stable,82,23.0,26.0,6.0,EDGE,1,Low current latency; Low CPU utilization; Medium computational task
629,Stable,80,24.0,21.0,10.0,EDGE,2,Low current latency; Low CPU utilization; Large computational task
630,Stable,78,20.0,20.0,5.0,EDGE,1,Low current latency; Low CPU utilization; Medium computational task
631,Stable,83,24.0,29.0,3.0,EDGE,0,Low current latency; Low CPU utilization; Small computational task
632,Stable,78,23.0,27.0,7.0,EDGE,1,Low current latency; Low CPU utilization; Medium computational task
633,Stable,84,21.0,35.0,9.0,EDGE,2,Low current latency; Low CPU utilization; Large computational task
634,Stable,85,23.0,28.0,8.0,EDGE,2,Low current latency; Low CPU utilization; Large computational task
635,Stable,85,25.0,34.0,3.0,EDGE,0,Low current latency; Low CPU utilization; Small computational task
636,Stable,80,20.0,24.0,9.0,EDGE,2,Low current latency; Low CPU utilization; Large computational task
637,Stable,82,20.0,37.0,1.0,EDGE,0,Low current latency; Low CPU utilization; Small computational task
638,Stable,83,18.0,22.0,1.0,EDGE,0,Low current latency; Low CPU utilization; Small computational task
639,Stable,75,24.0,24.0,4.0,EDGE,0,Low current latency; Low CPU utilization; Small computational task
640,Stable,76,20.0,20.0,4.0,EDGE,0,Low current latency; Low CPU utilization; Small computational task
641,Stable,83,25.0,31.0,1.0,EDGE,0,Low current latency; Low CPU utilization; Small computational task
642,Stable,84,25.0,35.0,1.0,EDGE,0,Low current latency; Low CPU utilization; Small computational task
643,Stable,75,24.0,20.0,1.0,EDGE,0,Low current latency; Low CPU utilization; Small computational task
644,Stable,83,22.0,37.0,5.0,EDGE,1,Low current latency; Low CPU utilization; Medium computational task
645,Stable,75,24.0,25.0,2.0,EDGE,0,Low current latency; Low CPU utilization; Small computational task
646,Stable,76,20.0,27.0,4.0,EDGE,0,Low current latency; Low CPU utilization; Small computational task
647,Stable,84,22.0,31.0,5.0,EDGE,1,Low current latency; Low CPU utilization; Medium computational task
648,Stable,81,19.0,31.0,7.0,EDGE,1,Low current latency; Low CPU utilization; Medium computational task
649,Stable,82,21.0,27.0,5.0,EDGE,1,Low current latency; Low CPU utilization; Medium computational task
650,Stable,85,19.0,40.0,1.0,EDGE,0,Low current latency; Low CPU utilization; Small computational task
651,Stable,76,24.0,32.0,7.0,EDGE,1,Low current latency; Low CPU utilization; Medium computational task
652,Stable,83,25.0,21.0,1.0,EDGE,0,Low current latency; Low CPU utilization; Small computational task
653,Stable,77,19.0,35.0,7.0,EDGE,1,Low current latency; Low CPU utilization; Medium computational task
654,Stable,85,23.0,38.0,2.0,EDGE,0,Low current latency; Low CPU utilization; Small computational task
655,Stable,83,18.0,27.0,4.0,EDGE,0,Low current latency; Low CPU utilization; Small computational task
656,Stable,84,25.0,28.0,1.0,EDGE,0,Low current latency; Low CPU utilization; Small computational task
657,Stable,76,22.0,37.0,10.0,EDGE,2,Low current latency; Low CPU utilization; Large computational task
658,Stable,85,18.0,25.0,6.0,EDGE,1,Low current latency; Low CPU utilization; Medium computational task
659,Stable,75,21.0,38.0,3.0,EDGE,0,Low current latency; Low CPU utilization; Small computational task
660,Stable,81,19.0,29.0,3.0,EDGE,0,Low current latency; Low CPU utilization; Small computational task
661,Stable,84,21.0,38.0,7.0,EDGE,1,Low current latency; Low CPU utilization; Medium computational task
662,Stable,85,23.0,32.0,3.0,EDGE,0,Low current latency; Low CPU utilization; Small computational task
663,Stable,76,23.0,21.0,2.0,EDGE,0,Low current latency; Low CPU utilization; Small computational task
664,Stable,81,21.0,22.0,6.0,EDGE,1,Low current latency; Low CPU utilization; Medium computational task
665,Stable,84,24.0,30.0,1.0,EDGE,0,Low current latency; Low CPU utilization; Small computational task
666,Stable,85,22.0,34.0,8.0,EDGE,2,Low current latency; Low CPU utilization; Large computational task
667,Stable,78,23.0,37.0,7.0,EDGE,1,Low current latency; Low CPU utilization; Medium computational task
668,Stable,81,20.0,38.0,7.0,EDGE,1,Low current latency; Low CPU utilization; Medium computational task
669,Stable,76,22.0,27.0,2.0,EDGE,0,Low current latency; Low CPU utilization; Small computational task
670,Stable,76,22.0,24.0,7.0,EDGE,1,Low current latency; Low CPU utilization; Medium computational task
671,Stable,85,20.0,32.0,6.0,EDGE,1,Low current latency; Low CPU utilization; Medium computational task
672,Stable,80,19.0,22.0,1.0,EDGE,0,Low current latency; Low CPU utilization; Small computational task
673,Stable,79,25.0,31.0,5.0,EDGE,1,Low current latency; Low CPU utilization; Medium computational task
674,Stable,76,20.0,22.0,3.0,EDGE,0,Low current latency; Low CPU utilization; Small computational task
675,Stable,81,25.0,37.0,9.0,EDGE,2,Low current latency; Low CPU utilization; Large computational task
676,Stable,83,24.0,23.0,1.0,EDGE,0,Low current latency; Low CPU utilization; Small computational task
677,Stable,76,23.0,37.0,2.0,EDGE,0,Low current latency; Low CPU utilization; Small computational task
678,Stable,84,23.0,32.0,1.0,EDGE,0,Low current latency; Low CPU utilization; Small computational task
679,Stable,79,24.0,32.0,2.0,EDGE,0,Low current latency; Low CPU utilization; Small computational task
680,Stable,83,21.0,38.0,9.0,EDGE,2,Low current latency; Low CPU utilization; Large computational task
681,Stable,77,24.0,25.0,3.0,EDGE,0,Low current latency; Low CPU utilization; Small computational task
682,Stable,79,22.0,28.0,8.0,EDGE,2,Low current latency; Low CPU utilization; Large computational task
683,Stable,77,19.0,25.0,7.0,EDGE,1,Low current latency; Low CPU utilization; Medium computational task
684,Stable,79,24.0,29.0,8.0,EDGE,2,Low current latency; Low CPU utilization; Large computational task
685,Stable,76,23.0,28.0,4.0,EDGE,0,Low current latency; Low CPU utilization; Small computational task
686,Stable,85,25.0,39.0,10.0,EDGE,2,Low current latency; Low CPU utilization; Large computational task
687,Stable,78,25.0,23.0,3.0,EDGE,0,Low current latency; Low CPU utilization; Small computational task
688,Stable,79,18.0,32.0,6.0,EDGE,1,Low current latency; Low CPU utilization; Medium computational task
689,Stable,84,24.0,30.0,8.0,EDGE,2,Low current latency; Low CPU utilization; Large computational task
690,Stable,80,24.0,40.0,10.0,EDGE,2,Low current latency; Low CPU utilization; Large computational task
691,Stable,77,22.0,30.0,10.0,EDGE,2,Low current latency; Low CPU utilization; Large computational task
692,Stable,78,25.0,30.0,3.0,EDGE,0,Low current latency; Low CPU utilization; Small computational task
693,Stable,81,23.0,29.0,8.0,EDGE,2,Low current latency; Low CPU utilization; Large computational task
694,Stable,84,21.0,30.0,7.0,EDGE,1,Low current latency; Low CPU utilization; Medium computational task
695,Stable,79,24.0,31.0,2.0,EDGE,0,Low current latency; Low CPU utilization; Small computational task
696,Stable,84,21.0,38.0,9.0,EDGE,2,Low current latency; Low CPU utilization; Large computational task
697,Stable,77,18.0,34.0,4.0,EDGE,0,Low current latency; Low CPU utilization; Small computational task
698,Stable,82,22.0,22.0,7.0,EDGE,1,Low current latency; Low CPU utilization; Medium computational task
699,Stable,85,25.0,24.0,5.0,EDGE,1,Low current latency; Low CPU utilization; Medium computational task
700,Stable,78,22.0,24.0,7.0,EDGE,1,Low current latency; Low CPU utilization; Medium computational task
701,Stable,81,19.0,34.0,10.0,EDGE,2,Low current latency; Low CPU utilization; Large computational task
702,Stable,82,24.0,37.0,9.0,EDGE,2,Low current latency; Low CPU utilization; Large computational task
703,Stable,81,18.0,31.0,9.0,EDGE,2,Low current latency; Low CPU utilization; Large computational task
704,Stable,84,19.0,23.0,4.0,EDGE,0,Low current latency; Low CPU utilization; Small computational task
705,Stable,85,23.0,25.0,10.0,EDGE,2,Low current latency; Low CPU utilization; Large computational task
706,Stable,75,24.0,30.0,7.0,EDGE,1,Low current latency; Low CPU utilization; Medium computational task
707,Stable,76,18.0,23.0,5.0,EDGE,1,Low current latency; Low CPU utilization; Medium computational task
708,Stable,78,21.0,34.0,6.0,EDGE,1,Low current latency; Low CPU utilization; Medium computational task
709,Stable,81,25.0,38.0,9.0,EDGE,2,Low current latency; Low CPU utilization; Large computational task
710,Stable,77,23.0,20.0,8.0,EDGE,2,Low current latency; Low CPU utilization; Large computational task
711,Stable,76,22.0,33.0,2.0,EDGE,0,Low current latency; Low CPU utilization; Small computational task
712,Stable,76,20.0,31.0,5.0,EDGE,1,Low current latency; Low CPU utilization; Medium computational task
713,Stable,80,25.0,26.0,9.0,EDGE,2,Low current latency; Low CPU utilization; Large computational task
714,Stable,82,23.0,35.0,2.0,EDGE,0,Low current latency; Low CPU utilization; Small computational task
715,Stable,82,25.0,30.0,2.0,EDGE,0,Low current latency; Low CPU utilization; Small computational task
716,Stable,79,18.0,23.0,1.0,EDGE,0,Low current latency; Low CPU utilization; Small computational task
717,Stable,80,19.0,25.0,4.0,EDGE,0,Low current latency; Low CPU utilization; Small computational task
718,Stable,83,20.0,37.0,3.0,EDGE,0,Low current latency; Low CPU utilization; Small computational task
719,Stable,80,24.0,34.0,4.0,EDGE,0,Low current latency; Low CPU utilization; Small computational task
720,Stable,81,20.0,25.0,7.0,EDGE,1,Low current latency; Low CPU utilization; Medium computational task
721,Stable,81,18.0,39.0,4.0,EDGE,0,Low current latency; Low CPU utilization; Small computational task
722,Stable,82,24.0,32.0,1.0,EDGE,0,Low current latency; Low CPU utilization; Small computational task
723,Stable,78,21.0,28.0,2.0,EDGE,0,Low current latency; Low CPU utilization; Small computational task
724,Stable,84,19.0,37.0,3.0,EDGE,0,Low current latency; Low CPU utilization; Small computational task
725,Stable,80,23.0,26.0,8.0,EDGE,2,Low current latency; Low CPU utilization; Large computational task
726,Stable,76,22.0,35.0,9.0,EDGE,2,Low current latency; Low CPU utilization; Large computational task
727,Stable,85,23.0,39.0,7.0,EDGE,1,Low current latency; Low CPU utilization; Medium computational task
728,Stable,84,24.0,38.0,2.0,EDGE,0,Low current latency; Low CPU utilization; Small computational task
729,Stable,80,23.0,34.0,10.0,EDGE,2,Low current latency; Low CPU utilization; Large computational task
730,Stable,77,22.0,39.0,10.0,EDGE,2,Low current latency; Low CPU utilization; Large computational task
731,Stable,76,20.0,30.0,2.0,EDGE,0,Low current latency; Low CPU utilization; Small computational task
732,Stable,78,22.0,23.0,3.0,EDGE,0,Low current latency; Low CPU utilization; Small computational task
733,Stable,80,20.0,36.0,7.0,EDGE,1,Low current latency; Low CPU utilization; Medium computational task
734,Stable,81,20.0,38.0,7.0,EDGE,1,Low current latency; Low CPU utilization; Medium computational task
735,Stable,81,20.0,35.0,9.0,EDGE,2,Low current latency; Low CPU utilization; Large computational task
736,Stable,85,20.0,37.0,3.0,EDGE,0,Low current latency; Low CPU utilization; Small computational task
737,Stable,82,22.0,24.0,3.0,EDGE,0,Low current latency; Low CPU utilization; Small computational task
738,Stable,80,25.0,39.0,1.0,EDGE,0,Low current latency; Low CPU utilization; Small computational task
739,Stable,80,18.0,35.0,3.0,EDGE,0,Low current latency; Low CPU utilization; Small computational task
740,Stable,78,24.0,37.0,9.0,EDGE,2,Low current latency; Low CPU utilization; Large computational task
741,Stable,85,25.0,33.0,8.0,EDGE,2,Low current latency; Low CPU utilization; Large computational task
742,Stable,81,25.0,35.0,3.0,EDGE,0,Low current latency; Low CPU utilization; Small computational task
743,Stable,76,18.0,27.0,5.0,EDGE,1,Low current latency; Low CPU utilization; Medium computational task
744,Stable,75,22.0,27.0,9.0,EDGE,2,Low current latency; Low CPU utilization; Large computational task
745,Stable,79,20.0,34.0,10.0,EDGE,2,Low current latency; Low CPU utilization; Large computational task
746,Stable,82,19.0,38.0,2.0,EDGE,0,Low current latency; Low CPU utilization; Small computational task
747,Stable,79,23.0,37.0,1.0,EDGE,0,Low current latency; Low CPU utilization; Small computational task
748,Stable,82,21.0,33.0,2.0,EDGE,0,Low current latency; Low CPU utilization; Small computational task
749,Stable,85,21.0,29.0,1.0,EDGE,0,Low current latency; Low CPU utilization; Small computational task
750,Stable,82,22.0,31.0,2.0,EDGE,0,Low current latency; Low CPU utilization; Small computational task
751,Stable,82,19.0,27.0,4.0,EDGE,0,Low current latency; Low CPU utilization; Small computational task
752,Stable,84,23.0,39.0,7.0,EDGE,1,Low current latency; Low CPU utilization; Medium computational task
753,Stable,77,20.0,26.0,4.0,EDGE,0,Low current latency; Low CPU utilization; Small computational task
754,Stable,75,23.0,37.0,5.0,EDGE,1,Low current latency; Low CPU utilization; Medium computational task
755,Stable,84,20.0,30.0,5.0,EDGE,1,Low current latency; Low CPU utilization; Medium computational task
756,Stable,79,22.0,36.0,2.0,EDGE,0,Low current latency; Low CPU utilization; Small computational task
757,Stable,77,24.0,21.0,5.0,EDGE,1,Low current latency; Low CPU utilization; Medium computational task
758,Stable,85,20.0,24.0,4.0,EDGE,0,Low current latency; Low CPU utilization; Small computational task
759,Stable,77,23.0,27.0,7.0,EDGE,1,Low current latency; Low CPU utilization; Medium computational task
760,Stable,82,20.0,38.0,5.0,EDGE,1,Low current latency; Low CPU utilization; Medium computational task
761,Stable,85,24.0,32.0,8.0,EDGE,2,Low current latency; Low CPU utilization; Large computational task
762,Stable,76,19.0,32.0,9.0,EDGE,2,Low current latency; Low CPU utilization; Large computational task
763,Stable,79,23.0,34.0,8.0,EDGE,2,Low current latency; Low CPU utilization; Large computational task
764,Stable,80,18.0,22.0,8.0,EDGE,2,Low current latency; Low CPU utilization; Large computational task
765,Stable,85,23.0,22.0,9.0,EDGE,2,Low current latency; Low CPU utilization; Large computational task
766,Stable,81,21.0,33.0,4.0,EDGE,0,Low current latency; Low CPU utilization; Small computational task
767,Stable,82,22.0,30.0,5.0,EDGE,1,Low current latency; Low CPU utilization; Medium computational task
768,Stable,80,20.0,38.0,8.0,EDGE,2,Low current latency; Low CPU utilization; Large computational task
769,Stable,80,18.0,21.0,2.0,EDGE,0,Low current latency; Low CPU utilization; Small computational task
770,Stable,85,25.0,20.0,2.0,EDGE,0,Low current latency; Low CPU utilization; Small computational task
771,Stable,77,25.0,34.0,1.0,EDGE,0,Low current latency; Low CPU utilization; Small computational task
772,Stable,81,21.0,24.0,5.0,EDGE,1,Low current latency; Low CPU utilization; Medium computational task
773,Stable,77,22.0,22.0,6.0,EDGE,1,Low current latency; Low CPU utilization; Medium computational task
774,Stable,79,19.0,31.0,3.0,EDGE,0,Low current latency; Low CPU utilization; Small computational task
775,Stable,75,24.0,40.0,5.0,EDGE,1,Low current latency; Low CPU utilization; Medium computational task
776,Stable,78,24.0,40.0,2.0,EDGE,0,Low current latency; Low CPU utilization; Small computational task
777,Stable,76,18.0,26.0,8.0,EDGE,2,Low current latency; Low CPU utilization; Large computational task
778,Stable,76,20.0,38.0,4.0,EDGE,0,Low current latency; Low CPU utilization; Small computational task
779,Stable,83,25.0,20.0,1.0,EDGE,0,Low current latency; Low CPU utilization; Small computational task
780,Stable,80,19.0,33.0,3.0,EDGE,0,Low current latency; Low CPU utilization; Small computational task
781,Stable,82,19.0,27.0,7.0,EDGE,1,Low current latency; Low CPU utilization; Medium computational task
782,Stable,76,19.0,23.0,6.0,EDGE,1,Low current latency; Low CPU utilization; Medium computational task
783,Stable,80,22.0,24.0,7.0,EDGE,1,Low current latency; Low CPU utilization; Medium computational task
784,Stable,77,20.0,22.0,9.0,EDGE,2,Low current latency; Low CPU utilization; Large computational task
785,Stable,84,18.0,39.0,3.0,EDGE,0,Low current latency; Low CPU utilization; Small computational task
786,Stable,82,23.0,26.0,3.0,EDGE,0,Low current latency; Low CPU utilization; Small computational task
787,Stable,81,25.0,26.0,2.0,EDGE,0,Low current latency; Low CPU utilization; Small computational task
788,Stable,76,20.0,23.0,10.0,EDGE,2,Low current latency; Low CPU utilization; Large computational task
789,Stable,81,23.0,33.0,6.0,EDGE,1,Low current latency; Low CPU utilization; Medium computational task
790,Stable,77,21.0,28.0,2.0,EDGE,0,Low current latency; Low CPU utilization; Small computational task
791,Stable,78,22.0,20.0,5.0,EDGE,1,Low current latency; Low CPU utilization; Medium computational task
792,Stable,78,21.0,32.0,5.0,EDGE,1,Low current latency; Low CPU utilization; Medium computational task
793,Stable,85,18.0,27.0,8.0,EDGE,2,Low current latency; Low CPU utilization; Large computational task
794,Stable,81,19.0,27.0,8.0,EDGE,2,Low current latency; Low CPU utilization; Large computational task
795,Stable,85,19.0,36.0,1.0,EDGE,0,Low current latency; Low CPU utilization; Small computational task
796,Stable,80,23.0,24.0,7.0,EDGE,1,Low current latency; Low CPU utilization; Medium computational task
797,Stable,84,24.0,31.0,9.0,EDGE,2,Low current latency; Low CPU utilization; Large computational task
798,Stable,85,20.0,35.0,2.0,EDGE,0,Low current latency; Low CPU utilization; Small computational task
799,Stable,75,19.0,20.0,5.0,EDGE,1,Low current latency; Low CPU utilization; Medium computational task
800,Stable,78,18.0,21.0,7.0,EDGE,1,Low current latency; Low CPU utilization; Medium computational task
801,Stable,83,22.0,40.0,9.0,EDGE,2,Low current latency; Low CPU utilization; Large computational task
802,Stable,81,24.0,32.0,2.0,EDGE,0,Low current latency; Low CPU utilization; Small computational task
803,Stable,85,20.0,28.0,2.0,EDGE,0,Low current latency; Low CPU utilization; Small computational task
804,Stable,79,19.0,36.0,4.0,EDGE,0,Low current latency; Low CPU utilization; Small computational task
805,Stable,77,23.0,32.0,10.0,EDGE,2,Low current latency; Low CPU utilization; Large computational task
806,Stable,85,19.0,29.0,7.0,EDGE,1,Low current latency; Low CPU utilization; Medium computational task
807,Stable,78,18.0,27.0,2.0,EDGE,0,Low current latency; Low CPU utilization; Small computational task
808,Stable,81,19.0,34.0,10.0,EDGE,2,Low current latency; Low CPU utilization; Large computational task
809,Stable,84,18.0,29.0,3.0,EDGE,0,Low current latency; Low CPU utilization; Small computational task
810,Stable,76,18.0,24.0,1.0,EDGE,0,Low current latency; Low CPU utilization; Small computational task
811,Stable,77,25.0,31.0,9.0,EDGE,2,Low current latency; Low CPU utilization; Large computational task
812,Stable,83,22.0,25.0,6.0,EDGE,1,Low current latency; Low CPU utilization; Medium computational task
813,Stable,77,22.0,23.0,1.0,EDGE,0,Low current latency; Low CPU utilization; Small computational task
814,Stable,80,24.0,28.0,9.0,EDGE,2,Low current latency; Low CPU utilization; Large computational task
815,Stable,76,22.0,38.0,2.0,EDGE,0,Low current latency; Low CPU utilization; Small computational task
816,Stable,82,25.0,36.0,6.0,EDGE,1,Low current latency; Low CPU utilization; Medium computational task
817,Stable,75,25.0,38.0,3.0,EDGE,0,Low current latency; Low CPU utilization; Small computational task
818,Stable,80,20.0,28.0,2.0,EDGE,0,Low current latency; Low CPU utilization; Small computational task
819,Stable,84,19.0,27.0,9.0,EDGE,2,Low current latency; Low CPU utilization; Large computational task
820,Stable,75,18.0,20.0,4.0,EDGE,0,Low current latency; Low CPU utilization; Small computational task
821,Stable,75,25.0,31.0,7.0,EDGE,1,Low current latency; Low CPU utilization; Medium computational task
822,Stable,77,20.0,21.0,9.0,EDGE,2,Low current latency; Low CPU utilization; Large computational task
823,Stable,85,24.0,27.0,6.0,EDGE,1,Low current latency; Low CPU utilization; Medium computational task
824,Stable,78,24.0,30.0,5.0,EDGE,1,Low current latency; Low CPU utilization; Medium computational task
825,Stable,76,23.0,23.0,9.0,EDGE,2,Low current latency; Low CPU utilization; Large computational task
826,Stable,85,18.0,25.0,4.0,EDGE,0,Low current latency; Low CPU utilization; Small computational task
827,Stable,83,18.0,32.0,2.0,EDGE,0,Low current latency; Low CPU utilization; Small computational task
828,Stable,82,22.0,29.0,6.0,EDGE,1,Low current latency; Low CPU utilization; Medium computational task
829,Stable,76,25.0,20.0,6.0,EDGE,1,Low current latency; Low CPU utilization; Medium computational task
830,Stable,78,22.0,38.0,5.0,EDGE,1,Low current latency; Low CPU utilization; Medium computational task
831,Stable,84,21.0,34.0,6.0,EDGE,1,Low current latency; Low CPU utilization; Medium computational task
832,Stable,84,25.0,26.0,9.0,EDGE,2,Low current latency; Low CPU utilization; Large computational task
833,Stable,78,20.0,20.0,7.0,EDGE,1,Low current latency; Low CPU utilization; Medium computational task
834,Stable,75,21.0,37.0,6.0,EDGE,1,Low current latency; Low CPU utilization; Medium computational task
835,Stable,85,18.0,30.0,1.0,EDGE,0,Low current latency; Low CPU utilization; Small computational task
836,Stable,85,24.0,29.0,2.0,EDGE,0,Low current latency; Low CPU utilization; Small computational task
837,Stable,78,21.0,33.0,8.0,EDGE,2,Low current latency; Low CPU utilization; Large computational task
838,Stable,75,20.0,28.0,2.0,EDGE,0,Low current latency; Low CPU utilization; Small computational task
839,Stable,75,21.0,36.0,7.0,EDGE,1,Low current latency; Low CPU utilization; Medium computational task
840,Stable,80,25.0,22.0,10.0,EDGE,2,Low current latency; Low CPU utilization; Large computational task
841,Stable,76,20.0,40.0,7.0,EDGE,1,Low current latency; Low CPU utilization; Medium computational task
842,Stable,76,18.0,33.0,3.0,EDGE,0,Low current latency; Low CPU utilization; Small computational task
843,Stable,78,22.0,28.0,6.0,EDGE,1,Low current latency; Low CPU utilization; Medium computational task
844,Stable,81,23.0,30.0,8.0,EDGE,2,Low current latency; Low CPU utilization; Large computational task
845,Stable,79,21.0,22.0,4.0,EDGE,0,Low current latency; Low CPU utilization; Small computational task
846,Stable,77,19.0,24.0,2.0,EDGE,0,Low current latency; Low CPU utilization; Small computational task
847,Stable,77,25.0,34.0,6.0,EDGE,1,Low current latency; Low CPU utilization; Medium computational task
848,Stable,81,19.0,37.0,6.0,EDGE,1,Low current latency; Low CPU utilization; Medium computational task
849,Stable,78,25.0,29.0,8.0,EDGE,2,Low current latency; Low CPU utilization; Large computational task
850,Stable,79,19.0,22.0,3.0,EDGE,0,Low current latency; Low CPU utilization; Small computational task
851,Stable,85,22.0,39.0,1.0,EDGE,0,Low current latency; Low CPU utilization; Small computational task
852,Stable,78,23.0,24.0,2.0,EDGE,0,Low current latency; Low CPU utilization; Small computational task
853,Stable,78,23.0,32.0,9.0,EDGE,2,Low current latency; Low CPU utilization; Large computational task
854,Stable,75,22.0,28.0,3.0,EDGE,0,Low current latency; Low CPU utilization; Small computational task
855,Stable,75,24.0,34.0,9.0,EDGE,2,Low current latency; Low CPU utilization; Large computational task
856,Stable,83,21.0,23.0,8.0,EDGE,2,Low current latency; Low CPU utilization; Large computational task
857,Stable,76,20.0,23.0,1.0,EDGE,0,Low current latency; Low CPU utilization; Small computational task
858,Stable,75,21.0,24.0,4.0,EDGE,0,Low current latency; Low CPU utilization; Small computational task
859,Stable,81,23.0,40.0,2.0,EDGE,0,Low current latency; Low CPU utilization; Small computational task
860,Stable,84,22.0,22.0,1.0,EDGE,0,Low current latency; Low CPU utilization; Small computational task
861,Stable,76,21.0,40.0,8.0,EDGE,2,Low current latency; Low CPU utilization; Large computational task
862,Stable,77,19.0,30.0,2.0,EDGE,0,Low current latency; Low CPU utilization; Small computational task
863,Stable,75,25.0,21.0,3.0,EDGE,0,Low current latency; Low CPU utilization; Small computational task
864,Stable,84,24.0,32.0,8.0,EDGE,2,Low current latency; Low CPU utilization; Large computational task
865,Stable,75,24.0,33.0,3.0,EDGE,0,Low current latency; Low CPU utilization; Small computational task
866,Stable,80,21.0,25.0,5.0,EDGE,1,Low current latency; Low CPU utilization; Medium computational task
867,Stable,79,25.0,24.0,1.0,EDGE,0,Low current latency; Low CPU utilization; Small computational task
868,Stable,84,21.0,40.0,5.0,EDGE,1,Low current latency; Low CPU utilization; Medium computational task
869,Stable,82,24.0,37.0,8.0,EDGE,2,Low current latency; Low CPU utilization; Large computational task
870,Stable,75,19.0,28.0,7.0,EDGE,1,Low current latency; Low CPU utilization; Medium computational task
871,Stable,77,24.0,26.0,9.0,EDGE,2,Low current latency; Low CPU utilization; Large computational task
872,Stable,78,18.0,32.0,6.0,EDGE,1,Low current latency; Low CPU utilization; Medium computational task
873,Stable,82,25.0,31.0,10.0,EDGE,2,Low current latency; Low CPU utilization; Large computational task
874,Stable,83,23.0,32.0,5.0,EDGE,1,Low current latency; Low CPU utilization; Medium computational task
875,Stable,77,18.0,30.0,10.0,EDGE,2,Low current latency; Low CPU utilization; Large computational task
876,Stable,78,18.0,28.0,1.0,EDGE,0,Low current latency; Low CPU utilization; Small computational task
877,Stable,82,23.0,38.0,4.0,EDGE,0,Low current latency; Low CPU utilization; Small computational task
878,Stable,77,19.0,27.0,4.0,EDGE,0,Low current latency; Low CPU utilization; Small computational task
879,Stable,79,18.0,27.0,10.0,EDGE,2,Low current latency; Low CPU utilization; Large computational task
880,Stable,81,23.0,25.0,3.0,EDGE,0,Low current latency; Low CPU utilization; Small computational task
881,Stable,78,23.0,31.0,10.0,EDGE,2,Low current latency; Low CPU utilization; Large computational task
882,Stable,75,23.0,38.0,10.0,EDGE,2,Low current latency; Low CPU utilization; Large computational task
883,Stable,77,21.0,35.0,9.0,EDGE,2,Low current latency; Low CPU utilization; Large computational task
884,Stable,79,20.0,35.0,1.0,EDGE,0,Low current latency; Low CPU utilization; Small computational task
885,Stable,76,18.0,27.0,10.0,EDGE,2,Low current latency; Low CPU utilization; Large computational task
886,Stable,78,18.0,36.0,8.0,EDGE,2,Low current latency; Low CPU utilization; Large computational task
887,Stable,75,23.0,39.0,4.0,EDGE,0,Low current latency; Low CPU utilization; Small computational task
888,Stable,77,23.0,25.0,6.0,EDGE,1,Low current latency; Low CPU utilization; Medium computational task
889,Stable,75,18.0,24.0,10.0,EDGE,2,Low current latency; Low CPU utilization; Large computational task
890,Stable,77,19.0,36.0,6.0,EDGE,1,Low current latency; Low CPU utilization; Medium computational task
891,Stable,76,23.0,32.0,10.0,EDGE,2,Low current latency; Low CPU utilization; Large computational task
892,Stable,76,23.0,29.0,6.0,EDGE,1,Low current latency; Low CPU utilization; Medium computational task
893,Stable,77,20.0,33.0,8.0,EDGE,2,Low current latency; Low CPU utilization; Large computational task
894,Stable,85,23.0,25.0,9.0,EDGE,2,Low current latency; Low CPU utilization; Large computational task
895,Stable,84,23.0,27.0,10.0,EDGE,2,Low current latency; Low CPU utilization; Large computational task
896,Stable,77,24.0,29.0,5.0,EDGE,1,Low current latency; Low CPU utilization; Medium computational task
897,Stable,77,20.0,20.0,10.0,EDGE,2,Low current latency; Low CPU utilization; Large computational task
898,Stable,81,18.0,25.0,10.0,EDGE,2,Low current latency; Low CPU utilization; Large computational task
899,Stable,80,21.0,40.0,10.0,EDGE,2,Low current latency; Low CPU utilization; Large computational task
900,Stable,76,25.0,24.0,6.0,EDGE,1,Low current latency; Low CPU utilization; Medium computational task
901,Stable,76,21.0,31.0,6.0,EDGE,1,Low current latency; Low CPU utilization; Medium computational task
902,Stable,77,19.0,40.0,6.0,EDGE,1,Low current latency; Low CPU utilization; Medium computational task
903,Stable,82,18.0,28.0,4.0,EDGE,0,Low current latency; Low CPU utilization; Small computational task
904,Stable,78,19.0,31.0,5.0,EDGE,1,Low current latency; Low CPU utilization; Medium computational task
905,Stable,76,18.0,21.0,7.0,EDGE,1,Low current latency; Low CPU utilization; Medium computational task
906,Stable,82,24.0,25.0,7.0,EDGE,1,Low current latency; Low CPU utilization; Medium computational task
907,Stable,82,24.0,31.0,9.0,EDGE,2,Low current latency; Low CPU utilization; Large computational task
908,Stable,81,19.0,35.0,10.0,EDGE,2,Low current latency; Low CPU utilization; Large computational task
909,Stable,85,21.0,25.0,8.0,EDGE,2,Low current latency; Low CPU utilization; Large computational task
910,Stable,76,18.0,29.0,1.0,EDGE,0,Low current latency; Low CPU utilization; Small computational task
911,Stable,80,22.0,23.0,2.0,EDGE,0,Low current latency; Low CPU utilization; Small computational task
912,Stable,80,20.0,32.0,3.0,EDGE,0,Low current latency; Low CPU utilization; Small computational task
913,Stable,76,19.0,30.0,10.0,EDGE,2,Low current latency; Low CPU utilization; Large computational task
914,Stable,84,25.0,20.0,7.0,EDGE,1,Low current latency; Low CPU utilization; Medium computational task
915,Stable,85,20.0,39.0,7.0,EDGE,1,Low current latency; Low CPU utilization; Medium computational task
916,Stable,77,18.0,23.0,6.0,EDGE,1,Low current latency; Low CPU utilization; Medium computational task
917,Stable,78,21.0,33.0,9.0,EDGE,2,Low current latency; Low CPU utilization; Large computational task
918,Stable,83,22.0,29.0,5.0,EDGE,1,Low current latency; Low CPU utilization; Medium computational task
919,Stable,78,19.0,21.0,7.0,EDGE,1,Low current latency; Low CPU utilization; Medium computational task
920,Stable,84,25.0,24.0,1.0,EDGE,0,Low current latency; Low CPU utilization; Small computational task
921,Stable,80,18.0,33.0,2.0,EDGE,0,Low current latency; Low CPU utilization; Small computational task
922,Stable,79,25.0,26.0,2.0,EDGE,0,Low current latency; Low CPU utilization; Small computational task
923,Stable,75,21.0,25.0,5.0,EDGE,1,Low current latency; Low CPU utilization; Medium computational task
924,Stable,76,25.0,23.0,5.0,EDGE,1,Low current latency; Low CPU utilization; Medium computational task
925,Stable,81,25.0,35.0,5.0,EDGE,1,Low current latency; Low CPU utilization; Medium computational task
926,Stable,76,24.0,25.0,6.0,EDGE,1,Low current latency; Low CPU utilization; Medium computational task
927,Stable,81,23.0,25.0,8.0,EDGE,2,Low current latency; Low CPU utilization; Large computational task
928,Stable,75,22.0,34.0,8.0,EDGE,2,Low current latency; Low CPU utilization; Large computational task
929,Stable,79,21.0,28.0,10.0,EDGE,2,Low current latency; Low CPU utilization; Large computational task
930,Stable,75,20.0,23.0,2.0,EDGE,0,Low current latency; Low CPU utilization; Small computational task
931,Stable,85,23.0,37.0,7.0,EDGE,1,Low current latency; Low CPU utilization; Medium computational task
932,Stable,84,21.0,37.0,1.0,EDGE,0,Low current latency; Low CPU utilization; Small computational task
933,Stable,81,24.0,37.0,8.0,EDGE,2,Low current latency; Low CPU utilization; Large computational task
934,Stable,84,21.0,35.0,5.0,EDGE,1,Low current latency; Low CPU utilization; Medium computational task
935,Stable,76,24.0,21.0,9.0,EDGE,2,Low current latency; Low CPU utilization; Large computational task
936,Stable,84,20.0,23.0,8.0,EDGE,2,Low current latency; Low CPU utilization; Large computational task
937,Stable,77,20.0,26.0,4.0,EDGE,0,Low current latency; Low CPU utilization; Small computational task
938,Stable,77,18.0,33.0,2.0,EDGE,0,Low current latency; Low CPU utilization; Small computational task
939,Stable,85,24.0,26.0,3.0,EDGE,0,Low current latency; Low CPU utilization; Small computational task
940,Stable,84,22.0,30.0,2.0,EDGE,0,Low current latency; Low CPU utilization; Small computational task
941,Stable,76,24.0,37.0,7.0,EDGE,1,Low current latency; Low CPU utilization; Medium computational task
942,Stable,83,23.0,28.0,9.0,EDGE,2,Low current latency; Low CPU utilization; Large computational task
943,Stable,82,18.0,39.0,10.0,EDGE,2,Low current latency; Low CPU utilization; Large computational task
944,Stable,83,24.0,23.0,7.0,EDGE,1,Low current latency; Low CPU utilization; Medium computational task
945,Stable,77,20.0,38.0,10.0,EDGE,2,Low current latency; Low CPU utilization; Large computational task
946,Stable,84,19.0,23.0,10.0,EDGE,2,Low current latency; Low CPU utilization; Large computational task
947,Stable,76,22.0,37.0,6.0,EDGE,1,Low current latency; Low CPU utilization; Medium computational task
948,Stable,81,22.0,32.0,8.0,EDGE,2,Low current latency; Low CPU utilization; Large computational task
949,Stable,84,25.0,21.0,3.0,EDGE,0,Low current latency; Low CPU utilization; Small computational task
950,Stable,79,24.0,24.0,10.0,EDGE,2,Low current latency; Low CPU utilization; Large computational task
951,Stable,84,24.0,21.0,7.0,EDGE,1,Low current latency; Low CPU utilization; Medium computational task
952,Stable,80,21.0,21.0,8.0,EDGE,2,Low current latency; Low CPU utilization; Large computational task
953,Stable,79,23.0,20.0,6.0,EDGE,1,Low current latency; Low CPU utilization; Medium computational task
954,Stable,79,22.0,28.0,8.0,EDGE,2,Low current latency; Low CPU utilization; Large computational task
955,Stable,85,19.0,27.0,3.0,EDGE,0,Low current latency; Low CPU utilization; Small computational task
956,Stable,79,25.0,30.0,5.0,EDGE,1,Low current latency; Low CPU utilization; Medium computational task
957,Stable,81,19.0,26.0,8.0,EDGE,2,Low current latency; Low CPU utilization; Large computational task
958,Stable,78,24.0,35.0,9.0,EDGE,2,Low current latency; Low CPU utilization; Large computational task
959,Stable,80,18.0,36.0,3.0,EDGE,0,Low current latency; Low CPU utilization; Small computational task
960,Stable,76,22.0,36.0,7.0,EDGE,1,Low current latency; Low CPU utilization; Medium computational task
961,Stable,77,18.0,25.0,4.0,EDGE,0,Low current latency; Low CPU utilization; Small computational task
962,Stable,78,18.0,27.0,1.0,EDGE,0,Low current latency; Low CPU utilization; Small computational task
963,Stable,82,18.0,31.0,4.0,EDGE,0,Low current latency; Low CPU utilization; Small computational task
964,Stable,79,23.0,34.0,9.0,EDGE,2,Low current latency; Low CPU utilization; Large computational task
965,Stable,81,19.0,20.0,4.0,EDGE,0,Low current latency; Low CPU utilization; Small computational task
966,Stable,80,25.0,39.0,8.0,EDGE,2,Low current latency; Low CPU utilization; Large computational task
967,Stable,77,25.0,38.0,9.0,EDGE,2,Low current latency; Low CPU utilization; Large computational task
968,Stable,80,23.0,25.0,5.0,EDGE,1,Low current latency; Low CPU utilization; Medium computational task
969,Stable,76,22.0,20.0,7.0,EDGE,1,Low current latency; Low CPU utilization; Medium computational task
970,Stable,75,20.0,38.0,4.0,EDGE,0,Low current latency; Low CPU utilization; Small computational task
971,Stable,78,21.0,26.0,5.0,EDGE,1,Low current latency; Low CPU utilization; Medium computational task
972,Stable,85,24.0,36.0,1.0,EDGE,0,Low current latency; Low CPU utilization; Small computational task
973,Stable,85,18.0,35.0,3.0,EDGE,0,Low current latency; Low CPU utilization; Small computational task
974,Stable,85,20.0,39.0,1.0,EDGE,0,Low current latency; Low CPU utilization; Small computational task
975,Stable,78,22.0,39.0,5.0,EDGE,1,Low current latency; Low CPU utilization; Medium computational task
976,Stable,85,22.0,33.0,7.0,EDGE,1,Low current latency; Low CPU utilization; Medium computational task
977,Stable,80,25.0,28.0,4.0,EDGE,0,Low current latency; Low CPU utilization; Small computational task
978,Stable,82,22.0,36.0,10.0,EDGE,2,Low current latency; Low CPU utilization; Large computational task
979,Stable,81,19.0,20.0,9.0,EDGE,2,Low current latency; Low CPU utilization; Large computational task
980,Stable,85,23.0,37.0,10.0,EDGE,2,Low current latency; Low CPU utilization; Large computational task
981,Stable,84,22.0,29.0,2.0,EDGE,0,Low current latency; Low CPU utilization; Small computational task
982,Stable,82,19.0,30.0,5.0,EDGE,1,Low current latency; Low CPU utilization; Medium computational task
983,Stable,85,23.0,28.0,5.0,EDGE,1,Low current latency; Low CPU utilization; Medium computational task
984,Stable,85,22.0,26.0,3.0,EDGE,0,Low current latency; Low CPU utilization; Small computational task
985,Stable,83,21.0,21.0,10.0,EDGE,2,Low current latency; Low CPU utilization; Large computational task
986,Stable,81,23.0,24.0,1.0,EDGE,0,Low current latency; Low CPU utilization; Small computational task
987,Stable,85,25.0,29.0,5.0,EDGE,1,Low current latency; Low CPU utilization; Medium computational task
988,Stable,81,24.0,32.0,1.0,EDGE,0,Low current latency; Low CPU utilization; Small computational task
989,Stable,84,21.0,30.0,4.0,EDGE,0,Low current latency; Low CPU utilization; Small computational task
990,Stable,85,25.0,31.0,9.0,EDGE,2,Low current latency; Low CPU utilization; Large computational task
991,Stable,79,20.0,37.0,3.0,EDGE,0,Low current latency; Low CPU utilization; Small computational task
992,Stable,79,19.0,35.0,3.0,EDGE,0,Low current latency; Low CPU utilization; Small computational task
993,Stable,79,20.0,30.0,2.0,EDGE,0,Low current latency; Low CPU utilization; Small computational task
994,Stable,78,23.0,27.0,5.0,EDGE,1,Low current latency; Low CPU utilization; Medium computational task
995,Stable,81,23.0,31.0,5.0,EDGE,1,Low current latency; Low CPU utilization; Medium computational task
996,Stable,84,22.0,34.0,2.0,EDGE,0,Low current latency; Low CPU utilization; Small computational task
997,Stable,82,18.0,40.0,10.0,EDGE,2,Low current latency; Low CPU utilization; Large computational task
998,Stable,84,19.0,35.0,4.0,EDGE,0,Low current latency; Low CPU utilization; Small computational task
999,Stable,83,19.0,32.0,9.0,EDGE,2,Low current latency; Low CPU utilization; Large computational task
1000,Stable,79,24.0,21.0,3.0,EDGE,0,Low current latency; Low CPU utilization; Small computational task
1001,Fluctuating,48,55.0,51.0,7.0,CLOUD,3,Moderate current latency; Moderate CPU utilization; Medium computational task
1002,Fluctuating,76,88.0,39.0,6.0,EDGE,2,Moderate current latency; Low CPU utilization; Medium computational task
1003,Fluctuating,85,53.0,79.0,2.0,CLOUD,3,Moderate current latency; High CPU utilization; Small computational task
1004,Fluctuating,71,72.0,70.0,3.0,EDGE,2,Moderate current latency; Moderate CPU utilization; Small computational task
1005,Fluctuating,60,37.0,30.0,8.0,EDGE,2,Low current latency; Low CPU utilization; Large computational task
1006,Fluctuating,57,56.0,78.0,3.0,CLOUD,3,Moderate current latency; High CPU utilization; Small computational task
1007,Fluctuating,76,50.0,61.0,2.0,EDGE,1,Low current latency; Moderate CPU utilization; Small computational task
1008,Fluctuating,48,85.0,70.0,7.0,CLOUD,3,Moderate current latency; Moderate CPU utilization; Medium computational task
1009,Fluctuating,65,84.0,60.0,7.0,CLOUD,3,Moderate current latency; Moderate CPU utilization; Medium computational task
1010,Fluctuating,40,34.0,64.0,4.0,EDGE,1,Low current latency; Moderate CPU utilization; Small computational task
1011,Fluctuating,86,77.0,30.0,6.0,EDGE,2,Moderate current latency; Low CPU utilization; Medium computational task
1012,Fluctuating,88,97.0,42.0,1.0,EDGE,1,Moderate current latency; Low CPU utilization; Small computational task
1013,Fluctuating,83,30.0,70.0,4.0,EDGE,1,Low current latency; Moderate CPU utilization; Small computational task
1014,Fluctuating,54,74.0,49.0,3.0,EDGE,1,Moderate current latency; Low CPU utilization; Small computational task
1015,Fluctuating,46,79.0,62.0,10.0,CLOUD,4,Moderate current latency; Moderate CPU utilization; Large computational task
1016,Fluctuating,59,51.0,34.0,1.0,EDGE,1,Moderate current latency; Low CPU utilization; Small computational task
1017,Fluctuating,59,67.0,59.0,9.0,CLOUD,4,Moderate current latency; Moderate CPU utilization; Large computational task
1018,Fluctuating,78,97.0,51.0,7.0,CLOUD,3,Moderate current latency; Moderate CPU utilization; Medium computational task
1019,Fluctuating,83,47.0,51.0,8.0,CLOUD,3,Low current latency; Moderate CPU utilization; Large computational task
1020,Fluctuating,62,54.0,40.0,7.0,EDGE,2,Moderate current latency; Low CPU utilization; Medium computational task
1021,Fluctuating,41,59.0,44.0,3.0,EDGE,1,Moderate current latency; Low CPU utilization; Small computational task
1022,Fluctuating,53,32.0,67.0,9.0,CLOUD,3,Low current latency; Moderate CPU utilization; Large computational task
1023,Fluctuating,50,45.0,53.0,1.0,EDGE,1,Low current latency; Moderate CPU utilization; Small computational task
1024,Fluctuating,64,62.0,79.0,9.0,CLOUD,5,Moderate current latency; High CPU utilization; Large computational task
1025,Fluctuating,79,36.0,68.0,1.0,EDGE,1,Low current latency; Moderate CPU utilization; Small computational task
1026,Fluctuating,82,43.0,71.0,1.0,EDGE,2,Low current latency; High CPU utilization; Small computational task
1027,Fluctuating,43,44.0,56.0,8.0,CLOUD,3,Low current latency; Moderate CPU utilization; Large computational task
1028,Fluctuating,64,45.0,65.0,5.0,EDGE,2,Low current latency; Moderate CPU utilization; Medium computational task
1029,Fluctuating,70,49.0,43.0,1.0,EDGE,0,Low current latency; Low CPU utilization; Small computational task
1030,Fluctuating,59,83.0,72.0,2.0,CLOUD,3,Moderate current latency; High CPU utilization; Small computational task
1031,Fluctuating,82,96.0,47.0,10.0,CLOUD,3,Moderate current latency; Low CPU utilization; Large computational task
1032,Fluctuating,78,47.0,56.0,2.0,EDGE,1,Low current latency; Moderate CPU utilization; Small computational task
1033,Fluctuating,72,45.0,48.0,2.0,EDGE,0,Low current latency; Low CPU utilization; Small computational task
1034,Fluctuating,90,43.0,61.0,4.0,EDGE,1,Low current latency; Moderate CPU utilization; Small computational task
1035,Fluctuating,78,55.0,79.0,5.0,CLOUD,4,Moderate current latency; High CPU utilization; Medium computational task
1036,Fluctuating,73,55.0,52.0,7.0,CLOUD,3,Moderate current latency; Moderate CPU utilization; Medium computational task
1037,Fluctuating,58,50.0,32.0,9.0,EDGE,2,Low current latency; Low CPU utilization; Large computational task
1038,Fluctuating,71,56.0,74.0,8.0,CLOUD,5,Moderate current latency; High CPU utilization; Large computational task
1039,Fluctuating,61,60.0,30.0,1.0,EDGE,1,Moderate current latency; Low CPU utilization; Small computational task
1040,Fluctuating,82,41.0,37.0,10.0,EDGE,2,Low current latency; Low CPU utilization; Large computational task
1041,Fluctuating,82,93.0,39.0,2.0,EDGE,1,Moderate current latency; Low CPU utilization; Small computational task
1042,Fluctuating,89,95.0,34.0,2.0,EDGE,1,Moderate current latency; Low CPU utilization; Small computational task
1043,Fluctuating,56,59.0,59.0,5.0,CLOUD,3,Moderate current latency; Moderate CPU utilization; Medium computational task
1044,Fluctuating,56,89.0,33.0,2.0,EDGE,1,Moderate current latency; Low CPU utilization; Small computational task
1045,Fluctuating,51,35.0,48.0,6.0,EDGE,1,Low current latency; Low CPU utilization; Medium computational task
1046,Fluctuating,83,70.0,57.0,2.0,EDGE,2,Moderate current latency; Moderate CPU utilization; Small computational task
1047,Fluctuating,46,35.0,30.0,3.0,EDGE,0,Low current latency; Low CPU utilization; Small computational task
1048,Fluctuating,82,51.0,51.0,6.0,CLOUD,3,Moderate current latency; Moderate CPU utilization; Medium computational task
1049,Fluctuating,68,64.0,76.0,2.0,CLOUD,3,Moderate current latency; High CPU utilization; Small computational task
1050,Fluctuating,63,73.0,41.0,2.0,EDGE,1,Moderate current latency; Low CPU utilization; Small computational task
1051,Fluctuating,65,81.0,59.0,5.0,CLOUD,3,Moderate current latency; Moderate CPU utilization; Medium computational task
1052,Fluctuating,64,91.0,56.0,3.0,EDGE,2,Moderate current latency; Moderate CPU utilization; Small computational task
1053,Fluctuating,47,46.0,74.0,1.0,EDGE,2,Low current latency; High CPU utilization; Small computational task
1054,Fluctuating,50,43.0,56.0,10.0,CLOUD,3,Low current latency; Moderate CPU utilization; Large computational task
1055,Fluctuating,70,86.0,41.0,10.0,CLOUD,3,Moderate current latency; Low CPU utilization; Large computational task
1056,Fluctuating,64,75.0,69.0,1.0,EDGE,2,Moderate current latency; Moderate CPU utilization; Small computational task
1057,Fluctuating,83,46.0,60.0,8.0,CLOUD,3,Low current latency; Moderate CPU utilization; Large computational task
1058,Fluctuating,47,82.0,58.0,1.0,EDGE,2,Moderate current latency; Moderate CPU utilization; Small computational task
1059,Fluctuating,44,63.0,71.0,6.0,CLOUD,4,Moderate current latency; High CPU utilization; Medium computational task
1060,Fluctuating,40,97.0,79.0,10.0,CLOUD,5,Moderate current latency; High CPU utilization; Large computational task
1061,Fluctuating,86,58.0,72.0,6.0,CLOUD,4,Moderate current latency; High CPU utilization; Medium computational task
1062,Fluctuating,73,96.0,74.0,10.0,CLOUD,5,Moderate current latency; High CPU utilization; Large computational task
1063,Fluctuating,46,85.0,72.0,4.0,CLOUD,3,Moderate current latency; High CPU utilization; Small computational task
1064,Fluctuating,70,74.0,72.0,7.0,CLOUD,4,Moderate current latency; High CPU utilization; Medium computational task
1065,Fluctuating,49,36.0,30.0,3.0,EDGE,0,Low current latency; Low CPU utilization; Small computational task
1066,Fluctuating,72,90.0,61.0,3.0,EDGE,2,Moderate current latency; Moderate CPU utilization; Small computational task
1067,Fluctuating,44,92.0,50.0,4.0,EDGE,1,Moderate current latency; Low CPU utilization; Small computational task
1068,Fluctuating,61,65.0,33.0,9.0,CLOUD,3,Moderate current latency; Low CPU utilization; Large computational task
1069,Fluctuating,54,100.0,71.0,7.0,CLOUD,4,Moderate current latency; High CPU utilization; Medium computational task
1070,Fluctuating,65,60.0,35.0,8.0,CLOUD,3,Moderate current latency; Low CPU utilization; Large computational task
1071,Fluctuating,68,87.0,35.0,8.0,CLOUD,3,Moderate current latency; Low CPU utilization; Large computational task
1072,Fluctuating,68,70.0,37.0,8.0,CLOUD,3,Moderate current latency; Low CPU utilization; Large computational task
1073,Fluctuating,87,32.0,36.0,7.0,EDGE,1,Low current latency; Low CPU utilization; Medium computational task
1074,Fluctuating,66,34.0,65.0,9.0,CLOUD,3,Low current latency; Moderate CPU utilization; Large computational task
1075,Fluctuating,40,41.0,80.0,10.0,CLOUD,4,Low current latency; High CPU utilization; Large computational task
1076,Fluctuating,79,68.0,62.0,9.0,CLOUD,4,Moderate current latency; Moderate CPU utilization; Large computational task
1077,Fluctuating,53,88.0,51.0,6.0,CLOUD,3,Moderate current latency; Moderate CPU utilization; Medium computational task
1078,Fluctuating,43,58.0,59.0,6.0,CLOUD,3,Moderate current latency; Moderate CPU utilization; Medium computational task
1079,Fluctuating,75,90.0,75.0,6.0,CLOUD,4,Moderate current latency; High CPU utilization; Medium computational task
1080,Fluctuating,85,87.0,37.0,2.0,EDGE,1,Moderate current latency; Low CPU utilization; Small computational task
1081,Fluctuating,88,58.0,30.0,6.0,EDGE,2,Moderate current latency; Low CPU utilization; Medium computational task
1082,Fluctuating,62,67.0,65.0,9.0,CLOUD,4,Moderate current latency; Moderate CPU utilization; Large computational task
1083,Fluctuating,63,43.0,32.0,3.0,EDGE,0,Low current latency; Low CPU utilization; Small computational task
1084,Fluctuating,71,47.0,75.0,7.0,CLOUD,3,Low current latency; High CPU utilization; Medium computational task
1085,Fluctuating,46,62.0,69.0,4.0,EDGE,2,Moderate current latency; Moderate CPU utilization; Small computational task
1086,Fluctuating,52,45.0,55.0,4.0,EDGE,1,Low current latency; Moderate CPU utilization; Small computational task
1087,Fluctuating,69,54.0,75.0,6.0,CLOUD,4,Moderate current latency; High CPU utilization; Medium computational task
1088,Fluctuating,46,83.0,32.0,10.0,CLOUD,3,Moderate current latency; Low CPU utilization; Large computational task
1089,Fluctuating,47,87.0,59.0,10.0,CLOUD,4,Moderate current latency; Moderate CPU utilization; Large computational task
1090,Fluctuating,72,47.0,61.0,1.0,EDGE,1,Low current latency; Moderate CPU utilization; Small computational task
1091,Fluctuating,73,36.0,65.0,7.0,EDGE,2,Low current latency; Moderate CPU utilization; Medium computational task
1092,Fluctuating,77,91.0,62.0,3.0,EDGE,2,Moderate current latency; Moderate CPU utilization; Small computational task
1093,Fluctuating,84,52.0,76.0,3.0,CLOUD,3,Moderate current latency; High CPU utilization; Small computational task
1094,Fluctuating,46,79.0,72.0,10.0,CLOUD,5,Moderate current latency; High CPU utilization; Large computational task
1095,Fluctuating,78,71.0,62.0,7.0,CLOUD,3,Moderate current latency; Moderate CPU utilization; Medium computational task
1096,Fluctuating,66,61.0,47.0,7.0,EDGE,2,Moderate current latency; Low CPU utilization; Medium computational task
1097,Fluctuating,61,67.0,58.0,3.0,EDGE,2,Moderate current latency; Moderate CPU utilization; Small computational task
1098,Fluctuating,48,82.0,68.0,9.0,CLOUD,4,Moderate current latency; Moderate CPU utilization; Large computational task
1099,Fluctuating,59,100.0,50.0,9.0,CLOUD,3,Moderate current latency; Low CPU utilization; Large computational task
1100,Fluctuating,80,57.0,42.0,4.0,EDGE,1,Moderate current latency; Low CPU utilization; Small computational task
1101,Fluctuating,79,67.0,73.0,6.0,CLOUD,4,Moderate current latency; High CPU utilization; Medium computational task
1102,Fluctuating,83,46.0,75.0,3.0,EDGE,2,Low current latency; High CPU utilization; Small computational task
1103,Fluctuating,72,99.0,74.0,6.0,CLOUD,4,Moderate current latency; High CPU utilization; Medium computational task
1104,Fluctuating,85,44.0,78.0,6.0,CLOUD,3,Low current latency; High CPU utilization; Medium computational task
1105,Fluctuating,75,91.0,67.0,10.0,CLOUD,4,Moderate current latency; Moderate CPU utilization; Large computational task
1106,Fluctuating,82,83.0,73.0,9.0,CLOUD,5,Moderate current latency; High CPU utilization; Large computational task
1107,Fluctuating,58,84.0,30.0,9.0,CLOUD,3,Moderate current latency; Low CPU utilization; Large computational task
1108,Fluctuating,46,33.0,54.0,3.0,EDGE,1,Low current latency; Moderate CPU utilization; Small computational task
1109,Fluctuating,43,37.0,42.0,5.0,EDGE,1,Low current latency; Low CPU utilization; Medium computational task
1110,Fluctuating,88,50.0,48.0,5.0,EDGE,1,Low current latency; Low CPU utilization; Medium computational task
1111,Fluctuating,49,37.0,74.0,5.0,CLOUD,3,Low current latency; High CPU utilization; Medium computational task
1112,Fluctuating,53,99.0,32.0,6.0,EDGE,2,Moderate current latency; Low CPU utilization; Medium computational task
1113,Fluctuating,68,43.0,69.0,9.0,CLOUD,3,Low current latency; Moderate CPU utilization; Large computational task
1114,Fluctuating,54,79.0,45.0,9.0,CLOUD,3,Moderate current latency; Low CPU utilization; Large computational task
1115,Fluctuating,90,66.0,74.0,1.0,CLOUD,3,Moderate current latency; High CPU utilization; Small computational task
1116,Fluctuating,64,79.0,56.0,6.0,CLOUD,3,Moderate current latency; Moderate CPU utilization; Medium computational task
1117,Fluctuating,75,36.0,30.0,5.0,EDGE,1,Low current latency; Low CPU utilization; Medium computational task
1118,Fluctuating,52,86.0,44.0,6.0,EDGE,2,Moderate current latency; Low CPU utilization; Medium computational task
1119,Fluctuating,88,99.0,77.0,10.0,CLOUD,5,Moderate current latency; High CPU utilization; Large computational task
1120,Fluctuating,52,54.0,48.0,8.0,CLOUD,3,Moderate current latency; Low CPU utilization; Large computational task
1121,Fluctuating,51,39.0,41.0,3.0,EDGE,0,Low current latency; Low CPU utilization; Small computational task
1122,Fluctuating,87,95.0,37.0,7.0,EDGE,2,Moderate current latency; Low CPU utilization; Medium computational task
1123,Fluctuating,42,84.0,47.0,9.0,CLOUD,3,Moderate current latency; Low CPU utilization; Large computational task
1124,Fluctuating,56,46.0,40.0,10.0,EDGE,2,Low current latency; Low CPU utilization; Large computational task
1125,Fluctuating,56,30.0,51.0,8.0,CLOUD,3,Low current latency; Moderate CPU utilization; Large computational task
1126,Fluctuating,85,49.0,32.0,3.0,EDGE,0,Low current latency; Low CPU utilization; Small computational task
1127,Fluctuating,60,36.0,79.0,10.0,CLOUD,4,Low current latency; High CPU utilization; Large computational task
1128,Fluctuating,82,68.0,61.0,10.0,CLOUD,4,Moderate current latency; Moderate CPU utilization; Large computational task
1129,Fluctuating,75,75.0,34.0,6.0,EDGE,2,Moderate current latency; Low CPU utilization; Medium computational task
1130,Fluctuating,73,58.0,41.0,9.0,CLOUD,3,Moderate current latency; Low CPU utilization; Large computational task
1131,Fluctuating,44,94.0,40.0,7.0,EDGE,2,Moderate current latency; Low CPU utilization; Medium computational task
1132,Fluctuating,74,98.0,55.0,2.0,EDGE,2,Moderate current latency; Moderate CPU utilization; Small computational task
1133,Fluctuating,62,58.0,43.0,6.0,EDGE,2,Moderate current latency; Low CPU utilization; Medium computational task
1134,Fluctuating,61,76.0,48.0,4.0,EDGE,1,Moderate current latency; Low CPU utilization; Small computational task
1135,Fluctuating,88,97.0,60.0,9.0,CLOUD,4,Moderate current latency; Moderate CPU utilization; Large computational task
1136,Fluctuating,88,31.0,37.0,6.0,EDGE,1,Low current latency; Low CPU utilization; Medium computational task
1137,Fluctuating,68,60.0,71.0,10.0,CLOUD,5,Moderate current latency; High CPU utilization; Large computational task
1138,Fluctuating,79,61.0,32.0,6.0,EDGE,2,Moderate current latency; Low CPU utilization; Medium computational task
1139,Fluctuating,64,44.0,54.0,5.0,EDGE,2,Low current latency; Moderate CPU utilization; Medium computational task
1140,Fluctuating,74,66.0,31.0,9.0,CLOUD,3,Moderate current latency; Low CPU utilization; Large computational task
1141,Fluctuating,89,77.0,62.0,9.0,CLOUD,4,Moderate current latency; Moderate CPU utilization; Large computational task
1142,Fluctuating,68,92.0,32.0,5.0,EDGE,2,Moderate current latency; Low CPU utilization; Medium computational task
1143,Fluctuating,81,54.0,50.0,9.0,CLOUD,3,Moderate current latency; Low CPU utilization; Large computational task
1144,Fluctuating,45,42.0,40.0,9.0,EDGE,2,Low current latency; Low CPU utilization; Large computational task
1145,Fluctuating,74,30.0,70.0,2.0,EDGE,1,Low current latency; Moderate CPU utilization; Small computational task
1146,Fluctuating,53,57.0,73.0,7.0,CLOUD,4,Moderate current latency; High CPU utilization; Medium computational task
1147,Fluctuating,46,56.0,64.0,7.0,CLOUD,3,Moderate current latency; Moderate CPU utilization; Medium computational task
1148,Fluctuating,81,39.0,77.0,3.0,EDGE,2,Low current latency; High CPU utilization; Small computational task
1149,Fluctuating,41,88.0,75.0,6.0,CLOUD,4,Moderate current latency; High CPU utilization; Medium computational task
1150,Fluctuating,42,41.0,34.0,1.0,EDGE,0,Low current latency; Low CPU utilization; Small computational task
1151,Fluctuating,51,62.0,65.0,2.0,EDGE,2,Moderate current latency; Moderate CPU utilization; Small computational task
1152,Fluctuating,76,59.0,46.0,7.0,EDGE,2,Moderate current latency; Low CPU utilization; Medium computational task
1153,Fluctuating,64,87.0,70.0,7.0,CLOUD,3,Moderate current latency; Moderate CPU utilization; Medium computational task
1154,Fluctuating,67,70.0,31.0,7.0,EDGE,2,Moderate current latency; Low CPU utilization; Medium computational task
1155,Fluctuating,83,45.0,64.0,1.0,EDGE,1,Low current latency; Moderate CPU utilization; Small computational task
1156,Fluctuating,81,38.0,78.0,10.0,CLOUD,4,Low current latency; High CPU utilization; Large computational task
1157,Fluctuating,42,39.0,52.0,9.0,CLOUD,3,Low current latency; Moderate CPU utilization; Large computational task
1158,Fluctuating,46,67.0,80.0,5.0,CLOUD,4,Moderate current latency; High CPU utilization; Medium computational task
1159,Fluctuating,78,41.0,48.0,8.0,EDGE,2,Low current latency; Low CPU utilization; Large computational task
1160,Fluctuating,64,80.0,72.0,1.0,CLOUD,3,Moderate current latency; High CPU utilization; Small computational task
1161,Fluctuating,70,50.0,64.0,4.0,EDGE,1,Low current latency; Moderate CPU utilization; Small computational task
1162,Fluctuating,48,80.0,80.0,9.0,CLOUD,5,Moderate current latency; High CPU utilization; Large computational task
1163,Fluctuating,58,48.0,49.0,6.0,EDGE,1,Low current latency; Low CPU utilization; Medium computational task
1164,Fluctuating,40,100.0,65.0,3.0,EDGE,2,Moderate current latency; Moderate CPU utilization; Small computational task
1165,Fluctuating,47,35.0,30.0,10.0,EDGE,2,Low current latency; Low CPU utilization; Large computational task
1166,Fluctuating,78,80.0,64.0,9.0,CLOUD,4,Moderate current latency; Moderate CPU utilization; Large computational task
1167,Fluctuating,45,69.0,43.0,6.0,EDGE,2,Moderate current latency; Low CPU utilization; Medium computational task
1168,Fluctuating,53,82.0,71.0,9.0,CLOUD,5,Moderate current latency; High CPU utilization; Large computational task
1169,Fluctuating,49,50.0,41.0,4.0,EDGE,0,Low current latency; Low CPU utilization; Small computational task
1170,Fluctuating,79,62.0,42.0,2.0,EDGE,1,Moderate current latency; Low CPU utilization; Small computational task
1171,Fluctuating,51,36.0,78.0,9.0,CLOUD,4,Low current latency; High CPU utilization; Large computational task
1172,Fluctuating,69,100.0,34.0,5.0,EDGE,2,Moderate current latency; Low CPU utilization; Medium computational task
1173,Fluctuating,82,38.0,46.0,2.0,EDGE,0,Low current latency; Low CPU utilization; Small computational task
1174,Fluctuating,52,92.0,51.0,6.0,CLOUD,3,Moderate current latency; Moderate CPU utilization; Medium computational task
1175,Fluctuating,48,60.0,36.0,5.0,EDGE,2,Moderate current latency; Low CPU utilization; Medium computational task
1176,Fluctuating,79,38.0,42.0,6.0,EDGE,1,Low current latency; Low CPU utilization; Medium computational task
1177,Fluctuating,71,87.0,51.0,10.0,CLOUD,4,Moderate current latency; Moderate CPU utilization; Large computational task
1178,Fluctuating,82,69.0,74.0,10.0,CLOUD,5,Moderate current latency; High CPU utilization; Large computational task
1179,Fluctuating,49,76.0,50.0,7.0,EDGE,2,Moderate current latency; Low CPU utilization; Medium computational task
1180,Fluctuating,50,30.0,50.0,4.0,EDGE,0,Low current latency; Low CPU utilization; Small computational task
1181,Fluctuating,90,58.0,75.0,7.0,CLOUD,4,Moderate current latency; High CPU utilization; Medium computational task
1182,Fluctuating,57,76.0,38.0,6.0,EDGE,2,Moderate current latency; Low CPU utilization; Medium computational task
1183,Fluctuating,70,89.0,58.0,6.0,CLOUD,3,Moderate current latency; Moderate CPU utilization; Medium computational task
1184,Fluctuating,89,69.0,61.0,9.0,CLOUD,4,Moderate current latency; Moderate CPU utilization; Large computational task
1185,Fluctuating,46,52.0,71.0,10.0,CLOUD,5,Moderate current latency; High CPU utilization; Large computational task
1186,Fluctuating,45,65.0,38.0,9.0,CLOUD,3,Moderate current latency; Low CPU utilization; Large computational task
1187,Fluctuating,52,63.0,76.0,2.0,CLOUD,3,Moderate current latency; High CPU utilization; Small computational task
1188,Fluctuating,86,39.0,31.0,9.0,EDGE,2,Low current latency; Low CPU utilization; Large computational task
1189,Fluctuating,80,33.0,67.0,10.0,CLOUD,3,Low current latency; Moderate CPU utilization; Large computational task
1190,Fluctuating,65,57.0,32.0,9.0,CLOUD,3,Moderate current latency; Low CPU utilization; Large computational task
1191,Fluctuating,56,99.0,64.0,8.0,CLOUD,4,Moderate current latency; Moderate CPU utilization; Large computational task
1192,Fluctuating,81,49.0,53.0,7.0,EDGE,2,Low current latency; Moderate CPU utilization; Medium computational task
1193,Fluctuating,54,67.0,38.0,8.0,CLOUD,3,Moderate current latency; Low CPU utilization; Large computational task
1194,Fluctuating,72,95.0,35.0,7.0,EDGE,2,Moderate current latency; Low CPU utilization; Medium computational task
1195,Fluctuating,63,94.0,30.0,4.0,EDGE,1,Moderate current latency; Low CPU utilization; Small computational task
1196,Fluctuating,79,51.0,78.0,9.0,CLOUD,5,Moderate current latency; High CPU utilization; Large computational task
1197,Fluctuating,48,87.0,40.0,3.0,EDGE,1,Moderate current latency; Low CPU utilization; Small computational task
1198,Fluctuating,76,48.0,77.0,8.0,CLOUD,4,Low current latency; High CPU utilization; Large computational task
1199,Fluctuating,62,35.0,44.0,8.0,EDGE,2,Low current latency; Low CPU utilization; Large computational task
1200,Fluctuating,54,38.0,46.0,6.0,EDGE,1,Low current latency; Low CPU utilization; Medium computational task
1201,Fluctuating,54,35.0,72.0,4.0,EDGE,2,Low current latency; High CPU utilization; Small computational task
1202,Fluctuating,73,76.0,54.0,8.0,CLOUD,4,Moderate current latency; Moderate CPU utilization; Large computational task
1203,Fluctuating,69,35.0,32.0,6.0,EDGE,1,Low current latency; Low CPU utilization; Medium computational task
1204,Fluctuating,46,96.0,70.0,5.0,CLOUD,3,Moderate current latency; Moderate CPU utilization; Medium computational task
1205,Fluctuating,87,63.0,67.0,9.0,CLOUD,4,Moderate current latency; Moderate CPU utilization; Large computational task
1206,Fluctuating,76,52.0,54.0,7.0,CLOUD,3,Moderate current latency; Moderate CPU utilization; Medium computational task
1207,Fluctuating,63,39.0,63.0,5.0,EDGE,2,Low current latency; Moderate CPU utilization; Medium computational task
1208,Fluctuating,64,58.0,63.0,7.0,CLOUD,3,Moderate current latency; Moderate CPU utilization; Medium computational task
1209,Fluctuating,62,74.0,61.0,8.0,CLOUD,4,Moderate current latency; Moderate CPU utilization; Large computational task
1210,Fluctuating,78,30.0,62.0,3.0,EDGE,1,Low current latency; Moderate CPU utilization; Small computational task
1211,Fluctuating,68,51.0,44.0,2.0,EDGE,1,Moderate current latency; Low CPU utilization; Small computational task
1212,Fluctuating,72,65.0,43.0,3.0,EDGE,1,Moderate current latency; Low CPU utilization; Small computational task
1213,Fluctuating,51,50.0,53.0,10.0,CLOUD,3,Low current latency; Moderate CPU utilization; Large computational task
1214,Fluctuating,85,45.0,72.0,4.0,EDGE,2,Low current latency; High CPU utilization; Small computational task
1215,Fluctuating,66,72.0,76.0,2.0,CLOUD,3,Moderate current latency; High CPU utilization; Small computational task
1216,Fluctuating,70,91.0,60.0,4.0,EDGE,2,Moderate current latency; Moderate CPU utilization; Small computational task
1217,Fluctuating,77,50.0,71.0,7.0,CLOUD,3,Low current latency; High CPU utilization; Medium computational task
1218,Fluctuating,41,61.0,32.0,3.0,EDGE,1,Moderate current latency; Low CPU utilization; Small computational task
1219,Fluctuating,76,50.0,38.0,9.0,EDGE,2,Low current latency; Low CPU utilization; Large computational task
1220,Fluctuating,42,48.0,33.0,3.0,EDGE,0,Low current latency; Low CPU utilization; Small computational task
1221,Fluctuating,56,53.0,63.0,7.0,CLOUD,3,Moderate current latency; Moderate CPU utilization; Medium computational task
1222,Fluctuating,78,32.0,76.0,5.0,CLOUD,3,Low current latency; High CPU utilization; Medium computational task
1223,Fluctuating,45,57.0,58.0,10.0,CLOUD,4,Moderate current latency; Moderate CPU utilization; Large computational task
1224,Fluctuating,70,91.0,40.0,4.0,EDGE,1,Moderate current latency; Low CPU utilization; Small computational task
1225,Fluctuating,66,48.0,80.0,10.0,CLOUD,4,Low current latency; High CPU utilization; Large computational task
1226,Fluctuating,89,53.0,69.0,9.0,CLOUD,4,Moderate current latency; Moderate CPU utilization; Large computational task
1227,Fluctuating,56,51.0,76.0,6.0,CLOUD,4,Moderate current latency; High CPU utilization; Medium computational task
1228,Fluctuating,69,38.0,44.0,7.0,EDGE,1,Low current latency; Low CPU utilization; Medium computational task
1229,Fluctuating,64,46.0,36.0,1.0,EDGE,0,Low current latency; Low CPU utilization; Small computational task
1230,Fluctuating,52,96.0,62.0,7.0,CLOUD,3,Moderate current latency; Moderate CPU utilization; Medium computational task
1231,Fluctuating,49,42.0,41.0,8.0,EDGE,2,Low current latency; Low CPU utilization; Large computational task
1232,Fluctuating,79,34.0,80.0,9.0,CLOUD,4,Low current latency; High CPU utilization; Large computational task
1233,Fluctuating,72,45.0,35.0,8.0,EDGE,2,Low current latency; Low CPU utilization; Large computational task
1234,Fluctuating,82,46.0,68.0,9.0,CLOUD,3,Low current latency; Moderate CPU utilization; Large computational task
1235,Fluctuating,40,85.0,63.0,7.0,CLOUD,3,Moderate current latency; Moderate CPU utilization; Medium computational task
1236,Fluctuating,63,35.0,74.0,9.0,CLOUD,4,Low current latency; High CPU utilization; Large computational task
1237,Fluctuating,67,59.0,60.0,7.0,CLOUD,3,Moderate current latency; Moderate CPU utilization; Medium computational task
1238,Fluctuating,62,42.0,57.0,3.0,EDGE,1,Low current latency; Moderate CPU utilization; Small computational task
1239,Fluctuating,56,91.0,79.0,4.0,CLOUD,3,Moderate current latency; High CPU utilization; Small computational task
1240,Fluctuating,45,66.0,68.0,9.0,CLOUD,4,Moderate current latency; Moderate CPU utilization; Large computational task
1241,Fluctuating,66,62.0,42.0,1.0,EDGE,1,Moderate current latency; Low CPU utilization; Small computational task
1242,Fluctuating,85,30.0,66.0,9.0,CLOUD,3,Low current latency; Moderate CPU utilization; Large computational task
1243,Fluctuating,47,96.0,30.0,7.0,EDGE,2,Moderate current latency; Low CPU utilization; Medium computational task
1244,Fluctuating,81,56.0,74.0,6.0,CLOUD,4,Moderate current latency; High CPU utilization; Medium computational task
1245,Fluctuating,66,76.0,36.0,3.0,EDGE,1,Moderate current latency; Low CPU utilization; Small computational task
1246,Fluctuating,67,62.0,46.0,9.0,CLOUD,3,Moderate current latency; Low CPU utilization; Large computational task
1247,Fluctuating,67,76.0,69.0,5.0,CLOUD,3,Moderate current latency; Moderate CPU utilization; Medium computational task
1248,Fluctuating,83,80.0,78.0,4.0,CLOUD,3,Moderate current latency; High CPU utilization; Small computational task
1249,Fluctuating,66,100.0,80.0,9.0,CLOUD,5,Moderate current latency; High CPU utilization; Large computational task
1250,Fluctuating,70,52.0,53.0,9.0,CLOUD,4,Moderate current latency; Moderate CPU utilization; Large computational task
1251,Fluctuating,75,91.0,46.0,5.0,EDGE,2,Moderate current latency; Low CPU utilization; Medium computational task
1252,Fluctuating,76,74.0,79.0,7.0,CLOUD,4,Moderate current latency; High CPU utilization; Medium computational task
1253,Fluctuating,87,47.0,72.0,2.0,EDGE,2,Low current latency; High CPU utilization; Small computational task
1254,Fluctuating,87,59.0,58.0,3.0,EDGE,2,Moderate current latency; Moderate CPU utilization; Small computational task
1255,Fluctuating,46,57.0,62.0,7.0,CLOUD,3,Moderate current latency; Moderate CPU utilization; Medium computational task
1256,Fluctuating,90,73.0,65.0,10.0,CLOUD,4,Moderate current latency; Moderate CPU utilization; Large computational task
1257,Fluctuating,84,36.0,40.0,7.0,EDGE,1,Low current latency; Low CPU utilization; Medium computational task
1258,Fluctuating,80,30.0,35.0,3.0,EDGE,0,Low current latency; Low CPU utilization; Small computational task
1259,Fluctuating,70,85.0,35.0,2.0,EDGE,1,Moderate current latency; Low CPU utilization; Small computational task
1260,Fluctuating,56,58.0,53.0,2.0,EDGE,2,Moderate current latency; Moderate CPU utilization; Small computational task
1261,Fluctuating,78,34.0,76.0,7.0,CLOUD,3,Low current latency; High CPU utilization; Medium computational task
1262,Fluctuating,65,96.0,48.0,10.0,CLOUD,3,Moderate current latency; Low CPU utilization; Large computational task
1263,Fluctuating,43,52.0,70.0,8.0,CLOUD,4,Moderate current latency; Moderate CPU utilization; Large computational task
1264,Fluctuating,68,31.0,42.0,9.0,EDGE,2,Low current latency; Low CPU utilization; Large computational task
1265,Fluctuating,58,54.0,32.0,10.0,CLOUD,3,Moderate current latency; Low CPU utilization; Large computational task
1266,Fluctuating,72,96.0,74.0,4.0,CLOUD,3,Moderate current latency; High CPU utilization; Small computational task
1267,Fluctuating,79,51.0,73.0,1.0,CLOUD,3,Moderate current latency; High CPU utilization; Small computational task
1268,Fluctuating,63,60.0,71.0,1.0,CLOUD,3,Moderate current latency; High CPU utilization; Small computational task
1269,Fluctuating,50,41.0,47.0,7.0,EDGE,1,Low current latency; Low CPU utilization; Medium computational task
1270,Fluctuating,62,80.0,55.0,10.0,CLOUD,4,Moderate current latency; Moderate CPU utilization; Large computational task
1271,Fluctuating,52,96.0,30.0,2.0,EDGE,1,Moderate current latency; Low CPU utilization; Small computational task
1272,Fluctuating,45,100.0,48.0,9.0,CLOUD,3,Moderate current latency; Low CPU utilization; Large computational task
1273,Fluctuating,77,74.0,52.0,5.0,CLOUD,3,Moderate current latency; Moderate CPU utilization; Medium computational task
1274,Fluctuating,54,54.0,59.0,7.0,CLOUD,3,Moderate current latency; Moderate CPU utilization; Medium computational task
1275,Fluctuating,76,30.0,46.0,3.0,EDGE,0,Low current latency; Low CPU utilization; Small computational task
1276,Fluctuating,66,94.0,36.0,9.0,CLOUD,3,Moderate current latency; Low CPU utilization; Large computational task
1277,Fluctuating,44,94.0,48.0,6.0,EDGE,2,Moderate current latency; Low CPU utilization; Medium computational task
1278,Fluctuating,47,95.0,46.0,9.0,CLOUD,3,Moderate current latency; Low CPU utilization; Large computational task
1279,Fluctuating,90,62.0,74.0,8.0,CLOUD,5,Moderate current latency; High CPU utilization; Large computational task
1280,Fluctuating,64,91.0,79.0,4.0,CLOUD,3,Moderate current latency; High CPU utilization; Small computational task
1281,Fluctuating,88,73.0,79.0,8.0,CLOUD,5,Moderate current latency; High CPU utilization; Large computational task
1282,Fluctuating,83,88.0,67.0,1.0,EDGE,2,Moderate current latency; Moderate CPU utilization; Small computational task
1283,Fluctuating,70,44.0,46.0,2.0,EDGE,0,Low current latency; Low CPU utilization; Small computational task
1284,Fluctuating,64,58.0,73.0,4.0,CLOUD,3,Moderate current latency; High CPU utilization; Small computational task
1285,Fluctuating,60,82.0,52.0,9.0,CLOUD,4,Moderate current latency; Moderate CPU utilization; Large computational task
1286,Fluctuating,74,31.0,74.0,5.0,CLOUD,3,Low current latency; High CPU utilization; Medium computational task
1287,Fluctuating,55,66.0,35.0,7.0,EDGE,2,Moderate current latency; Low CPU utilization; Medium computational task
1288,Fluctuating,83,73.0,34.0,9.0,CLOUD,3,Moderate current latency; Low CPU utilization; Large computational task
1289,Fluctuating,51,90.0,50.0,6.0,EDGE,2,Moderate current latency; Low CPU utilization; Medium computational task
1290,Fluctuating,53,64.0,41.0,4.0,EDGE,1,Moderate current latency; Low CPU utilization; Small computational task
1291,Fluctuating,71,55.0,45.0,4.0,EDGE,1,Moderate current latency; Low CPU utilization; Small computational task
1292,Fluctuating,56,56.0,44.0,4.0,EDGE,1,Moderate current latency; Low CPU utilization; Small computational task
1293,Fluctuating,55,75.0,39.0,2.0,EDGE,1,Moderate current latency; Low CPU utilization; Small computational task
1294,Fluctuating,47,40.0,73.0,8.0,CLOUD,4,Low current latency; High CPU utilization; Large computational task
1295,Fluctuating,79,30.0,78.0,9.0,CLOUD,4,Low current latency; High CPU utilization; Large computational task
1296,Fluctuating,42,91.0,53.0,10.0,CLOUD,4,Moderate current latency; Moderate CPU utilization; Large computational task
1297,Fluctuating,60,93.0,66.0,5.0,CLOUD,3,Moderate current latency; Moderate CPU utilization; Medium computational task
1298,Fluctuating,71,53.0,78.0,9.0,CLOUD,5,Moderate current latency; High CPU utilization; Large computational task
1299,Fluctuating,57,80.0,44.0,10.0,CLOUD,3,Moderate current latency; Low CPU utilization; Large computational task
1300,Fluctuating,48,36.0,63.0,7.0,EDGE,2,Low current latency; Moderate CPU utilization; Medium computational task
1301,Fluctuating,70,99.0,32.0,9.0,CLOUD,3,Moderate current latency; Low CPU utilization; Large computational task
1302,Fluctuating,62,80.0,73.0,3.0,CLOUD,3,Moderate current latency; High CPU utilization; Small computational task
1303,Fluctuating,69,45.0,74.0,9.0,CLOUD,4,Low current latency; High CPU utilization; Large computational task
1304,Fluctuating,69,70.0,74.0,1.0,CLOUD,3,Moderate current latency; High CPU utilization; Small computational task
1305,Fluctuating,40,56.0,54.0,10.0,CLOUD,4,Moderate current latency; Moderate CPU utilization; Large computational task
1306,Fluctuating,46,71.0,53.0,10.0,CLOUD,4,Moderate current latency; Moderate CPU utilization; Large computational task
1307,Fluctuating,56,53.0,65.0,5.0,CLOUD,3,Moderate current latency; Moderate CPU utilization; Medium computational task
1308,Fluctuating,55,64.0,60.0,10.0,CLOUD,4,Moderate current latency; Moderate CPU utilization; Large computational task
1309,Fluctuating,61,76.0,41.0,8.0,CLOUD,3,Moderate current latency; Low CPU utilization; Large computational task
1310,Fluctuating,67,56.0,56.0,6.0,CLOUD,3,Moderate current latency; Moderate CPU utilization; Medium computational task
1311,Fluctuating,63,81.0,47.0,8.0,CLOUD,3,Moderate current latency; Low CPU utilization; Large computational task
1312,Fluctuating,51,46.0,66.0,4.0,EDGE,1,Low current latency; Moderate CPU utilization; Small computational task
1313,Fluctuating,46,64.0,45.0,9.0,CLOUD,3,Moderate current latency; Low CPU utilization; Large computational task
1314,Fluctuating,67,78.0,42.0,3.0,EDGE,1,Moderate current latency; Low CPU utilization; Small computational task
1315,Fluctuating,87,49.0,60.0,1.0,EDGE,1,Low current latency; Moderate CPU utilization; Small computational task
1316,Fluctuating,51,83.0,61.0,3.0,EDGE,2,Moderate current latency; Moderate CPU utilization; Small computational task
1317,Fluctuating,80,96.0,64.0,6.0,CLOUD,3,Moderate current latency; Moderate CPU utilization; Medium computational task
1318,Fluctuating,90,92.0,49.0,5.0,EDGE,2,Moderate current latency; Low CPU utilization; Medium computational task
1319,Fluctuating,75,36.0,55.0,2.0,EDGE,1,Low current latency; Moderate CPU utilization; Small computational task
1320,Fluctuating,84,50.0,33.0,4.0,EDGE,0,Low current latency; Low CPU utilization; Small computational task
1321,Fluctuating,56,90.0,70.0,2.0,EDGE,2,Moderate current latency; Moderate CPU utilization; Small computational task
1322,Fluctuating,68,72.0,46.0,6.0,EDGE,2,Moderate current latency; Low CPU utilization; Medium computational task
1323,Fluctuating,63,62.0,52.0,1.0,EDGE,2,Moderate current latency; Moderate CPU utilization; Small computational task
1324,Fluctuating,66,45.0,52.0,10.0,CLOUD,3,Low current latency; Moderate CPU utilization; Large computational task
1325,Fluctuating,52,98.0,41.0,5.0,EDGE,2,Moderate current latency; Low CPU utilization; Medium computational task
1326,Fluctuating,62,71.0,73.0,9.0,CLOUD,5,Moderate current latency; High CPU utilization; Large computational task
1327,Fluctuating,71,87.0,35.0,7.0,EDGE,2,Moderate current latency; Low CPU utilization; Medium computational task
1328,Fluctuating,79,66.0,59.0,3.0,EDGE,2,Moderate current latency; Moderate CPU utilization; Small computational task
1329,Fluctuating,50,73.0,56.0,10.0,CLOUD,4,Moderate current latency; Moderate CPU utilization; Large computational task
1330,Fluctuating,76,81.0,34.0,2.0,EDGE,1,Moderate current latency; Low CPU utilization; Small computational task
1331,Fluctuating,50,73.0,44.0,6.0,EDGE,2,Moderate current latency; Low CPU utilization; Medium computational task
1332,Fluctuating,60,67.0,75.0,5.0,CLOUD,4,Moderate current latency; High CPU utilization; Medium computational task
1333,Fluctuating,78,80.0,47.0,8.0,CLOUD,3,Moderate current latency; Low CPU utilization; Large computational task
1334,Fluctuating,89,76.0,77.0,10.0,CLOUD,5,Moderate current latency; High CPU utilization; Large computational task
1335,Fluctuating,73,87.0,56.0,3.0,EDGE,2,Moderate current latency; Moderate CPU utilization; Small computational task
1336,Fluctuating,51,32.0,38.0,4.0,EDGE,0,Low current latency; Low CPU utilization; Small computational task
1337,Fluctuating,82,62.0,77.0,2.0,CLOUD,3,Moderate current latency; High CPU utilization; Small computational task
1338,Fluctuating,53,51.0,55.0,2.0,EDGE,2,Moderate current latency; Moderate CPU utilization; Small computational task
1339,Fluctuating,46,38.0,60.0,9.0,CLOUD,3,Low current latency; Moderate CPU utilization; Large computational task
1340,Fluctuating,43,33.0,79.0,7.0,CLOUD,3,Low current latency; High CPU utilization; Medium computational task
1341,Fluctuating,73,40.0,36.0,5.0,EDGE,1,Low current latency; Low CPU utilization; Medium computational task
1342,Fluctuating,79,49.0,35.0,7.0,EDGE,1,Low current latency; Low CPU utilization; Medium computational task
1343,Fluctuating,59,59.0,45.0,5.0,EDGE,2,Moderate current latency; Low CPU utilization; Medium computational task
1344,Fluctuating,68,46.0,38.0,9.0,EDGE,2,Low current latency; Low CPU utilization; Large computational task
1345,Fluctuating,50,33.0,32.0,6.0,EDGE,1,Low current latency; Low CPU utilization; Medium computational task
1346,Fluctuating,60,90.0,59.0,9.0,CLOUD,4,Moderate current latency; Moderate CPU utilization; Large computational task
1347,Fluctuating,57,100.0,58.0,3.0,EDGE,2,Moderate current latency; Moderate CPU utilization; Small computational task
1348,Fluctuating,84,99.0,41.0,10.0,CLOUD,3,Moderate current latency; Low CPU utilization; Large computational task
1349,Fluctuating,78,88.0,70.0,10.0,CLOUD,4,Moderate current latency; Moderate CPU utilization; Large computational task
1350,Fluctuating,67,97.0,70.0,9.0,CLOUD,4,Moderate current latency; Moderate CPU utilization; Large computational task
1351,Fluctuating,59,74.0,60.0,9.0,CLOUD,4,Moderate current latency; Moderate CPU utilization; Large computational task
1352,Fluctuating,54,41.0,58.0,5.0,EDGE,2,Low current latency; Moderate CPU utilization; Medium computational task
1353,Fluctuating,63,82.0,46.0,3.0,EDGE,1,Moderate current latency; Low CPU utilization; Small computational task
1354,Fluctuating,59,31.0,30.0,9.0,EDGE,2,Low current latency; Low CPU utilization; Large computational task
1355,Fluctuating,88,47.0,52.0,5.0,EDGE,2,Low current latency; Moderate CPU utilization; Medium computational task
1356,Fluctuating,70,98.0,30.0,8.0,CLOUD,3,Moderate current latency; Low CPU utilization; Large computational task
1357,Fluctuating,88,91.0,49.0,1.0,EDGE,1,Moderate current latency; Low CPU utilization; Small computational task
1358,Fluctuating,89,85.0,48.0,10.0,CLOUD,3,Moderate current latency; Low CPU utilization; Large computational task
1359,Fluctuating,54,30.0,65.0,6.0,EDGE,2,Low current latency; Moderate CPU utilization; Medium computational task
1360,Fluctuating,52,82.0,65.0,7.0,CLOUD,3,Moderate current latency; Moderate CPU utilization; Medium computational task
1361,Fluctuating,65,61.0,40.0,7.0,EDGE,2,Moderate current latency; Low CPU utilization; Medium computational task
1362,Fluctuating,64,58.0,46.0,2.0,EDGE,1,Moderate current latency; Low CPU utilization; Small computational task
1363,Fluctuating,67,60.0,63.0,10.0,CLOUD,4,Moderate current latency; Moderate CPU utilization; Large computational task
1364,Fluctuating,84,64.0,48.0,9.0,CLOUD,3,Moderate current latency; Low CPU utilization; Large computational task
1365,Fluctuating,57,82.0,42.0,2.0,EDGE,1,Moderate current latency; Low CPU utilization; Small computational task
1366,Fluctuating,51,47.0,48.0,2.0,EDGE,0,Low current latency; Low CPU utilization; Small computational task
1367,Fluctuating,80,88.0,69.0,8.0,CLOUD,4,Moderate current latency; Moderate CPU utilization; Large computational task
1368,Fluctuating,57,92.0,42.0,6.0,EDGE,2,Moderate current latency; Low CPU utilization; Medium computational task
1369,Fluctuating,41,49.0,33.0,9.0,EDGE,2,Low current latency; Low CPU utilization; Large computational task
1370,Fluctuating,41,53.0,36.0,5.0,EDGE,2,Moderate current latency; Low CPU utilization; Medium computational task
1371,Fluctuating,57,46.0,75.0,8.0,CLOUD,4,Low current latency; High CPU utilization; Large computational task
1372,Fluctuating,86,31.0,44.0,2.0,EDGE,0,Low current latency; Low CPU utilization; Small computational task
1373,Fluctuating,49,31.0,61.0,4.0,EDGE,1,Low current latency; Moderate CPU utilization; Small computational task
1374,Fluctuating,61,83.0,49.0,8.0,CLOUD,3,Moderate current latency; Low CPU utilization; Large computational task
1375,Fluctuating,63,89.0,74.0,1.0,CLOUD,3,Moderate current latency; High CPU utilization; Small computational task
1376,Fluctuating,61,40.0,78.0,3.0,EDGE,2,Low current latency; High CPU utilization; Small computational task
1377,Fluctuating,43,64.0,79.0,7.0,CLOUD,4,Moderate current latency; High CPU utilization; Medium computational task
1378,Fluctuating,44,99.0,60.0,3.0,EDGE,2,Moderate current latency; Moderate CPU utilization; Small computational task
1379,Fluctuating,52,62.0,54.0,1.0,EDGE,2,Moderate current latency; Moderate CPU utilization; Small computational task
1380,Fluctuating,47,61.0,54.0,8.0,CLOUD,4,Moderate current latency; Moderate CPU utilization; Large computational task
1381,Fluctuating,55,34.0,42.0,8.0,EDGE,2,Low current latency; Low CPU utilization; Large computational task
1382,Fluctuating,87,42.0,63.0,4.0,EDGE,1,Low current latency; Moderate CPU utilization; Small computational task
1383,Fluctuating,70,79.0,73.0,5.0,CLOUD,4,Moderate current latency; High CPU utilization; Medium computational task
1384,Fluctuating,60,50.0,70.0,1.0,EDGE,1,Low current latency; Moderate CPU utilization; Small computational task
1385,Fluctuating,87,100.0,63.0,2.0,EDGE,2,Moderate current latency; Moderate CPU utilization; Small computational task
1386,Fluctuating,56,91.0,70.0,5.0,CLOUD,3,Moderate current latency; Moderate CPU utilization; Medium computational task
1387,Fluctuating,52,76.0,33.0,4.0,EDGE,1,Moderate current latency; Low CPU utilization; Small computational task
1388,Fluctuating,47,60.0,70.0,7.0,CLOUD,3,Moderate current latency; Moderate CPU utilization; Medium computational task
1389,Fluctuating,60,31.0,40.0,5.0,EDGE,1,Low current latency; Low CPU utilization; Medium computational task
1390,Fluctuating,77,45.0,55.0,4.0,EDGE,1,Low current latency; Moderate CPU utilization; Small computational task
1391,Fluctuating,40,35.0,67.0,8.0,CLOUD,3,Low current latency; Moderate CPU utilization; Large computational task
1392,Fluctuating,84,49.0,53.0,2.0,EDGE,1,Low current latency; Moderate CPU utilization; Small computational task
1393,Fluctuating,55,50.0,61.0,2.0,EDGE,1,Low current latency; Moderate CPU utilization; Small computational task
1394,Fluctuating,83,73.0,78.0,1.0,CLOUD,3,Moderate current latency; High CPU utilization; Small computational task
1395,Fluctuating,43,75.0,71.0,3.0,CLOUD,3,Moderate current latency; High CPU utilization; Small computational task
1396,Fluctuating,84,98.0,80.0,2.0,CLOUD,3,Moderate current latency; High CPU utilization; Small computational task
1397,Fluctuating,48,92.0,44.0,6.0,EDGE,2,Moderate current latency; Low CPU utilization; Medium computational task
1398,Fluctuating,75,74.0,58.0,4.0,EDGE,2,Moderate current latency; Moderate CPU utilization; Small computational task
1399,Fluctuating,41,78.0,52.0,3.0,EDGE,2,Moderate current latency; Moderate CPU utilization; Small computational task
1400,Fluctuating,56,35.0,61.0,8.0,CLOUD,3,Low current latency; Moderate CPU utilization; Large computational task
1401,Fluctuating,75,67.0,64.0,8.0,CLOUD,4,Moderate current latency; Moderate CPU utilization; Large computational task
1402,Fluctuating,52,53.0,64.0,6.0,CLOUD,3,Moderate current latency; Moderate CPU utilization; Medium computational task
1403,Fluctuating,60,89.0,47.0,10.0,CLOUD,3,Moderate current latency; Low CPU utilization; Large computational task
1404,Fluctuating,75,50.0,34.0,9.0,EDGE,2,Low current latency; Low CPU utilization; Large computational task
1405,Fluctuating,49,87.0,48.0,5.0,EDGE,2,Moderate current latency; Low CPU utilization; Medium computational task
1406,Fluctuating,74,76.0,59.0,1.0,EDGE,2,Moderate current latency; Moderate CPU utilization; Small computational task
1407,Fluctuating,89,94.0,54.0,3.0,EDGE,2,Moderate current latency; Moderate CPU utilization; Small computational task
1408,Fluctuating,41,76.0,79.0,10.0,CLOUD,5,Moderate current latency; High CPU utilization; Large computational task
1409,Fluctuating,55,71.0,76.0,2.0,CLOUD,3,Moderate current latency; High CPU utilization; Small computational task
1410,Fluctuating,82,98.0,54.0,4.0,EDGE,2,Moderate current latency; Moderate CPU utilization; Small computational task
1411,Fluctuating,73,93.0,79.0,9.0,CLOUD,5,Moderate current latency; High CPU utilization; Large computational task
1412,Fluctuating,49,66.0,50.0,7.0,EDGE,2,Moderate current latency; Low CPU utilization; Medium computational task
1413,Fluctuating,81,71.0,37.0,2.0,EDGE,1,Moderate current latency; Low CPU utilization; Small computational task
1414,Fluctuating,73,38.0,32.0,3.0,EDGE,0,Low current latency; Low CPU utilization; Small computational task
1415,Fluctuating,51,34.0,42.0,2.0,EDGE,0,Low current latency; Low CPU utilization; Small computational task
1416,Fluctuating,71,54.0,36.0,1.0,EDGE,1,Moderate current latency; Low CPU utilization; Small computational task
1417,Fluctuating,76,79.0,72.0,8.0,CLOUD,5,Moderate current latency; High CPU utilization; Large computational task
1418,Fluctuating,73,62.0,33.0,6.0,EDGE,2,Moderate current latency; Low CPU utilization; Medium computational task
1419,Fluctuating,54,39.0,30.0,4.0,EDGE,0,Low current latency; Low CPU utilization; Small computational task
1420,Fluctuating,81,92.0,35.0,8.0,CLOUD,3,Moderate current latency; Low CPU utilization; Large computational task
1421,Fluctuating,80,37.0,53.0,9.0,CLOUD,3,Low current latency; Moderate CPU utilization; Large computational task
1422,Fluctuating,87,83.0,53.0,1.0,EDGE,2,Moderate current latency; Moderate CPU utilization; Small computational task
1423,Fluctuating,79,64.0,63.0,1.0,EDGE,2,Moderate current latency; Moderate CPU utilization; Small computational task
1424,Fluctuating,86,39.0,49.0,2.0,EDGE,0,Low current latency; Low CPU utilization; Small computational task
1425,Fluctuating,53,96.0,36.0,2.0,EDGE,1,Moderate current latency; Low CPU utilization; Small computational task
1426,Fluctuating,86,59.0,64.0,7.0,CLOUD,3,Moderate current latency; Moderate CPU utilization; Medium computational task
1427,Fluctuating,52,54.0,63.0,4.0,EDGE,2,Moderate current latency; Moderate CPU utilization; Small computational task
1428,Fluctuating,76,52.0,65.0,9.0,CLOUD,4,Moderate current latency; Moderate CPU utilization; Large computational task
1429,Fluctuating,66,43.0,79.0,10.0,CLOUD,4,Low current latency; High CPU utilization; Large computational task
1430,Fluctuating,62,88.0,74.0,7.0,CLOUD,4,Moderate current latency; High CPU utilization; Medium computational task
1431,Fluctuating,46,51.0,80.0,3.0,CLOUD,3,Moderate current latency; High CPU utilization; Small computational task
1432,Fluctuating,75,81.0,62.0,6.0,CLOUD,3,Moderate current latency; Moderate CPU utilization; Medium computational task
1433,Fluctuating,82,50.0,64.0,10.0,CLOUD,3,Low current latency; Moderate CPU utilization; Large computational task
1434,Fluctuating,68,75.0,50.0,9.0,CLOUD,3,Moderate current latency; Low CPU utilization; Large computational task
1435,Fluctuating,60,77.0,56.0,7.0,CLOUD,3,Moderate current latency; Moderate CPU utilization; Medium computational task
1436,Fluctuating,86,71.0,68.0,4.0,EDGE,2,Moderate current latency; Moderate CPU utilization; Small computational task
1437,Fluctuating,76,99.0,43.0,7.0,EDGE,2,Moderate current latency; Low CPU utilization; Medium computational task
1438,Fluctuating,89,100.0,77.0,5.0,CLOUD,4,Moderate current latency; High CPU utilization; Medium computational task
1439,Fluctuating,63,87.0,58.0,7.0,CLOUD,3,Moderate current latency; Moderate CPU utilization; Medium computational task
1440,Fluctuating,40,34.0,48.0,10.0,EDGE,2,Low current latency; Low CPU utilization; Large computational task
1441,Fluctuating,41,96.0,38.0,5.0,EDGE,2,Moderate current latency; Low CPU utilization; Medium computational task
1442,Fluctuating,40,68.0,44.0,4.0,EDGE,1,Moderate current latency; Low CPU utilization; Small computational task
1443,Fluctuating,60,32.0,79.0,5.0,CLOUD,3,Low current latency; High CPU utilization; Medium computational task
1444,Fluctuating,75,95.0,65.0,10.0,CLOUD,4,Moderate current latency; Moderate CPU utilization; Large computational task
1445,Fluctuating,76,49.0,36.0,1.0,EDGE,0,Low current latency; Low CPU utilization; Small computational task
1446,Fluctuating,69,75.0,39.0,3.0,EDGE,1,Moderate current latency; Low CPU utilization; Small computational task
1447,Fluctuating,56,76.0,67.0,4.0,EDGE,2,Moderate current latency; Moderate CPU utilization; Small computational task
1448,Fluctuating,54,62.0,49.0,2.0,EDGE,1,Moderate current latency; Low CPU utilization; Small computational task
1449,Fluctuating,76,81.0,66.0,4.0,EDGE,2,Moderate current latency; Moderate CPU utilization; Small computational task
1450,Fluctuating,86,39.0,76.0,6.0,CLOUD,3,Low current latency; High CPU utilization; Medium computational task
1451,Fluctuating,90,91.0,41.0,8.0,CLOUD,3,Moderate current latency; Low CPU utilization; Large computational task
1452,Fluctuating,84,42.0,68.0,5.0,EDGE,2,Low current latency; Moderate CPU utilization; Medium computational task
1453,Fluctuating,42,78.0,35.0,1.0,EDGE,1,Moderate current latency; Low CPU utilization; Small computational task
1454,Fluctuating,89,72.0,52.0,7.0,CLOUD,3,Moderate current latency; Moderate CPU utilization; Medium computational task
1455,Fluctuating,66,45.0,79.0,4.0,EDGE,2,Low current latency; High CPU utilization; Small computational task
1456,Fluctuating,87,31.0,70.0,7.0,EDGE,2,Low current latency; Moderate CPU utilization; Medium computational task
1457,Fluctuating,43,69.0,63.0,1.0,EDGE,2,Moderate current latency; Moderate CPU utilization; Small computational task
1458,Fluctuating,60,99.0,66.0,3.0,EDGE,2,Moderate current latency; Moderate CPU utilization; Small computational task
1459,Fluctuating,60,94.0,74.0,4.0,CLOUD,3,Moderate current latency; High CPU utilization; Small computational task
1460,Fluctuating,49,36.0,73.0,7.0,CLOUD,3,Low current latency; High CPU utilization; Medium computational task
1461,Fluctuating,68,94.0,35.0,4.0,EDGE,1,Moderate current latency; Low CPU utilization; Small computational task
1462,Fluctuating,67,67.0,80.0,7.0,CLOUD,4,Moderate current latency; High CPU utilization; Medium computational task
1463,Fluctuating,49,46.0,51.0,2.0,EDGE,1,Low current latency; Moderate CPU utilization; Small computational task
1464,Fluctuating,70,36.0,65.0,7.0,EDGE,2,Low current latency; Moderate CPU utilization; Medium computational task
1465,Fluctuating,56,40.0,55.0,9.0,CLOUD,3,Low current latency; Moderate CPU utilization; Large computational task
1466,Fluctuating,67,46.0,78.0,3.0,EDGE,2,Low current latency; High CPU utilization; Small computational task
1467,Fluctuating,70,55.0,61.0,7.0,CLOUD,3,Moderate current latency; Moderate CPU utilization; Medium computational task
1468,Fluctuating,81,55.0,65.0,10.0,CLOUD,4,Moderate current latency; Moderate CPU utilization; Large computational task
1469,Fluctuating,87,97.0,45.0,4.0,EDGE,1,Moderate current latency; Low CPU utilization; Small computational task
1470,Fluctuating,44,64.0,79.0,7.0,CLOUD,4,Moderate current latency; High CPU utilization; Medium computational task
1471,Fluctuating,60,41.0,37.0,7.0,EDGE,1,Low current latency; Low CPU utilization; Medium computational task
1472,Fluctuating,67,76.0,52.0,4.0,EDGE,2,Moderate current latency; Moderate CPU utilization; Small computational task
1473,Fluctuating,60,74.0,68.0,1.0,EDGE,2,Moderate current latency; Moderate CPU utilization; Small computational task
1474,Fluctuating,89,69.0,40.0,6.0,EDGE,2,Moderate current latency; Low CPU utilization; Medium computational task
1475,Fluctuating,79,86.0,69.0,3.0,EDGE,2,Moderate current latency; Moderate CPU utilization; Small computational task
1476,Fluctuating,68,35.0,44.0,4.0,EDGE,0,Low current latency; Low CPU utilization; Small computational task
1477,Fluctuating,83,77.0,39.0,2.0,EDGE,1,Moderate current latency; Low CPU utilization; Small computational task
1478,Fluctuating,47,36.0,45.0,10.0,EDGE,2,Low current latency; Low CPU utilization; Large computational task
1479,Fluctuating,49,66.0,30.0,6.0,EDGE,2,Moderate current latency; Low CPU utilization; Medium computational task
1480,Fluctuating,84,44.0,49.0,8.0,EDGE,2,Low current latency; Low CPU utilization; Large computational task
1481,Fluctuating,70,32.0,51.0,4.0,EDGE,1,Low current latency; Moderate CPU utilization; Small computational task
1482,Fluctuating,87,98.0,43.0,4.0,EDGE,1,Moderate current latency; Low CPU utilization; Small computational task
1483,Fluctuating,74,96.0,78.0,5.0,CLOUD,4,Moderate current latency; High CPU utilization; Medium computational task
1484,Fluctuating,75,91.0,69.0,3.0,EDGE,2,Moderate current latency; Moderate CPU utilization; Small computational task
1485,Fluctuating,84,32.0,54.0,10.0,CLOUD,3,Low current latency; Moderate CPU utilization; Large computational task
1486,Fluctuating,82,97.0,32.0,5.0,EDGE,2,Moderate current latency; Low CPU utilization; Medium computational task
1487,Fluctuating,50,37.0,48.0,4.0,EDGE,0,Low current latency; Low CPU utilization; Small computational task
1488,Fluctuating,90,64.0,33.0,8.0,CLOUD,3,Moderate current latency; Low CPU utilization; Large computational task
1489,Fluctuating,81,31.0,34.0,7.0,EDGE,1,Low current latency; Low CPU utilization; Medium computational task
1490,Fluctuating,82,64.0,72.0,6.0,CLOUD,4,Moderate current latency; High CPU utilization; Medium computational task
1491,Fluctuating,46,32.0,48.0,7.0,EDGE,1,Low current latency; Low CPU utilization; Medium computational task
1492,Fluctuating,54,78.0,62.0,2.0,EDGE,2,Moderate current latency; Moderate CPU utilization; Small computational task
1493,Fluctuating,60,92.0,68.0,9.0,CLOUD,4,Moderate current latency; Moderate CPU utilization; Large computational task
1494,Fluctuating,45,53.0,42.0,9.0,CLOUD,3,Moderate current latency; Low CPU utilization; Large computational task
1495,Fluctuating,69,32.0,32.0,4.0,EDGE,0,Low current latency; Low CPU utilization; Small computational task
1496,Fluctuating,73,69.0,51.0,8.0,CLOUD,4,Moderate current latency; Moderate CPU utilization; Large computational task
1497,Fluctuating,65,50.0,31.0,6.0,EDGE,1,Low current latency; Low CPU utilization; Medium computational task
1498,Fluctuating,83,75.0,52.0,5.0,CLOUD,3,Moderate current latency; Moderate CPU utilization; Medium computational task
1499,Fluctuating,55,94.0,47.0,1.0,EDGE,1,Moderate current latency; Low CPU utilization; Small computational task
1500,Fluctuating,80,62.0,54.0,1.0,EDGE,2,Moderate current latency; Moderate CPU utilization; Small computational task
1501,Fluctuating,75,65.0,44.0,3.0,EDGE,1,Moderate current latency; Low CPU utilization; Small computational task
1502,Fluctuating,61,80.0,72.0,3.0,CLOUD,3,Moderate current latency; High CPU utilization; Small computational task
1503,Fluctuating,45,78.0,63.0,10.0,CLOUD,4,Moderate current latency; Moderate CPU utilization; Large computational task
1504,Fluctuating,80,59.0,56.0,4.0,EDGE,2,Moderate current latency; Moderate CPU utilization; Small computational task
1505,Fluctuating,76,49.0,57.0,5.0,EDGE,2,Low current latency; Moderate CPU utilization; Medium computational task
1506,Fluctuating,78,72.0,58.0,9.0,CLOUD,4,Moderate current latency; Moderate CPU utilization; Large computational task
1507,Fluctuating,48,56.0,71.0,3.0,CLOUD,3,Moderate current latency; High CPU utilization; Small computational task
1508,Fluctuating,77,99.0,73.0,4.0,CLOUD,3,Moderate current latency; High CPU utilization; Small computational task
1509,Fluctuating,48,69.0,74.0,9.0,CLOUD,5,Moderate current latency; High CPU utilization; Large computational task
1510,Fluctuating,48,85.0,79.0,3.0,CLOUD,3,Moderate current latency; High CPU utilization; Small computational task
1511,Fluctuating,81,50.0,50.0,2.0,EDGE,0,Low current latency; Low CPU utilization; Small computational task
1512,Fluctuating,75,98.0,76.0,2.0,CLOUD,3,Moderate current latency; High CPU utilization; Small computational task
1513,Fluctuating,51,70.0,39.0,1.0,EDGE,1,Moderate current latency; Low CPU utilization; Small computational task
1514,Fluctuating,88,70.0,56.0,7.0,CLOUD,3,Moderate current latency; Moderate CPU utilization; Medium computational task
1515,Fluctuating,59,86.0,77.0,5.0,CLOUD,4,Moderate current latency; High CPU utilization; Medium computational task
1516,Fluctuating,49,54.0,36.0,3.0,EDGE,1,Moderate current latency; Low CPU utilization; Small computational task
1517,Fluctuating,51,33.0,78.0,10.0,CLOUD,4,Low current latency; High CPU utilization; Large computational task
1518,Fluctuating,79,64.0,68.0,10.0,CLOUD,4,Moderate current latency; Moderate CPU utilization; Large computational task
1519,Fluctuating,79,59.0,68.0,4.0,EDGE,2,Moderate current latency; Moderate CPU utilization; Small computational task
1520,Fluctuating,54,33.0,52.0,2.0,EDGE,1,Low current latency; Moderate CPU utilization; Small computational task
1521,Fluctuating,84,91.0,38.0,9.0,CLOUD,3,Moderate current latency; Low CPU utilization; Large computational task
1522,Fluctuating,78,90.0,75.0,6.0,CLOUD,4,Moderate current latency; High CPU utilization; Medium computational task
1523,Fluctuating,51,79.0,61.0,8.0,CLOUD,4,Moderate current latency; Moderate CPU utilization; Large computational task
1524,Fluctuating,48,50.0,42.0,4.0,EDGE,0,Low current latency; Low CPU utilization; Small computational task
1525,Fluctuating,42,82.0,78.0,1.0,CLOUD,3,Moderate current latency; High CPU utilization; Small computational task
1526,Fluctuating,57,82.0,44.0,4.0,EDGE,1,Moderate current latency; Low CPU utilization; Small computational task
1527,Fluctuating,88,56.0,34.0,3.0,EDGE,1,Moderate current latency; Low CPU utilization; Small computational task
1528,Fluctuating,68,92.0,74.0,6.0,CLOUD,4,Moderate current latency; High CPU utilization; Medium computational task
1529,Fluctuating,69,61.0,57.0,7.0,CLOUD,3,Moderate current latency; Moderate CPU utilization; Medium computational task
1530,Fluctuating,89,35.0,68.0,7.0,EDGE,2,Low current latency; Moderate CPU utilization; Medium computational task
1531,Fluctuating,86,70.0,55.0,10.0,CLOUD,4,Moderate current latency; Moderate CPU utilization; Large computational task
1532,Fluctuating,87,98.0,63.0,1.0,EDGE,2,Moderate current latency; Moderate CPU utilization; Small computational task
1533,Fluctuating,73,43.0,58.0,8.0,CLOUD,3,Low current latency; Moderate CPU utilization; Large computational task
1534,Fluctuating,42,61.0,63.0,9.0,CLOUD,4,Moderate current latency; Moderate CPU utilization; Large computational task
1535,Fluctuating,65,35.0,65.0,7.0,EDGE,2,Low current latency; Moderate CPU utilization; Medium computational task
1536,Fluctuating,73,36.0,42.0,5.0,EDGE,1,Low current latency; Low CPU utilization; Medium computational task
1537,Fluctuating,68,80.0,49.0,5.0,EDGE,2,Moderate current latency; Low CPU utilization; Medium computational task
1538,Fluctuating,69,51.0,57.0,5.0,CLOUD,3,Moderate current latency; Moderate CPU utilization; Medium computational task
1539,Fluctuating,79,36.0,74.0,9.0,CLOUD,4,Low current latency; High CPU utilization; Large computational task
1540,Fluctuating,49,89.0,71.0,8.0,CLOUD,5,Moderate current latency; High CPU utilization; Large computational task
1541,Fluctuating,45,94.0,37.0,3.0,EDGE,1,Moderate current latency; Low CPU utilization; Small computational task
1542,Fluctuating,89,99.0,38.0,7.0,EDGE,2,Moderate current latency; Low CPU utilization; Medium computational task
1543,Fluctuating,66,71.0,58.0,1.0,EDGE,2,Moderate current latency; Moderate CPU utilization; Small computational task
1544,Fluctuating,51,88.0,67.0,4.0,EDGE,2,Moderate current latency; Moderate CPU utilization; Small computational task
1545,Fluctuating,69,41.0,46.0,6.0,EDGE,1,Low current latency; Low CPU utilization; Medium computational task
1546,Fluctuating,84,50.0,75.0,2.0,EDGE,2,Low current latency; High CPU utilization; Small computational task
1547,Fluctuating,45,44.0,75.0,8.0,CLOUD,4,Low current latency; High CPU utilization; Large computational task
1548,Fluctuating,80,76.0,35.0,9.0,CLOUD,3,Moderate current latency; Low CPU utilization; Large computational task
1549,Fluctuating,85,79.0,76.0,9.0,CLOUD,5,Moderate current latency; High CPU utilization; Large computational task
1550,Fluctuating,79,50.0,54.0,9.0,CLOUD,3,Low current latency; Moderate CPU utilization; Large computational task
1551,Fluctuating,64,35.0,79.0,3.0,EDGE,2,Low current latency; High CPU utilization; Small computational task
1552,Fluctuating,61,49.0,40.0,3.0,EDGE,0,Low current latency; Low CPU utilization; Small computational task
1553,Fluctuating,51,36.0,56.0,5.0,EDGE,2,Low current latency; Moderate CPU utilization; Medium computational task
1554,Fluctuating,59,87.0,48.0,3.0,EDGE,1,Moderate current latency; Low CPU utilization; Small computational task
1555,Fluctuating,47,46.0,42.0,1.0,EDGE,0,Low current latency; Low CPU utilization; Small computational task
1556,Fluctuating,79,62.0,30.0,8.0,CLOUD,3,Moderate current latency; Low CPU utilization; Large computational task
1557,Fluctuating,71,93.0,64.0,1.0,EDGE,2,Moderate current latency; Moderate CPU utilization; Small computational task
1558,Fluctuating,78,93.0,45.0,4.0,EDGE,1,Moderate current latency; Low CPU utilization; Small computational task
1559,Fluctuating,77,90.0,59.0,7.0,CLOUD,3,Moderate current latency; Moderate CPU utilization; Medium computational task
1560,Fluctuating,68,40.0,68.0,10.0,CLOUD,3,Low current latency; Moderate CPU utilization; Large computational task
1561,Fluctuating,40,61.0,65.0,5.0,CLOUD,3,Moderate current latency; Moderate CPU utilization; Medium computational task
1562,Fluctuating,79,56.0,33.0,3.0,EDGE,1,Moderate current latency; Low CPU utilization; Small computational task
1563,Fluctuating,49,37.0,71.0,6.0,CLOUD,3,Low current latency; High CPU utilization; Medium computational task
1564,Fluctuating,42,48.0,32.0,10.0,EDGE,2,Low current latency; Low CPU utilization; Large computational task
1565,Fluctuating,78,68.0,51.0,2.0,EDGE,2,Moderate current latency; Moderate CPU utilization; Small computational task
1566,Fluctuating,43,43.0,56.0,3.0,EDGE,1,Low current latency; Moderate CPU utilization; Small computational task
1567,Fluctuating,50,66.0,69.0,10.0,CLOUD,4,Moderate current latency; Moderate CPU utilization; Large computational task
1568,Fluctuating,76,52.0,59.0,10.0,CLOUD,4,Moderate current latency; Moderate CPU utilization; Large computational task
1569,Fluctuating,63,34.0,35.0,5.0,EDGE,1,Low current latency; Low CPU utilization; Medium computational task
1570,Fluctuating,60,77.0,54.0,2.0,EDGE,2,Moderate current latency; Moderate CPU utilization; Small computational task
1571,Fluctuating,88,84.0,65.0,2.0,EDGE,2,Moderate current latency; Moderate CPU utilization; Small computational task
1572,Fluctuating,58,90.0,38.0,2.0,EDGE,1,Moderate current latency; Low CPU utilization; Small computational task
1573,Fluctuating,84,65.0,51.0,9.0,CLOUD,4,Moderate current latency; Moderate CPU utilization; Large computational task
1574,Fluctuating,66,97.0,43.0,4.0,EDGE,1,Moderate current latency; Low CPU utilization; Small computational task
1575,Fluctuating,79,37.0,36.0,10.0,EDGE,2,Low current latency; Low CPU utilization; Large computational task
1576,Fluctuating,86,97.0,35.0,8.0,CLOUD,3,Moderate current latency; Low CPU utilization; Large computational task
1577,Fluctuating,86,66.0,57.0,10.0,CLOUD,4,Moderate current latency; Moderate CPU utilization; Large computational task
1578,Fluctuating,60,63.0,63.0,10.0,CLOUD,4,Moderate current latency; Moderate CPU utilization; Large computational task
1579,Fluctuating,79,75.0,38.0,10.0,CLOUD,3,Moderate current latency; Low CPU utilization; Large computational task
1580,Fluctuating,76,93.0,63.0,8.0,CLOUD,4,Moderate current latency; Moderate CPU utilization; Large computational task
1581,Fluctuating,71,53.0,69.0,4.0,EDGE,2,Moderate current latency; Moderate CPU utilization; Small computational task
1582,Fluctuating,85,67.0,42.0,1.0,EDGE,1,Moderate current latency; Low CPU utilization; Small computational task
1583,Fluctuating,47,33.0,59.0,2.0,EDGE,1,Low current latency; Moderate CPU utilization; Small computational task
1584,Fluctuating,87,56.0,69.0,7.0,CLOUD,3,Moderate current latency; Moderate CPU utilization; Medium computational task
1585,Fluctuating,66,35.0,51.0,6.0,EDGE,2,Low current latency; Moderate CPU utilization; Medium computational task
1586,Fluctuating,75,57.0,30.0,4.0,EDGE,1,Moderate current latency; Low CPU utilization; Small computational task
1587,Fluctuating,84,66.0,46.0,2.0,EDGE,1,Moderate current latency; Low CPU utilization; Small computational task
1588,Fluctuating,59,68.0,62.0,9.0,CLOUD,4,Moderate current latency; Moderate CPU utilization; Large computational task
1589,Fluctuating,60,30.0,37.0,6.0,EDGE,1,Low current latency; Low CPU utilization; Medium computational task
1590,Fluctuating,61,80.0,76.0,10.0,CLOUD,5,Moderate current latency; High CPU utilization; Large computational task
1591,Fluctuating,79,33.0,41.0,4.0,EDGE,0,Low current latency; Low CPU utilization; Small computational task
1592,Fluctuating,61,73.0,73.0,8.0,CLOUD,5,Moderate current latency; High CPU utilization; Large computational task
1593,Fluctuating,70,34.0,71.0,3.0,EDGE,2,Low current latency; High CPU utilization; Small computational task
1594,Fluctuating,70,49.0,70.0,8.0,CLOUD,3,Low current latency; Moderate CPU utilization; Large computational task
1595,Fluctuating,74,72.0,59.0,7.0,CLOUD,3,Moderate current latency; Moderate CPU utilization; Medium computational task
1596,Fluctuating,87,37.0,63.0,5.0,EDGE,2,Low current latency; Moderate CPU utilization; Medium computational task
1597,Fluctuating,76,70.0,65.0,9.0,CLOUD,4,Moderate current latency; Moderate CPU utilization; Large computational task
1598,Fluctuating,41,56.0,66.0,6.0,CLOUD,3,Moderate current latency; Moderate CPU utilization; Medium computational task
1599,Fluctuating,90,75.0,34.0,3.0,EDGE,1,Moderate current latency; Low CPU utilization; Small computational task
1600,Fluctuating,57,33.0,51.0,7.0,EDGE,2,Low current latency; Moderate CPU utilization; Medium computational task
1601,Fluctuating,80,98.0,40.0,10.0,CLOUD,3,Moderate current latency; Low CPU utilization; Large computational task
1602,Fluctuating,78,79.0,41.0,10.0,CLOUD,3,Moderate current latency; Low CPU utilization; Large computational task
1603,Fluctuating,47,69.0,75.0,6.0,CLOUD,4,Moderate current latency; High CPU utilization; Medium computational task
1604,Fluctuating,85,34.0,47.0,7.0,EDGE,1,Low current latency; Low CPU utilization; Medium computational task
1605,Fluctuating,45,93.0,45.0,6.0,EDGE,2,Moderate current latency; Low CPU utilization; Medium computational task
1606,Fluctuating,68,68.0,43.0,9.0,CLOUD,3,Moderate current latency; Low CPU utilization; Large computational task
1607,Fluctuating,59,52.0,37.0,6.0,EDGE,2,Moderate current latency; Low CPU utilization; Medium computational task
1608,Fluctuating,90,34.0,79.0,4.0,EDGE,2,Low current latency; High CPU utilization; Small computational task
1609,Fluctuating,45,86.0,62.0,1.0,EDGE,2,Moderate current latency; Moderate CPU utilization; Small computational task
1610,Fluctuating,70,94.0,39.0,4.0,EDGE,1,Moderate current latency; Low CPU utilization; Small computational task
1611,Fluctuating,61,91.0,76.0,9.0,CLOUD,5,Moderate current latency; High CPU utilization; Large computational task
1612,Fluctuating,59,71.0,39.0,2.0,EDGE,1,Moderate current latency; Low CPU utilization; Small computational task
1613,Fluctuating,73,46.0,43.0,1.0,EDGE,0,Low current latency; Low CPU utilization; Small computational task
1614,Fluctuating,69,79.0,75.0,9.0,CLOUD,5,Moderate current latency; High CPU utilization; Large computational task
1615,Fluctuating,47,30.0,49.0,1.0,EDGE,0,Low current latency; Low CPU utilization; Small computational task
1616,Fluctuating,83,41.0,51.0,8.0,CLOUD,3,Low current latency; Moderate CPU utilization; Large computational task
1617,Fluctuating,42,43.0,63.0,5.0,EDGE,2,Low current latency; Moderate CPU utilization; Medium computational task
1618,Fluctuating,41,69.0,70.0,4.0,EDGE,2,Moderate current latency; Moderate CPU utilization; Small computational task
1619,Fluctuating,60,55.0,42.0,5.0,EDGE,2,Moderate current latency; Low CPU utilization; Medium computational task
1620,Fluctuating,57,98.0,50.0,8.0,CLOUD,3,Moderate current latency; Low CPU utilization; Large computational task
1621,Fluctuating,82,45.0,47.0,3.0,EDGE,0,Low current latency; Low CPU utilization; Small computational task
1622,Fluctuating,50,65.0,37.0,1.0,EDGE,1,Moderate current latency; Low CPU utilization; Small computational task
1623,Fluctuating,79,95.0,36.0,4.0,EDGE,1,Moderate current latency; Low CPU utilization; Small computational task
1624,Fluctuating,74,74.0,65.0,6.0,CLOUD,3,Moderate current latency; Moderate CPU utilization; Medium computational task
1625,Fluctuating,57,48.0,75.0,5.0,CLOUD,3,Low current latency; High CPU utilization; Medium computational task
1626,Fluctuating,76,61.0,40.0,2.0,EDGE,1,Moderate current latency; Low CPU utilization; Small computational task
1627,Fluctuating,59,73.0,64.0,8.0,CLOUD,4,Moderate current latency; Moderate CPU utilization; Large computational task
1628,Fluctuating,43,46.0,31.0,8.0,EDGE,2,Low current latency; Low CPU utilization; Large computational task
1629,Fluctuating,83,36.0,36.0,7.0,EDGE,1,Low current latency; Low CPU utilization; Medium computational task
1630,Fluctuating,43,41.0,57.0,7.0,EDGE,2,Low current latency; Moderate CPU utilization; Medium computational task
1631,Fluctuating,51,87.0,69.0,6.0,CLOUD,3,Moderate current latency; Moderate CPU utilization; Medium computational task
1632,Fluctuating,59,72.0,42.0,9.0,CLOUD,3,Moderate current latency; Low CPU utilization; Large computational task
1633,Fluctuating,45,89.0,66.0,3.0,EDGE,2,Moderate current latency; Moderate CPU utilization; Small computational task
1634,Fluctuating,45,89.0,36.0,8.0,CLOUD,3,Moderate current latency; Low CPU utilization; Large computational task
1635,Fluctuating,59,89.0,60.0,4.0,EDGE,2,Moderate current latency; Moderate CPU utilization; Small computational task
1636,Fluctuating,54,48.0,69.0,5.0,EDGE,2,Low current latency; Moderate CPU utilization; Medium computational task
1637,Fluctuating,63,80.0,41.0,6.0,EDGE,2,Moderate current latency; Low CPU utilization; Medium computational task
1638,Fluctuating,90,71.0,59.0,8.0,CLOUD,4,Moderate current latency; Moderate CPU utilization; Large computational task
1639,Fluctuating,41,38.0,60.0,2.0,EDGE,1,Low current latency; Moderate CPU utilization; Small computational task
1640,Fluctuating,62,91.0,59.0,3.0,EDGE,2,Moderate current latency; Moderate CPU utilization; Small computational task
1641,Fluctuating,58,74.0,68.0,10.0,CLOUD,4,Moderate current latency; Moderate CPU utilization; Large computational task
1642,Fluctuating,48,95.0,36.0,7.0,EDGE,2,Moderate current latency; Low CPU utilization; Medium computational task
1643,Fluctuating,85,43.0,50.0,9.0,EDGE,2,Low current latency; Low CPU utilization; Large computational task
1644,Fluctuating,81,39.0,80.0,5.0,CLOUD,3,Low current latency; High CPU utilization; Medium computational task
1645,Fluctuating,74,89.0,55.0,10.0,CLOUD,4,Moderate current latency; Moderate CPU utilization; Large computational task
1646,Fluctuating,66,60.0,69.0,4.0,EDGE,2,Moderate current latency; Moderate CPU utilization; Small computational task
1647,Fluctuating,75,50.0,60.0,7.0,EDGE,2,Low current latency; Moderate CPU utilization; Medium computational task
1648,Fluctuating,44,73.0,43.0,10.0,CLOUD,3,Moderate current latency; Low CPU utilization; Large computational task
1649,Fluctuating,67,85.0,66.0,6.0,CLOUD,3,Moderate current latency; Moderate CPU utilization; Medium computational task
1650,Fluctuating,74,60.0,41.0,2.0,EDGE,1,Moderate current latency; Low CPU utilization; Small computational task
1651,Fluctuating,87,92.0,37.0,10.0,CLOUD,3,Moderate current latency; Low CPU utilization; Large computational task
1652,Fluctuating,78,89.0,50.0,9.0,CLOUD,3,Moderate current latency; Low CPU utilization; Large computational task
1653,Fluctuating,46,86.0,41.0,5.0,EDGE,2,Moderate current latency; Low CPU utilization; Medium computational task
1654,Fluctuating,65,38.0,68.0,2.0,EDGE,1,Low current latency; Moderate CPU utilization; Small computational task
1655,Fluctuating,83,78.0,50.0,8.0,CLOUD,3,Moderate current latency; Low CPU utilization; Large computational task
1656,Fluctuating,81,37.0,35.0,4.0,EDGE,0,Low current latency; Low CPU utilization; Small computational task
1657,Fluctuating,48,30.0,78.0,3.0,EDGE,2,Low current latency; High CPU utilization; Small computational task
1658,Fluctuating,82,49.0,58.0,9.0,CLOUD,3,Low current latency; Moderate CPU utilization; Large computational task
1659,Fluctuating,58,79.0,69.0,10.0,CLOUD,4,Moderate current latency; Moderate CPU utilization; Large computational task
1660,Fluctuating,68,55.0,43.0,6.0,EDGE,2,Moderate current latency; Low CPU utilization; Medium computational task
1661,Fluctuating,59,68.0,57.0,6.0,CLOUD,3,Moderate current latency; Moderate CPU utilization; Medium computational task
1662,Fluctuating,45,31.0,69.0,9.0,CLOUD,3,Low current latency; Moderate CPU utilization; Large computational task
1663,Fluctuating,65,46.0,48.0,1.0,EDGE,0,Low current latency; Low CPU utilization; Small computational task
1664,Fluctuating,63,100.0,33.0,1.0,EDGE,1,Moderate current latency; Low CPU utilization; Small computational task
1665,Fluctuating,85,75.0,37.0,5.0,EDGE,2,Moderate current latency; Low CPU utilization; Medium computational task
1666,Fluctuating,41,60.0,57.0,10.0,CLOUD,4,Moderate current latency; Moderate CPU utilization; Large computational task
1667,Fluctuating,65,70.0,75.0,7.0,CLOUD,4,Moderate current latency; High CPU utilization; Medium computational task
1668,Fluctuating,65,78.0,57.0,9.0,CLOUD,4,Moderate current latency; Moderate CPU utilization; Large computational task
1669,Fluctuating,53,52.0,60.0,3.0,EDGE,2,Moderate current latency; Moderate CPU utilization; Small computational task
1670,Fluctuating,52,79.0,53.0,7.0,CLOUD,3,Moderate current latency; Moderate CPU utilization; Medium computational task
1671,Fluctuating,49,66.0,72.0,3.0,CLOUD,3,Moderate current latency; High CPU utilization; Small computational task
1672,Fluctuating,48,31.0,34.0,1.0,EDGE,0,Low current latency; Low CPU utilization; Small computational task
1673,Fluctuating,49,92.0,72.0,7.0,CLOUD,4,Moderate current latency; High CPU utilization; Medium computational task
1674,Fluctuating,48,40.0,38.0,7.0,EDGE,1,Low current latency; Low CPU utilization; Medium computational task
1675,Fluctuating,69,84.0,69.0,3.0,EDGE,2,Moderate current latency; Moderate CPU utilization; Small computational task
1676,Fluctuating,69,95.0,57.0,9.0,CLOUD,4,Moderate current latency; Moderate CPU utilization; Large computational task
1677,Fluctuating,68,79.0,52.0,4.0,EDGE,2,Moderate current latency; Moderate CPU utilization; Small computational task
1678,Fluctuating,51,84.0,68.0,1.0,EDGE,2,Moderate current latency; Moderate CPU utilization; Small computational task
1679,Fluctuating,76,93.0,76.0,4.0,CLOUD,3,Moderate current latency; High CPU utilization; Small computational task
1680,Fluctuating,85,94.0,47.0,7.0,EDGE,2,Moderate current latency; Low CPU utilization; Medium computational task
1681,Fluctuating,74,76.0,32.0,1.0,EDGE,1,Moderate current latency; Low CPU utilization; Small computational task
1682,Fluctuating,76,91.0,75.0,6.0,CLOUD,4,Moderate current latency; High CPU utilization; Medium computational task
1683,Fluctuating,47,91.0,74.0,2.0,CLOUD,3,Moderate current latency; High CPU utilization; Small computational task
1684,Fluctuating,49,97.0,78.0,5.0,CLOUD,4,Moderate current latency; High CPU utilization; Medium computational task
1685,Fluctuating,69,96.0,35.0,9.0,CLOUD,3,Moderate current latency; Low CPU utilization; Large computational task
1686,Fluctuating,79,41.0,45.0,8.0,EDGE,2,Low current latency; Low CPU utilization; Large computational task
1687,Fluctuating,80,39.0,73.0,9.0,CLOUD,4,Low current latency; High CPU utilization; Large computational task
1688,Fluctuating,77,69.0,69.0,1.0,EDGE,2,Moderate current latency; Moderate CPU utilization; Small computational task
1689,Fluctuating,61,98.0,79.0,1.0,CLOUD,3,Moderate current latency; High CPU utilization; Small computational task
1690,Fluctuating,70,88.0,62.0,8.0,CLOUD,4,Moderate current latency; Moderate CPU utilization; Large computational task
1691,Fluctuating,76,72.0,56.0,6.0,CLOUD,3,Moderate current latency; Moderate CPU utilization; Medium computational task
1692,Fluctuating,58,67.0,40.0,1.0,EDGE,1,Moderate current latency; Low CPU utilization; Small computational task
1693,Fluctuating,84,68.0,76.0,10.0,CLOUD,5,Moderate current latency; High CPU utilization; Large computational task
1694,Fluctuating,56,37.0,70.0,8.0,CLOUD,3,Low current latency; Moderate CPU utilization; Large computational task
1695,Fluctuating,77,51.0,66.0,1.0,EDGE,2,Moderate current latency; Moderate CPU utilization; Small computational task
1696,Fluctuating,82,67.0,77.0,10.0,CLOUD,5,Moderate current latency; High CPU utilization; Large computational task
1697,Fluctuating,41,66.0,61.0,2.0,EDGE,2,Moderate current latency; Moderate CPU utilization; Small computational task
1698,Fluctuating,48,94.0,34.0,5.0,EDGE,2,Moderate current latency; Low CPU utilization; Medium computational task
1699,Fluctuating,56,46.0,69.0,5.0,EDGE,2,Low current latency; Moderate CPU utilization; Medium computational task
1700,Fluctuating,57,62.0,30.0,2.0,EDGE,1,Moderate current latency; Low CPU utilization; Small computational task
1701,Fluctuating,78,52.0,67.0,3.0,EDGE,2,Moderate current latency; Moderate CPU utilization; Small computational task
1702,Fluctuating,82,87.0,53.0,3.0,EDGE,2,Moderate current latency; Moderate CPU utilization; Small computational task
1703,Fluctuating,56,60.0,61.0,3.0,EDGE,2,Moderate current latency; Moderate CPU utilization; Small computational task
1704,Fluctuating,73,34.0,51.0,2.0,EDGE,1,Low current latency; Moderate CPU utilization; Small computational task
1705,Fluctuating,49,49.0,61.0,7.0,EDGE,2,Low current latency; Moderate CPU utilization; Medium computational task
1706,Fluctuating,89,79.0,45.0,8.0,CLOUD,3,Moderate current latency; Low CPU utilization; Large computational task
1707,Fluctuating,86,51.0,43.0,10.0,CLOUD,3,Moderate current latency; Low CPU utilization; Large computational task
1708,Fluctuating,86,74.0,33.0,5.0,EDGE,2,Moderate current latency; Low CPU utilization; Medium computational task
1709,Fluctuating,88,44.0,33.0,3.0,EDGE,0,Low current latency; Low CPU utilization; Small computational task
1710,Fluctuating,69,81.0,60.0,5.0,CLOUD,3,Moderate current latency; Moderate CPU utilization; Medium computational task
1711,Fluctuating,70,98.0,44.0,7.0,EDGE,2,Moderate current latency; Low CPU utilization; Medium computational task
1712,Fluctuating,83,79.0,60.0,5.0,CLOUD,3,Moderate current latency; Moderate CPU utilization; Medium computational task
1713,Fluctuating,49,97.0,57.0,1.0,EDGE,2,Moderate current latency; Moderate CPU utilization; Small computational task
1714,Fluctuating,58,87.0,54.0,6.0,CLOUD,3,Moderate current latency; Moderate CPU utilization; Medium computational task
1715,Fluctuating,73,35.0,36.0,9.0,EDGE,2,Low current latency; Low CPU utilization; Large computational task
1716,Fluctuating,80,75.0,57.0,10.0,CLOUD,4,Moderate current latency; Moderate CPU utilization; Large computational task
1717,Fluctuating,81,64.0,51.0,5.0,CLOUD,3,Moderate current latency; Moderate CPU utilization; Medium computational task
1718,Fluctuating,57,42.0,46.0,10.0,EDGE,2,Low current latency; Low CPU utilization; Large computational task
1719,Fluctuating,65,89.0,79.0,4.0,CLOUD,3,Moderate current latency; High CPU utilization; Small computational task
1720,Fluctuating,86,54.0,63.0,6.0,CLOUD,3,Moderate current latency; Moderate CPU utilization; Medium computational task
1721,Fluctuating,83,53.0,50.0,9.0,CLOUD,3,Moderate current latency; Low CPU utilization; Large computational task
1722,Fluctuating,40,31.0,34.0,1.0,EDGE,0,Low current latency; Low CPU utilization; Small computational task
1723,Fluctuating,66,42.0,63.0,2.0,EDGE,1,Low current latency; Moderate CPU utilization; Small computational task
1724,Fluctuating,83,87.0,52.0,4.0,EDGE,2,Moderate current latency; Moderate CPU utilization; Small computational task
1725,Fluctuating,86,66.0,46.0,4.0,EDGE,1,Moderate current latency; Low CPU utilization; Small computational task
1726,Fluctuating,42,33.0,69.0,2.0,EDGE,1,Low current latency; Moderate CPU utilization; Small computational task
1727,Fluctuating,43,57.0,68.0,2.0,EDGE,2,Moderate current latency; Moderate CPU utilization; Small computational task
1728,Fluctuating,85,45.0,35.0,10.0,EDGE,2,Low current latency; Low CPU utilization; Large computational task
1729,Fluctuating,48,78.0,72.0,10.0,CLOUD,5,Moderate current latency; High CPU utilization; Large computational task
1730,Fluctuating,51,44.0,74.0,3.0,EDGE,2,Low current latency; High CPU utilization; Small computational task
1731,Fluctuating,56,67.0,59.0,2.0,EDGE,2,Moderate current latency; Moderate CPU utilization; Small computational task
1732,Fluctuating,80,88.0,47.0,7.0,EDGE,2,Moderate current latency; Low CPU utilization; Medium computational task
1733,Fluctuating,84,71.0,46.0,3.0,EDGE,1,Moderate current latency; Low CPU utilization; Small computational task
1734,Fluctuating,89,39.0,47.0,1.0,EDGE,0,Low current latency; Low CPU utilization; Small computational task
1735,Fluctuating,64,79.0,51.0,1.0,EDGE,2,Moderate current latency; Moderate CPU utilization; Small computational task
1736,Fluctuating,56,63.0,41.0,8.0,CLOUD,3,Moderate current latency; Low CPU utilization; Large computational task
1737,Fluctuating,44,92.0,42.0,10.0,CLOUD,3,Moderate current latency; Low CPU utilization; Large computational task
1738,Fluctuating,65,52.0,71.0,8.0,CLOUD,5,Moderate current latency; High CPU utilization; Large computational task
1739,Fluctuating,46,48.0,64.0,7.0,EDGE,2,Low current latency; Moderate CPU utilization; Medium computational task
1740,Fluctuating,53,43.0,58.0,5.0,EDGE,2,Low current latency; Moderate CPU utilization; Medium computational task
1741,Fluctuating,46,34.0,34.0,2.0,EDGE,0,Low current latency; Low CPU utilization; Small computational task
1742,Fluctuating,76,62.0,79.0,8.0,CLOUD,5,Moderate current latency; High CPU utilization; Large computational task
1743,Fluctuating,41,93.0,39.0,1.0,EDGE,1,Moderate current latency; Low CPU utilization; Small computational task
1744,Fluctuating,42,79.0,47.0,3.0,EDGE,1,Moderate current latency; Low CPU utilization; Small computational task
1745,Fluctuating,84,72.0,55.0,10.0,CLOUD,4,Moderate current latency; Moderate CPU utilization; Large computational task
1746,Fluctuating,40,95.0,75.0,8.0,CLOUD,5,Moderate current latency; High CPU utilization; Large computational task
1747,Fluctuating,70,85.0,55.0,2.0,EDGE,2,Moderate current latency; Moderate CPU utilization; Small computational task
1748,Fluctuating,74,58.0,30.0,7.0,EDGE,2,Moderate current latency; Low CPU utilization; Medium computational task
1749,Fluctuating,84,91.0,37.0,10.0,CLOUD,3,Moderate current latency; Low CPU utilization; Large computational task
1750,Fluctuating,74,75.0,51.0,5.0,CLOUD,3,Moderate current latency; Moderate CPU utilization; Medium computational task
1751,Fluctuating,65,37.0,70.0,2.0,EDGE,1,Low current latency; Moderate CPU utilization; Small computational task
1752,Fluctuating,63,98.0,51.0,2.0,EDGE,2,Moderate current latency; Moderate CPU utilization; Small computational task
1753,Fluctuating,69,67.0,71.0,4.0,CLOUD,3,Moderate current latency; High CPU utilization; Small computational task
1754,Fluctuating,51,100.0,32.0,7.0,EDGE,2,Moderate current latency; Low CPU utilization; Medium computational task
1755,Fluctuating,82,54.0,49.0,7.0,EDGE,2,Moderate current latency; Low CPU utilization; Medium computational task
1756,Fluctuating,46,75.0,61.0,2.0,EDGE,2,Moderate current latency; Moderate CPU utilization; Small computational task
1757,Fluctuating,80,86.0,77.0,4.0,CLOUD,3,Moderate current latency; High CPU utilization; Small computational task
1758,Fluctuating,48,34.0,42.0,1.0,EDGE,0,Low current latency; Low CPU utilization; Small computational task
1759,Fluctuating,86,60.0,61.0,7.0,CLOUD,3,Moderate current latency; Moderate CPU utilization; Medium computational task
1760,Fluctuating,44,99.0,71.0,5.0,CLOUD,4,Moderate current latency; High CPU utilization; Medium computational task
1761,Fluctuating,71,98.0,58.0,1.0,EDGE,2,Moderate current latency; Moderate CPU utilization; Small computational task
1762,Fluctuating,42,73.0,33.0,6.0,EDGE,2,Moderate current latency; Low CPU utilization; Medium computational task
1763,Fluctuating,90,35.0,55.0,2.0,EDGE,1,Low current latency; Moderate CPU utilization; Small computational task
1764,Fluctuating,53,96.0,59.0,9.0,CLOUD,4,Moderate current latency; Moderate CPU utilization; Large computational task
1765,Fluctuating,49,59.0,34.0,1.0,EDGE,1,Moderate current latency; Low CPU utilization; Small computational task
1766,Fluctuating,87,48.0,61.0,1.0,EDGE,1,Low current latency; Moderate CPU utilization; Small computational task
1767,Fluctuating,70,35.0,45.0,3.0,EDGE,0,Low current latency; Low CPU utilization; Small computational task
1768,Fluctuating,40,52.0,70.0,1.0,EDGE,2,Moderate current latency; Moderate CPU utilization; Small computational task
1769,Fluctuating,59,42.0,59.0,10.0,CLOUD,3,Low current latency; Moderate CPU utilization; Large computational task
1770,Fluctuating,50,38.0,36.0,2.0,EDGE,0,Low current latency; Low CPU utilization; Small computational task
1771,Fluctuating,71,58.0,34.0,4.0,EDGE,1,Moderate current latency; Low CPU utilization; Small computational task
1772,Fluctuating,67,73.0,77.0,7.0,CLOUD,4,Moderate current latency; High CPU utilization; Medium computational task
1773,Fluctuating,60,45.0,73.0,10.0,CLOUD,4,Low current latency; High CPU utilization; Large computational task
1774,Fluctuating,74,47.0,50.0,4.0,EDGE,0,Low current latency; Low CPU utilization; Small computational task
1775,Fluctuating,88,35.0,67.0,3.0,EDGE,1,Low current latency; Moderate CPU utilization; Small computational task
1776,Fluctuating,61,38.0,37.0,5.0,EDGE,1,Low current latency; Low CPU utilization; Medium computational task
1777,Fluctuating,49,83.0,40.0,6.0,EDGE,2,Moderate current latency; Low CPU utilization; Medium computational task
1778,Fluctuating,75,51.0,58.0,4.0,EDGE,2,Moderate current latency; Moderate CPU utilization; Small computational task
1779,Fluctuating,77,35.0,38.0,2.0,EDGE,0,Low current latency; Low CPU utilization; Small computational task
1780,Fluctuating,90,78.0,79.0,3.0,CLOUD,3,Moderate current latency; High CPU utilization; Small computational task
1781,Fluctuating,41,92.0,35.0,1.0,EDGE,1,Moderate current latency; Low CPU utilization; Small computational task
1782,Fluctuating,40,52.0,35.0,10.0,CLOUD,3,Moderate current latency; Low CPU utilization; Large computational task
1783,Fluctuating,58,83.0,74.0,8.0,CLOUD,5,Moderate current latency; High CPU utilization; Large computational task
1784,Fluctuating,84,46.0,43.0,3.0,EDGE,0,Low current latency; Low CPU utilization; Small computational task
1785,Fluctuating,80,64.0,63.0,8.0,CLOUD,4,Moderate current latency; Moderate CPU utilization; Large computational task
1786,Fluctuating,66,60.0,41.0,10.0,CLOUD,3,Moderate current latency; Low CPU utilization; Large computational task
1787,Fluctuating,84,34.0,68.0,3.0,EDGE,1,Low current latency; Moderate CPU utilization; Small computational task
1788,Fluctuating,85,93.0,69.0,2.0,EDGE,2,Moderate current latency; Moderate CPU utilization; Small computational task
1789,Fluctuating,80,68.0,52.0,7.0,CLOUD,3,Moderate current latency; Moderate CPU utilization; Medium computational task
1790,Fluctuating,40,60.0,42.0,2.0,EDGE,1,Moderate current latency; Low CPU utilization; Small computational task
1791,Fluctuating,73,42.0,69.0,6.0,EDGE,2,Low current latency; Moderate CPU utilization; Medium computational task
1792,Fluctuating,88,99.0,62.0,4.0,EDGE,2,Moderate current latency; Moderate CPU utilization; Small computational task
1793,Fluctuating,69,56.0,47.0,1.0,EDGE,1,Moderate current latency; Low CPU utilization; Small computational task
1794,Fluctuating,52,44.0,80.0,3.0,EDGE,2,Low current latency; High CPU utilization; Small computational task
1795,Fluctuating,83,90.0,61.0,3.0,EDGE,2,Moderate current latency; Moderate CPU utilization; Small computational task
1796,Fluctuating,50,35.0,33.0,6.0,EDGE,1,Low current latency; Low CPU utilization; Medium computational task
1797,Fluctuating,58,56.0,57.0,5.0,CLOUD,3,Moderate current latency; Moderate CPU utilization; Medium computational task
1798,Fluctuating,61,88.0,32.0,2.0,EDGE,1,Moderate current latency; Low CPU utilization; Small computational task
1799,Fluctuating,87,36.0,64.0,3.0,EDGE,1,Low current latency; Moderate CPU utilization; Small computational task
1800,Fluctuating,50,33.0,61.0,9.0,CLOUD,3,Low current latency; Moderate CPU utilization; Large computational task
1801,Fluctuating,47,39.0,45.0,8.0,EDGE,2,Low current latency; Low CPU utilization; Large computational task
1802,Fluctuating,77,71.0,56.0,4.0,EDGE,2,Moderate current latency; Moderate CPU utilization; Small computational task
1803,Fluctuating,87,71.0,44.0,2.0,EDGE,1,Moderate current latency; Low CPU utilization; Small computational task
1804,Fluctuating,60,59.0,36.0,4.0,EDGE,1,Moderate current latency; Low CPU utilization; Small computational task
1805,Fluctuating,87,82.0,42.0,7.0,EDGE,2,Moderate current latency; Low CPU utilization; Medium computational task
1806,Fluctuating,54,39.0,60.0,10.0,CLOUD,3,Low current latency; Moderate CPU utilization; Large computational task
1807,Fluctuating,71,36.0,57.0,3.0,EDGE,1,Low current latency; Moderate CPU utilization; Small computational task
1808,Fluctuating,53,88.0,41.0,7.0,EDGE,2,Moderate current latency; Low CPU utilization; Medium computational task
1809,Fluctuating,63,47.0,59.0,4.0,EDGE,1,Low current latency; Moderate CPU utilization; Small computational task
1810,Fluctuating,80,75.0,47.0,4.0,EDGE,1,Moderate current latency; Low CPU utilization; Small computational task
1811,Fluctuating,61,46.0,32.0,10.0,EDGE,2,Low current latency; Low CPU utilization; Large computational task
1812,Fluctuating,43,65.0,38.0,2.0,EDGE,1,Moderate current latency; Low CPU utilization; Small computational task
1813,Fluctuating,69,88.0,56.0,3.0,EDGE,2,Moderate current latency; Moderate CPU utilization; Small computational task
1814,Fluctuating,88,73.0,44.0,5.0,EDGE,2,Moderate current latency; Low CPU utilization; Medium computational task
1815,Fluctuating,78,50.0,80.0,10.0,CLOUD,4,Low current latency; High CPU utilization; Large computational task
1816,Fluctuating,50,100.0,44.0,2.0,EDGE,1,Moderate current latency; Low CPU utilization; Small computational task
1817,Fluctuating,66,96.0,61.0,4.0,EDGE,2,Moderate current latency; Moderate CPU utilization; Small computational task
1818,Fluctuating,77,90.0,59.0,5.0,CLOUD,3,Moderate current latency; Moderate CPU utilization; Medium computational task
1819,Fluctuating,40,84.0,77.0,4.0,CLOUD,3,Moderate current latency; High CPU utilization; Small computational task
1820,Fluctuating,55,71.0,57.0,10.0,CLOUD,4,Moderate current latency; Moderate CPU utilization; Large computational task
1821,Fluctuating,54,49.0,66.0,1.0,EDGE,1,Low current latency; Moderate CPU utilization; Small computational task
1822,Fluctuating,66,35.0,32.0,8.0,EDGE,2,Low current latency; Low CPU utilization; Large computational task
1823,Fluctuating,86,94.0,32.0,7.0,EDGE,2,Moderate current latency; Low CPU utilization; Medium computational task
1824,Fluctuating,73,80.0,60.0,2.0,EDGE,2,Moderate current latency; Moderate CPU utilization; Small computational task
1825,Fluctuating,68,93.0,45.0,2.0,EDGE,1,Moderate current latency; Low CPU utilization; Small computational task
1826,Fluctuating,75,31.0,74.0,7.0,CLOUD,3,Low current latency; High CPU utilization; Medium computational task
1827,Fluctuating,53,46.0,52.0,5.0,EDGE,2,Low current latency; Moderate CPU utilization; Medium computational task
1828,Fluctuating,55,41.0,31.0,8.0,EDGE,2,Low current latency; Low CPU utilization; Large computational task
1829,Fluctuating,82,69.0,40.0,8.0,CLOUD,3,Moderate current latency; Low CPU utilization; Large computational task
1830,Fluctuating,76,33.0,59.0,8.0,CLOUD,3,Low current latency; Moderate CPU utilization; Large computational task
1831,Fluctuating,89,47.0,75.0,7.0,CLOUD,3,Low current latency; High CPU utilization; Medium computational task
1832,Fluctuating,51,77.0,70.0,8.0,CLOUD,4,Moderate current latency; Moderate CPU utilization; Large computational task
1833,Fluctuating,85,30.0,70.0,2.0,EDGE,1,Low current latency; Moderate CPU utilization; Small computational task
1834,Fluctuating,64,72.0,63.0,1.0,EDGE,2,Moderate current latency; Moderate CPU utilization; Small computational task
1835,Fluctuating,58,84.0,78.0,5.0,CLOUD,4,Moderate current latency; High CPU utilization; Medium computational task
1836,Fluctuating,84,99.0,66.0,4.0,EDGE,2,Moderate current latency; Moderate CPU utilization; Small computational task
1837,Fluctuating,90,40.0,69.0,6.0,EDGE,2,Low current latency; Moderate CPU utilization; Medium computational task
1838,Fluctuating,87,37.0,62.0,6.0,EDGE,2,Low current latency; Moderate CPU utilization; Medium computational task
1839,Fluctuating,43,44.0,54.0,6.0,EDGE,2,Low current latency; Moderate CPU utilization; Medium computational task
1840,Fluctuating,69,35.0,53.0,6.0,EDGE,2,Low current latency; Moderate CPU utilization; Medium computational task
1841,Fluctuating,51,38.0,65.0,4.0,EDGE,1,Low current latency; Moderate CPU utilization; Small computational task
1842,Fluctuating,48,72.0,45.0,9.0,CLOUD,3,Moderate current latency; Low CPU utilization; Large computational task
1843,Fluctuating,47,91.0,77.0,10.0,CLOUD,5,Moderate current latency; High CPU utilization; Large computational task
1844,Fluctuating,84,56.0,78.0,4.0,CLOUD,3,Moderate current latency; High CPU utilization; Small computational task
1845,Fluctuating,60,75.0,47.0,9.0,CLOUD,3,Moderate current latency; Low CPU utilization; Large computational task
1846,Fluctuating,83,84.0,47.0,1.0,EDGE,1,Moderate current latency; Low CPU utilization; Small computational task
1847,Fluctuating,44,77.0,52.0,8.0,CLOUD,4,Moderate current latency; Moderate CPU utilization; Large computational task
1848,Fluctuating,71,94.0,63.0,2.0,EDGE,2,Moderate current latency; Moderate CPU utilization; Small computational task
1849,Fluctuating,70,98.0,73.0,9.0,CLOUD,5,Moderate current latency; High CPU utilization; Large computational task
1850,Fluctuating,58,87.0,69.0,6.0,CLOUD,3,Moderate current latency; Moderate CPU utilization; Medium computational task
1851,Fluctuating,83,38.0,42.0,8.0,EDGE,2,Low current latency; Low CPU utilization; Large computational task
1852,Fluctuating,45,40.0,55.0,3.0,EDGE,1,Low current latency; Moderate CPU utilization; Small computational task
1853,Fluctuating,58,39.0,36.0,3.0,EDGE,0,Low current latency; Low CPU utilization; Small computational task
1854,Fluctuating,57,44.0,74.0,3.0,EDGE,2,Low current latency; High CPU utilization; Small computational task
1855,Fluctuating,71,49.0,43.0,9.0,EDGE,2,Low current latency; Low CPU utilization; Large computational task
1856,Fluctuating,80,32.0,48.0,7.0,EDGE,1,Low current latency; Low CPU utilization; Medium computational task
1857,Fluctuating,83,99.0,38.0,8.0,CLOUD,3,Moderate current latency; Low CPU utilization; Large computational task
1858,Fluctuating,62,83.0,58.0,1.0,EDGE,2,Moderate current latency; Moderate CPU utilization; Small computational task
1859,Fluctuating,58,54.0,34.0,1.0,EDGE,1,Moderate current latency; Low CPU utilization; Small computational task
1860,Fluctuating,54,96.0,71.0,6.0,CLOUD,4,Moderate current latency; High CPU utilization; Medium computational task
1861,Fluctuating,66,73.0,71.0,6.0,CLOUD,4,Moderate current latency; High CPU utilization; Medium computational task
1862,Fluctuating,71,97.0,65.0,8.0,CLOUD,4,Moderate current latency; Moderate CPU utilization; Large computational task
1863,Fluctuating,69,68.0,66.0,3.0,EDGE,2,Moderate current latency; Moderate CPU utilization; Small computational task
1864,Fluctuating,90,69.0,40.0,5.0,EDGE,2,Moderate current latency; Low CPU utilization; Medium computational task
1865,Fluctuating,54,91.0,53.0,5.0,CLOUD,3,Moderate current latency; Moderate CPU utilization; Medium computational task
1866,Fluctuating,89,36.0,39.0,6.0,EDGE,1,Low current latency; Low CPU utilization; Medium computational task
1867,Fluctuating,58,88.0,40.0,10.0,CLOUD,3,Moderate current latency; Low CPU utilization; Large computational task
1868,Fluctuating,50,98.0,48.0,3.0,EDGE,1,Moderate current latency; Low CPU utilization; Small computational task
1869,Fluctuating,51,49.0,40.0,4.0,EDGE,0,Low current latency; Low CPU utilization; Small computational task
1870,Fluctuating,47,35.0,50.0,10.0,EDGE,2,Low current latency; Low CPU utilization; Large computational task
1871,Fluctuating,48,86.0,46.0,6.0,EDGE,2,Moderate current latency; Low CPU utilization; Medium computational task
1872,Fluctuating,51,56.0,65.0,1.0,EDGE,2,Moderate current latency; Moderate CPU utilization; Small computational task
1873,Fluctuating,82,70.0,52.0,3.0,EDGE,2,Moderate current latency; Moderate CPU utilization; Small computational task
1874,Fluctuating,63,87.0,64.0,3.0,EDGE,2,Moderate current latency; Moderate CPU utilization; Small computational task
1875,Fluctuating,74,68.0,37.0,1.0,EDGE,1,Moderate current latency; Low CPU utilization; Small computational task
1876,Fluctuating,65,93.0,79.0,3.0,CLOUD,3,Moderate current latency; High CPU utilization; Small computational task
1877,Fluctuating,69,70.0,39.0,1.0,EDGE,1,Moderate current latency; Low CPU utilization; Small computational task
1878,Fluctuating,87,99.0,62.0,6.0,CLOUD,3,Moderate current latency; Moderate CPU utilization; Medium computational task
1879,Fluctuating,81,67.0,60.0,5.0,CLOUD,3,Moderate current latency; Moderate CPU utilization; Medium computational task
1880,Fluctuating,88,48.0,66.0,8.0,CLOUD,3,Low current latency; Moderate CPU utilization; Large computational task
1881,Fluctuating,61,44.0,76.0,8.0,CLOUD,4,Low current latency; High CPU utilization; Large computational task
1882,Fluctuating,42,47.0,73.0,9.0,CLOUD,4,Low current latency; High CPU utilization; Large computational task
1883,Fluctuating,47,69.0,31.0,7.0,EDGE,2,Moderate current latency; Low CPU utilization; Medium computational task
1884,Fluctuating,79,58.0,58.0,6.0,CLOUD,3,Moderate current latency; Moderate CPU utilization; Medium computational task
1885,Fluctuating,45,71.0,33.0,10.0,CLOUD,3,Moderate current latency; Low CPU utilization; Large computational task
1886,Fluctuating,81,54.0,67.0,9.0,CLOUD,4,Moderate current latency; Moderate CPU utilization; Large computational task
1887,Fluctuating,54,65.0,42.0,1.0,EDGE,1,Moderate current latency; Low CPU utilization; Small computational task
1888,Fluctuating,45,98.0,58.0,2.0,EDGE,2,Moderate current latency; Moderate CPU utilization; Small computational task
1889,Fluctuating,72,80.0,42.0,8.0,CLOUD,3,Moderate current latency; Low CPU utilization; Large computational task
1890,Fluctuating,60,95.0,33.0,6.0,EDGE,2,Moderate current latency; Low CPU utilization; Medium computational task
1891,Fluctuating,65,48.0,75.0,7.0,CLOUD,3,Low current latency; High CPU utilization; Medium computational task
1892,Fluctuating,63,79.0,53.0,1.0,EDGE,2,Moderate current latency; Moderate CPU utilization; Small computational task
1893,Fluctuating,58,74.0,52.0,5.0,CLOUD,3,Moderate current latency; Moderate CPU utilization; Medium computational task
1894,Fluctuating,68,41.0,43.0,8.0,EDGE,2,Low current latency; Low CPU utilization; Large computational task
1895,Fluctuating,87,83.0,58.0,5.0,CLOUD,3,Moderate current latency; Moderate CPU utilization; Medium computational task
1896,Fluctuating,50,84.0,76.0,7.0,CLOUD,4,Moderate current latency; High CPU utilization; Medium computational task
1897,Fluctuating,48,41.0,39.0,4.0,EDGE,0,Low current latency; Low CPU utilization; Small computational task
1898,Fluctuating,59,90.0,63.0,6.0,CLOUD,3,Moderate current latency; Moderate CPU utilization; Medium computational task
1899,Fluctuating,44,78.0,35.0,1.0,EDGE,1,Moderate current latency; Low CPU utilization; Small computational task
1900,Fluctuating,66,64.0,56.0,3.0,EDGE,2,Moderate current latency; Moderate CPU utilization; Small computational task
1901,Fluctuating,75,89.0,75.0,10.0,CLOUD,5,Moderate current latency; High CPU utilization; Large computational task
1902,Fluctuating,88,47.0,42.0,3.0,EDGE,0,Low current latency; Low CPU utilization; Small computational task
1903,Fluctuating,64,67.0,65.0,8.0,CLOUD,4,Moderate current latency; Moderate CPU utilization; Large computational task
1904,Fluctuating,42,68.0,67.0,5.0,CLOUD,3,Moderate current latency; Moderate CPU utilization; Medium computational task
1905,Fluctuating,71,89.0,44.0,1.0,EDGE,1,Moderate current latency; Low CPU utilization; Small computational task
1906,Fluctuating,90,30.0,39.0,5.0,EDGE,1,Low current latency; Low CPU utilization; Medium computational task
1907,Fluctuating,59,90.0,37.0,5.0,EDGE,2,Moderate current latency; Low CPU utilization; Medium computational task
1908,Fluctuating,66,52.0,61.0,4.0,EDGE,2,Moderate current latency; Moderate CPU utilization; Small computational task
1909,Fluctuating,41,45.0,78.0,5.0,CLOUD,3,Low current latency; High CPU utilization; Medium computational task
1910,Fluctuating,71,38.0,68.0,6.0,EDGE,2,Low current latency; Moderate CPU utilization; Medium computational task
1911,Fluctuating,77,91.0,66.0,7.0,CLOUD,3,Moderate current latency; Moderate CPU utilization; Medium computational task
1912,Fluctuating,56,90.0,74.0,2.0,CLOUD,3,Moderate current latency; High CPU utilization; Small computational task
1913,Fluctuating,63,95.0,76.0,10.0,CLOUD,5,Moderate current latency; High CPU utilization; Large computational task
1914,Fluctuating,41,63.0,40.0,10.0,CLOUD,3,Moderate current latency; Low CPU utilization; Large computational task
1915,Fluctuating,43,48.0,50.0,8.0,EDGE,2,Low current latency; Low CPU utilization; Large computational task
1916,Fluctuating,84,47.0,52.0,3.0,EDGE,1,Low current latency; Moderate CPU utilization; Small computational task
1917,Fluctuating,43,64.0,53.0,7.0,CLOUD,3,Moderate current latency; Moderate CPU utilization; Medium computational task
1918,Fluctuating,80,75.0,33.0,5.0,EDGE,2,Moderate current latency; Low CPU utilization; Medium computational task
1919,Fluctuating,58,97.0,70.0,2.0,EDGE,2,Moderate current latency; Moderate CPU utilization; Small computational task
1920,Fluctuating,72,54.0,79.0,3.0,CLOUD,3,Moderate current latency; High CPU utilization; Small computational task
1921,Fluctuating,88,42.0,68.0,3.0,EDGE,1,Low current latency; Moderate CPU utilization; Small computational task
1922,Fluctuating,74,71.0,50.0,5.0,EDGE,2,Moderate current latency; Low CPU utilization; Medium computational task
1923,Fluctuating,57,76.0,36.0,9.0,CLOUD,3,Moderate current latency; Low CPU utilization; Large computational task
1924,Fluctuating,77,75.0,39.0,1.0,EDGE,1,Moderate current latency; Low CPU utilization; Small computational task
1925,Fluctuating,48,96.0,48.0,6.0,EDGE,2,Moderate current latency; Low CPU utilization; Medium computational task
1926,Fluctuating,89,92.0,56.0,6.0,CLOUD,3,Moderate current latency; Moderate CPU utilization; Medium computational task
1927,Fluctuating,50,43.0,43.0,3.0,EDGE,0,Low current latency; Low CPU utilization; Small computational task
1928,Fluctuating,72,58.0,42.0,9.0,CLOUD,3,Moderate current latency; Low CPU utilization; Large computational task
1929,Fluctuating,79,97.0,64.0,9.0,CLOUD,4,Moderate current latency; Moderate CPU utilization; Large computational task
1930,Fluctuating,84,44.0,56.0,8.0,CLOUD,3,Low current latency; Moderate CPU utilization; Large computational task
1931,Fluctuating,44,44.0,38.0,1.0,EDGE,0,Low current latency; Low CPU utilization; Small computational task
1932,Fluctuating,70,74.0,49.0,6.0,EDGE,2,Moderate current latency; Low CPU utilization; Medium computational task
1933,Fluctuating,48,86.0,68.0,9.0,CLOUD,4,Moderate current latency; Moderate CPU utilization; Large computational task
1934,Fluctuating,88,73.0,41.0,5.0,EDGE,2,Moderate current latency; Low CPU utilization; Medium computational task
1935,Fluctuating,41,45.0,44.0,3.0,EDGE,0,Low current latency; Low CPU utilization; Small computational task
1936,Fluctuating,84,48.0,74.0,4.0,EDGE,2,Low current latency; High CPU utilization; Small computational task
1937,Fluctuating,59,46.0,43.0,3.0,EDGE,0,Low current latency; Low CPU utilization; Small computational task
1938,Fluctuating,45,84.0,74.0,2.0,CLOUD,3,Moderate current latency; High CPU utilization; Small computational task
1939,Fluctuating,44,32.0,79.0,8.0,CLOUD,4,Low current latency; High CPU utilization; Large computational task
1940,Fluctuating,88,85.0,32.0,4.0,EDGE,1,Moderate current latency; Low CPU utilization; Small computational task
1941,Fluctuating,46,34.0,80.0,9.0,CLOUD,4,Low current latency; High CPU utilization; Large computational task
1942,Fluctuating,77,37.0,60.0,2.0,EDGE,1,Low current latency; Moderate CPU utilization; Small computational task
1943,Fluctuating,56,35.0,34.0,5.0,EDGE,1,Low current latency; Low CPU utilization; Medium computational task
1944,Fluctuating,82,31.0,78.0,2.0,EDGE,2,Low current latency; High CPU utilization; Small computational task
1945,Fluctuating,90,45.0,68.0,4.0,EDGE,1,Low current latency; Moderate CPU utilization; Small computational task
1946,Fluctuating,77,55.0,41.0,6.0,EDGE,2,Moderate current latency; Low CPU utilization; Medium computational task
1947,Fluctuating,41,41.0,39.0,5.0,EDGE,1,Low current latency; Low CPU utilization; Medium computational task
1948,Fluctuating,77,74.0,52.0,3.0,EDGE,2,Moderate current latency; Moderate CPU utilization; Small computational task
1949,Fluctuating,72,60.0,62.0,10.0,CLOUD,4,Moderate current latency; Moderate CPU utilization; Large computational task
1950,Fluctuating,44,42.0,67.0,1.0,EDGE,1,Low current latency; Moderate CPU utilization; Small computational task
1951,Fluctuating,73,57.0,75.0,4.0,CLOUD,3,Moderate current latency; High CPU utilization; Small computational task
1952,Fluctuating,58,51.0,78.0,9.0,CLOUD,5,Moderate current latency; High CPU utilization; Large computational task
1953,Fluctuating,40,42.0,43.0,9.0,EDGE,2,Low current latency; Low CPU utilization; Large computational task
1954,Fluctuating,85,90.0,53.0,10.0,CLOUD,4,Moderate current latency; Moderate CPU utilization; Large computational task
1955,Fluctuating,51,86.0,73.0,2.0,CLOUD,3,Moderate current latency; High CPU utilization; Small computational task
1956,Fluctuating,51,75.0,54.0,7.0,CLOUD,3,Moderate current latency; Moderate CPU utilization; Medium computational task
1957,Fluctuating,53,95.0,44.0,7.0,EDGE,2,Moderate current latency; Low CPU utilization; Medium computational task
1958,Fluctuating,47,70.0,37.0,8.0,CLOUD,3,Moderate current latency; Low CPU utilization; Large computational task
1959,Fluctuating,47,96.0,38.0,8.0,CLOUD,3,Moderate current latency; Low CPU utilization; Large computational task
1960,Fluctuating,88,76.0,75.0,5.0,CLOUD,4,Moderate current latency; High CPU utilization; Medium computational task
1961,Fluctuating,75,35.0,35.0,6.0,EDGE,1,Low current latency; Low CPU utilization; Medium computational task
1962,Fluctuating,71,44.0,54.0,5.0,EDGE,2,Low current latency; Moderate CPU utilization; Medium computational task
1963,Fluctuating,69,69.0,73.0,8.0,CLOUD,5,Moderate current latency; High CPU utilization; Large computational task
1964,Fluctuating,54,100.0,56.0,5.0,CLOUD,3,Moderate current latency; Moderate CPU utilization; Medium computational task
1965,Fluctuating,67,54.0,34.0,8.0,CLOUD,3,Moderate current latency; Low CPU utilization; Large computational task
1966,Fluctuating,83,77.0,41.0,1.0,EDGE,1,Moderate current latency; Low CPU utilization; Small computational task
1967,Fluctuating,83,92.0,73.0,2.0,CLOUD,3,Moderate current latency; High CPU utilization; Small computational task
1968,Fluctuating,65,86.0,63.0,2.0,EDGE,2,Moderate current latency; Moderate CPU utilization; Small computational task
1969,Fluctuating,47,48.0,55.0,7.0,EDGE,2,Low current latency; Moderate CPU utilization; Medium computational task
1970,Fluctuating,84,43.0,77.0,3.0,EDGE,2,Low current latency; High CPU utilization; Small computational task
1971,Fluctuating,44,76.0,42.0,6.0,EDGE,2,Moderate current latency; Low CPU utilization; Medium computational task
1972,Fluctuating,52,81.0,37.0,4.0,EDGE,1,Moderate current latency; Low CPU utilization; Small computational task
1973,Fluctuating,67,93.0,47.0,10.0,CLOUD,3,Moderate current latency; Low CPU utilization; Large computational task
1974,Fluctuating,77,64.0,78.0,7.0,CLOUD,4,Moderate current latency; High CPU utilization; Medium computational task
1975,Fluctuating,62,90.0,72.0,10.0,CLOUD,5,Moderate current latency; High CPU utilization; Large computational task
1976,Fluctuating,65,92.0,62.0,5.0,CLOUD,3,Moderate current latency; Moderate CPU utilization; Medium computational task
1977,Fluctuating,49,88.0,36.0,2.0,EDGE,1,Moderate current latency; Low CPU utilization; Small computational task
1978,Fluctuating,56,92.0,61.0,4.0,EDGE,2,Moderate current latency; Moderate CPU utilization; Small computational task
1979,Fluctuating,80,47.0,31.0,2.0,EDGE,0,Low current latency; Low CPU utilization; Small computational task
1980,Fluctuating,87,36.0,34.0,8.0,EDGE,2,Low current latency; Low CPU utilization; Large computational task
1981,Fluctuating,83,33.0,41.0,7.0,EDGE,1,Low current latency; Low CPU utilization; Medium computational task
1982,Fluctuating,78,71.0,39.0,5.0,EDGE,2,Moderate current latency; Low CPU utilization; Medium computational task
1983,Fluctuating,79,42.0,78.0,2.0,EDGE,2,Low current latency; High CPU utilization; Small computational task
1984,Fluctuating,82,96.0,79.0,8.0,CLOUD,5,Moderate current latency; High CPU utilization; Large computational task
1985,Fluctuating,90,89.0,42.0,5.0,EDGE,2,Moderate current latency; Low CPU utilization; Medium computational task
1986,Fluctuating,82,93.0,61.0,9.0,CLOUD,4,Moderate current latency; Moderate CPU utilization; Large computational task
1987,Fluctuating,56,99.0,51.0,9.0,CLOUD,4,Moderate current latency; Moderate CPU utilization; Large computational task
1988,Fluctuating,74,32.0,78.0,1.0,EDGE,2,Low current latency; High CPU utilization; Small computational task
1989,Fluctuating,67,45.0,54.0,8.0,CLOUD,3,Low current latency; Moderate CPU utilization; Large computational task
1990,Fluctuating,60,78.0,58.0,8.0,CLOUD,4,Moderate current latency; Moderate CPU utilization; Large computational task
1991,Fluctuating,42,34.0,41.0,9.0,EDGE,2,Low current latency; Low CPU utilization; Large computational task
1992,Fluctuating,82,68.0,75.0,3.0,CLOUD,3,Moderate current latency; High CPU utilization; Small computational task
1993,Fluctuating,71,85.0,38.0,5.0,EDGE,2,Moderate current latency; Low CPU utilization; Medium computational task
1994,Fluctuating,85,79.0,61.0,2.0,EDGE,2,Moderate current latency; Moderate CPU utilization; Small computational task
1995,Fluctuating,76,92.0,72.0,9.0,CLOUD,5,Moderate current latency; High CPU utilization; Large computational task
1996,Fluctuating,83,99.0,66.0,8.0,CLOUD,4,Moderate current latency; Moderate CPU utilization; Large computational task
1997,Fluctuating,70,50.0,62.0,1.0,EDGE,1,Low current latency; Moderate CPU utilization; Small computational task
1998,Fluctuating,65,63.0,61.0,10.0,CLOUD,4,Moderate current latency; Moderate CPU utilization; Large computational task
1999,Fluctuating,64,75.0,79.0,5.0,CLOUD,4,Moderate current latency; High CPU utilization; Medium computational task
2000,Fluctuating,60,37.0,31.0,10.0,EDGE,2,Low current latency; Low CPU utilization; Large computational task
2001,Congested,11,152.0,83.0,6.0,CLOUD,5,High current latency; High CPU utilization; Medium computational task
2002,Congested,35,126.0,81.0,7.0,CLOUD,5,High current latency; High CPU utilization; Medium computational task
2003,Congested,13,229.0,82.0,6.0,CLOUD,5,High current latency; High CPU utilization; Medium computational task
2004,Congested,23,209.0,63.0,4.0,CLOUD,3,High current latency; Moderate CPU utilization; Small computational task
2005,Congested,17,180.0,79.0,10.0,CLOUD,6,High current latency; High CPU utilization; Large computational task
2006,Congested,12,136.0,79.0,2.0,CLOUD,4,High current latency; High CPU utilization; Small computational task
2007,Congested,20,163.0,61.0,9.0,CLOUD,5,High current latency; Moderate CPU utilization; Large computational task
2008,Congested,20,129.0,89.0,7.0,CLOUD,5,High current latency; High CPU utilization; Medium computational task
2009,Congested,28,227.0,77.0,1.0,CLOUD,4,High current latency; High CPU utilization; Small computational task
2010,Congested,32,240.0,61.0,6.0,CLOUD,4,High current latency; Moderate CPU utilization; Medium computational task
2011,Congested,22,219.0,80.0,10.0,CLOUD,6,High current latency; High CPU utilization; Large computational task
2012,Congested,13,245.0,66.0,4.0,CLOUD,3,High current latency; Moderate CPU utilization; Small computational task
2013,Congested,20,247.0,92.0,6.0,CLOUD,5,High current latency; High CPU utilization; Medium computational task
2014,Congested,15,196.0,83.0,7.0,CLOUD,5,High current latency; High CPU utilization; Medium computational task
2015,Congested,16,247.0,64.0,9.0,CLOUD,5,High current latency; Moderate CPU utilization; Large computational task
2016,Congested,16,193.0,76.0,1.0,CLOUD,4,High current latency; High CPU utilization; Small computational task
2017,Congested,19,222.0,74.0,10.0,CLOUD,6,High current latency; High CPU utilization; Large computational task
2018,Congested,33,143.0,66.0,10.0,CLOUD,5,High current latency; Moderate CPU utilization; Large computational task
2019,Congested,20,189.0,64.0,10.0,CLOUD,5,High current latency; Moderate CPU utilization; Large computational task
2020,Congested,35,241.0,87.0,4.0,CLOUD,4,High current latency; High CPU utilization; Small computational task
2021,Congested,21,139.0,79.0,9.0,CLOUD,6,High current latency; High CPU utilization; Large computational task
2022,Congested,35,196.0,87.0,9.0,CLOUD,6,High current latency; High CPU utilization; Large computational task
2023,Congested,20,171.0,86.0,7.0,CLOUD,5,High current latency; High CPU utilization; Medium computational task
2024,Congested,18,236.0,95.0,3.0,CLOUD,4,High current latency; High CPU utilization; Small computational task
2025,Congested,38,124.0,93.0,3.0,CLOUD,4,High current latency; High CPU utilization; Small computational task
2026,Congested,28,247.0,73.0,8.0,CLOUD,6,High current latency; High CPU utilization; Large computational task
2027,Congested,18,231.0,63.0,9.0,CLOUD,5,High current latency; Moderate CPU utilization; Large computational task
2028,Congested,16,213.0,89.0,3.0,CLOUD,4,High current latency; High CPU utilization; Small computational task
2029,Congested,17,158.0,79.0,7.0,CLOUD,5,High current latency; High CPU utilization; Medium computational task
2030,Congested,23,201.0,64.0,4.0,CLOUD,3,High current latency; Moderate CPU utilization; Small computational task
2031,Congested,37,225.0,77.0,5.0,CLOUD,5,High current latency; High CPU utilization; Medium computational task
2032,Congested,30,161.0,76.0,10.0,CLOUD,6,High current latency; High CPU utilization; Large computational task
2033,Congested,17,223.0,75.0,2.0,CLOUD,4,High current latency; High CPU utilization; Small computational task
2034,Congested,14,169.0,61.0,4.0,CLOUD,3,High current latency; Moderate CPU utilization; Small computational task
2035,Congested,35,199.0,89.0,8.0,CLOUD,6,High current latency; High CPU utilization; Large computational task
2036,Congested,27,231.0,87.0,1.0,CLOUD,4,High current latency; High CPU utilization; Small computational task
2037,Congested,16,160.0,77.0,3.0,CLOUD,4,High current latency; High CPU utilization; Small computational task
2038,Congested,10,186.0,77.0,9.0,CLOUD,6,High current latency; High CPU utilization; Large computational task
2039,Congested,15,130.0,91.0,1.0,CLOUD,4,High current latency; High CPU utilization; Small computational task
2040,Congested,11,141.0,80.0,10.0,CLOUD,6,High current latency; High CPU utilization; Large computational task
2041,Congested,19,136.0,86.0,6.0,CLOUD,5,High current latency; High CPU utilization; Medium computational task
2042,Congested,31,143.0,85.0,3.0,CLOUD,4,High current latency; High CPU utilization; Small computational task
2043,Congested,17,148.0,92.0,2.0,CLOUD,4,High current latency; High CPU utilization; Small computational task
2044,Congested,26,184.0,91.0,2.0,CLOUD,4,High current latency; High CPU utilization; Small computational task
2045,Congested,17,151.0,80.0,6.0,CLOUD,5,High current latency; High CPU utilization; Medium computational task
2046,Congested,36,219.0,75.0,7.0,CLOUD,5,High current latency; High CPU utilization; Medium computational task
2047,Congested,16,156.0,66.0,3.0,CLOUD,3,High current latency; Moderate CPU utilization; Small computational task
2048,Congested,16,190.0,88.0,7.0,CLOUD,5,High current latency; High CPU utilization; Medium computational task
2049,Congested,18,134.0,91.0,9.0,CLOUD,6,High current latency; High CPU utilization; Large computational task
2050,Congested,21,148.0,80.0,9.0,CLOUD,6,High current latency; High CPU utilization; Large computational task
2051,Congested,23,241.0,75.0,5.0,CLOUD,5,High current latency; High CPU utilization; Medium computational task
2052,Congested,38,157.0,83.0,8.0,CLOUD,6,High current latency; High CPU utilization; Large computational task
2053,Congested,32,214.0,79.0,1.0,CLOUD,4,High current latency; High CPU utilization; Small computational task
2054,Congested,30,128.0,63.0,4.0,CLOUD,3,High current latency; Moderate CPU utilization; Small computational task
2055,Congested,18,218.0,79.0,6.0,CLOUD,5,High current latency; High CPU utilization; Medium computational task
2056,Congested,38,151.0,94.0,4.0,CLOUD,4,High current latency; High CPU utilization; Small computational task
2057,Congested,37,233.0,84.0,1.0,CLOUD,4,High current latency; High CPU utilization; Small computational task
2058,Congested,39,220.0,76.0,5.0,CLOUD,5,High current latency; High CPU utilization; Medium computational task
2059,Congested,12,180.0,79.0,4.0,CLOUD,4,High current latency; High CPU utilization; Small computational task
2060,Congested,37,161.0,88.0,6.0,CLOUD,5,High current latency; High CPU utilization; Medium computational task
2061,Congested,38,224.0,62.0,5.0,CLOUD,4,High current latency; Moderate CPU utilization; Medium computational task
2062,Congested,37,140.0,91.0,8.0,CLOUD,6,High current latency; High CPU utilization; Large computational task
2063,Congested,33,225.0,81.0,7.0,CLOUD,5,High current latency; High CPU utilization; Medium computational task
2064,Congested,38,145.0,70.0,5.0,CLOUD,4,High current latency; Moderate CPU utilization; Medium computational task
2065,Congested,26,136.0,82.0,7.0,CLOUD,5,High current latency; High CPU utilization; Medium computational task
2066,Congested,29,203.0,89.0,1.0,CLOUD,4,High current latency; High CPU utilization; Small computational task
2067,Congested,34,133.0,71.0,8.0,CLOUD,6,High current latency; High CPU utilization; Large computational task
2068,Congested,35,154.0,60.0,7.0,CLOUD,4,High current latency; Moderate CPU utilization; Medium computational task
2069,Congested,16,198.0,80.0,10.0,CLOUD,6,High current latency; High CPU utilization; Large computational task
2070,Congested,12,148.0,70.0,4.0,CLOUD,3,High current latency; Moderate CPU utilization; Small computational task
2071,Congested,26,153.0,86.0,6.0,CLOUD,5,High current latency; High CPU utilization; Medium computational task
2072,Congested,24,242.0,68.0,5.0,CLOUD,4,High current latency; Moderate CPU utilization; Medium computational task
2073,Congested,15,203.0,78.0,4.0,CLOUD,4,High current latency; High CPU utilization; Small computational task
2074,Congested,12,226.0,83.0,3.0,CLOUD,4,High current latency; High CPU utilization; Small computational task
2075,Congested,22,216.0,74.0,1.0,CLOUD,4,High current latency; High CPU utilization; Small computational task
2076,Congested,40,125.0,95.0,10.0,CLOUD,6,High current latency; High CPU utilization; Large computational task
2077,Congested,30,178.0,65.0,8.0,CLOUD,5,High current latency; Moderate CPU utilization; Large computational task
2078,Congested,16,187.0,70.0,1.0,CLOUD,3,High current latency; Moderate CPU utilization; Small computational task
2079,Congested,22,229.0,76.0,3.0,CLOUD,4,High current latency; High CPU utilization; Small computational task
2080,Congested,12,214.0,70.0,10.0,CLOUD,5,High current latency; Moderate CPU utilization; Large computational task
2081,Congested,13,123.0,93.0,7.0,CLOUD,5,High current latency; High CPU utilization; Medium computational task
2082,Congested,34,236.0,91.0,2.0,CLOUD,4,High current latency; High CPU utilization; Small computational task
2083,Congested,17,172.0,72.0,5.0,CLOUD,5,High current latency; High CPU utilization; Medium computational task
2084,Congested,19,246.0,84.0,3.0,CLOUD,4,High current latency; High CPU utilization; Small computational task
2085,Congested,23,172.0,73.0,5.0,CLOUD,5,High current latency; High CPU utilization; Medium computational task
2086,Congested,33,168.0,86.0,3.0,CLOUD,4,High current latency; High CPU utilization; Small computational task
2087,Congested,23,157.0,61.0,5.0,CLOUD,4,High current latency; Moderate CPU utilization; Medium computational task
2088,Congested,18,180.0,88.0,4.0,CLOUD,4,High current latency; High CPU utilization; Small computational task
2089,Congested,21,237.0,65.0,1.0,CLOUD,3,High current latency; Moderate CPU utilization; Small computational task
2090,Congested,25,154.0,80.0,7.0,CLOUD,5,High current latency; High CPU utilization; Medium computational task
2091,Congested,31,174.0,84.0,7.0,CLOUD,5,High current latency; High CPU utilization; Medium computational task
2092,Congested,33,185.0,64.0,2.0,CLOUD,3,High current latency; Moderate CPU utilization; Small computational task
2093,Congested,27,135.0,63.0,6.0,CLOUD,4,High current latency; Moderate CPU utilization; Medium computational task
2094,Congested,39,180.0,90.0,6.0,CLOUD,5,High current latency; High CPU utilization; Medium computational task
2095,Congested,29,131.0,60.0,5.0,CLOUD,4,High current latency; Moderate CPU utilization; Medium computational task
2096,Congested,26,217.0,79.0,7.0,CLOUD,5,High current latency; High CPU utilization; Medium computational task
2097,Congested,31,214.0,68.0,9.0,CLOUD,5,High current latency; Moderate CPU utilization; Large computational task
2098,Congested,11,165.0,76.0,3.0,CLOUD,4,High current latency; High CPU utilization; Small computational task
2099,Congested,26,246.0,81.0,8.0,CLOUD,6,High current latency; High CPU utilization; Large computational task
2100,Congested,14,142.0,80.0,9.0,CLOUD,6,High current latency; High CPU utilization; Large computational task
2101,Congested,23,156.0,76.0,2.0,CLOUD,4,High current latency; High CPU utilization; Small computational task
2102,Congested,20,131.0,68.0,8.0,CLOUD,5,High current latency; Moderate CPU utilization; Large computational task
2103,Congested,37,191.0,83.0,7.0,CLOUD,5,High current latency; High CPU utilization; Medium computational task
2104,Congested,19,187.0,76.0,9.0,CLOUD,6,High current latency; High CPU utilization; Large computational task
2105,Congested,20,231.0,70.0,6.0,CLOUD,4,High current latency; Moderate CPU utilization; Medium computational task
2106,Congested,33,245.0,69.0,9.0,CLOUD,5,High current latency; Moderate CPU utilization; Large computational task
2107,Congested,37,232.0,63.0,4.0,CLOUD,3,High current latency; Moderate CPU utilization; Small computational task
2108,Congested,14,133.0,74.0,3.0,CLOUD,4,High current latency; High CPU utilization; Small computational task
2109,Congested,11,240.0,76.0,3.0,CLOUD,4,High current latency; High CPU utilization; Small computational task
2110,Congested,32,239.0,87.0,2.0,CLOUD,4,High current latency; High CPU utilization; Small computational task
2111,Congested,38,246.0,62.0,8.0,CLOUD,5,High current latency; Moderate CPU utilization; Large computational task
2112,Congested,21,244.0,89.0,8.0,CLOUD,6,High current latency; High CPU utilization; Large computational task
2113,Congested,13,157.0,67.0,6.0,CLOUD,4,High current latency; Moderate CPU utilization; Medium computational task
2114,Congested,12,172.0,78.0,3.0,CLOUD,4,High current latency; High CPU utilization; Small computational task
2115,Congested,36,163.0,92.0,5.0,CLOUD,5,High current latency; High CPU utilization; Medium computational task
2116,Congested,28,174.0,60.0,9.0,CLOUD,5,High current latency; Moderate CPU utilization; Large computational task
2117,Congested,34,166.0,86.0,2.0,CLOUD,4,High current latency; High CPU utilization; Small computational task
2118,Congested,17,247.0,66.0,6.0,CLOUD,4,High current latency; Moderate CPU utilization; Medium computational task
2119,Congested,10,192.0,67.0,7.0,CLOUD,4,High current latency; Moderate CPU utilization; Medium computational task
2120,Congested,21,147.0,80.0,3.0,CLOUD,4,High current latency; High CPU utilization; Small computational task
2121,Congested,10,140.0,89.0,8.0,CLOUD,6,High current latency; High CPU utilization; Large computational task
2122,Congested,24,188.0,60.0,6.0,CLOUD,4,High current latency; Moderate CPU utilization; Medium computational task
2123,Congested,11,235.0,80.0,10.0,CLOUD,6,High current latency; High CPU utilization; Large computational task
2124,Congested,14,174.0,63.0,5.0,CLOUD,4,High current latency; Moderate CPU utilization; Medium computational task
2125,Congested,20,134.0,64.0,9.0,CLOUD,5,High current latency; Moderate CPU utilization; Large computational task
2126,Congested,40,217.0,65.0,7.0,CLOUD,4,High current latency; Moderate CPU utilization; Medium computational task
2127,Congested,18,165.0,75.0,7.0,CLOUD,5,High current latency; High CPU utilization; Medium computational task
2128,Congested,12,125.0,73.0,3.0,CLOUD,4,High current latency; High CPU utilization; Small computational task
2129,Congested,22,223.0,78.0,3.0,CLOUD,4,High current latency; High CPU utilization; Small computational task
2130,Congested,13,196.0,91.0,7.0,CLOUD,5,High current latency; High CPU utilization; Medium computational task
2131,Congested,33,199.0,68.0,6.0,CLOUD,4,High current latency; Moderate CPU utilization; Medium computational task
2132,Congested,31,144.0,83.0,9.0,CLOUD,6,High current latency; High CPU utilization; Large computational task
2133,Congested,16,245.0,88.0,7.0,CLOUD,5,High current latency; High CPU utilization; Medium computational task
2134,Congested,25,188.0,87.0,2.0,CLOUD,4,High current latency; High CPU utilization; Small computational task
2135,Congested,34,228.0,83.0,10.0,CLOUD,6,High current latency; High CPU utilization; Large computational task
2136,Congested,15,231.0,87.0,2.0,CLOUD,4,High current latency; High CPU utilization; Small computational task
2137,Congested,11,207.0,89.0,4.0,CLOUD,4,High current latency; High CPU utilization; Small computational task
2138,Congested,30,159.0,91.0,9.0,CLOUD,6,High current latency; High CPU utilization; Large computational task
2139,Congested,30,141.0,78.0,8.0,CLOUD,6,High current latency; High CPU utilization; Large computational task
2140,Congested,23,140.0,90.0,5.0,CLOUD,5,High current latency; High CPU utilization; Medium computational task
2141,Congested,14,152.0,79.0,4.0,CLOUD,4,High current latency; High CPU utilization; Small computational task
2142,Congested,26,229.0,78.0,10.0,CLOUD,6,High current latency; High CPU utilization; Large computational task
2143,Congested,11,139.0,62.0,9.0,CLOUD,5,High current latency; Moderate CPU utilization; Large computational task
2144,Congested,13,250.0,87.0,7.0,CLOUD,5,High current latency; High CPU utilization; Medium computational task
2145,Congested,13,238.0,76.0,6.0,CLOUD,5,High current latency; High CPU utilization; Medium computational task
2146,Congested,18,140.0,92.0,1.0,CLOUD,4,High current latency; High CPU utilization; Small computational task
2147,Congested,13,238.0,71.0,3.0,CLOUD,4,High current latency; High CPU utilization; Small computational task
2148,Congested,36,220.0,62.0,2.0,CLOUD,3,High current latency; Moderate CPU utilization; Small computational task
2149,Congested,23,196.0,80.0,10.0,CLOUD,6,High current latency; High CPU utilization; Large computational task
2150,Congested,33,236.0,88.0,10.0,CLOUD,6,High current latency; High CPU utilization; Large computational task
2151,Congested,35,187.0,81.0,3.0,CLOUD,4,High current latency; High CPU utilization; Small computational task
2152,Congested,16,167.0,65.0,10.0,CLOUD,5,High current latency; Moderate CPU utilization; Large computational task
2153,Congested,18,147.0,87.0,9.0,CLOUD,6,High current latency; High CPU utilization; Large computational task
2154,Congested,10,121.0,85.0,2.0,CLOUD,4,High current latency; High CPU utilization; Small computational task
2155,Congested,10,163.0,90.0,8.0,CLOUD,6,High current latency; High CPU utilization; Large computational task
2156,Congested,32,223.0,91.0,5.0,CLOUD,5,High current latency; High CPU utilization; Medium computational task
2157,Congested,29,212.0,85.0,5.0,CLOUD,5,High current latency; High CPU utilization; Medium computational task
2158,Congested,12,152.0,68.0,1.0,CLOUD,3,High current latency; Moderate CPU utilization; Small computational task
2159,Congested,16,148.0,61.0,4.0,CLOUD,3,High current latency; Moderate CPU utilization; Small computational task
2160,Congested,37,126.0,73.0,8.0,CLOUD,6,High current latency; High CPU utilization; Large computational task
2161,Congested,30,157.0,75.0,7.0,CLOUD,5,High current latency; High CPU utilization; Medium computational task
2162,Congested,36,168.0,65.0,5.0,CLOUD,4,High current latency; Moderate CPU utilization; Medium computational task
2163,Congested,34,238.0,69.0,8.0,CLOUD,5,High current latency; Moderate CPU utilization; Large computational task
2164,Congested,23,125.0,67.0,3.0,CLOUD,3,High current latency; Moderate CPU utilization; Small computational task
2165,Congested,38,159.0,88.0,8.0,CLOUD,6,High current latency; High CPU utilization; Large computational task
2166,Congested,25,125.0,88.0,10.0,CLOUD,6,High current latency; High CPU utilization; Large computational task
2167,Congested,17,171.0,78.0,10.0,CLOUD,6,High current latency; High CPU utilization; Large computational task
2168,Congested,36,220.0,63.0,6.0,CLOUD,4,High current latency; Moderate CPU utilization; Medium computational task
2169,Congested,10,146.0,87.0,7.0,CLOUD,5,High current latency; High CPU utilization; Medium computational task
2170,Congested,37,246.0,95.0,5.0,CLOUD,5,High current latency; High CPU utilization; Medium computational task
2171,Congested,11,244.0,85.0,8.0,CLOUD,6,High current latency; High CPU utilization; Large computational task
2172,Congested,26,244.0,74.0,1.0,CLOUD,4,High current latency; High CPU utilization; Small computational task
2173,Congested,26,124.0,87.0,10.0,CLOUD,6,High current latency; High CPU utilization; Large computational task
2174,Congested,20,136.0,77.0,7.0,CLOUD,5,High current latency; High CPU utilization; Medium computational task
2175,Congested,38,241.0,67.0,8.0,CLOUD,5,High current latency; Moderate CPU utilization; Large computational task
2176,Congested,29,208.0,88.0,7.0,CLOUD,5,High current latency; High CPU utilization; Medium computational task
2177,Congested,10,161.0,78.0,4.0,CLOUD,4,High current latency; High CPU utilization; Small computational task
2178,Congested,25,208.0,88.0,4.0,CLOUD,4,High current latency; High CPU utilization; Small computational task
2179,Congested,26,176.0,81.0,10.0,CLOUD,6,High current latency; High CPU utilization; Large computational task
2180,Congested,37,239.0,68.0,5.0,CLOUD,4,High current latency; Moderate CPU utilization; Medium computational task
2181,Congested,33,219.0,86.0,6.0,CLOUD,5,High current latency; High CPU utilization; Medium computational task
2182,Congested,35,240.0,70.0,10.0,CLOUD,5,High current latency; Moderate CPU utilization; Large computational task
2183,Congested,16,192.0,65.0,8.0,CLOUD,5,High current latency; Moderate CPU utilization; Large computational task
2184,Congested,14,164.0,72.0,3.0,CLOUD,4,High current latency; High CPU utilization; Small computational task
2185,Congested,29,245.0,66.0,7.0,CLOUD,4,High current latency; Moderate CPU utilization; Medium computational task
2186,Congested,40,246.0,79.0,4.0,CLOUD,4,High current latency; High CPU utilization; Small computational task
2187,Congested,16,132.0,61.0,6.0,CLOUD,4,High current latency; Moderate CPU utilization; Medium computational task
2188,Congested,38,186.0,82.0,3.0,CLOUD,4,High current latency; High CPU utilization; Small computational task
2189,Congested,15,248.0,62.0,2.0,CLOUD,3,High current latency; Moderate CPU utilization; Small computational task
2190,Congested,20,230.0,67.0,10.0,CLOUD,5,High current latency; Moderate CPU utilization; Large computational task
2191,Congested,17,150.0,95.0,4.0,CLOUD,4,High current latency; High CPU utilization; Small computational task
2192,Congested,25,186.0,81.0,6.0,CLOUD,5,High current latency; High CPU utilization; Medium computational task
2193,Congested,34,131.0,95.0,5.0,CLOUD,5,High current latency; High CPU utilization; Medium computational task
2194,Congested,38,158.0,92.0,10.0,CLOUD,6,High current latency; High CPU utilization; Large computational task
2195,Congested,31,146.0,63.0,8.0,CLOUD,5,High current latency; Moderate CPU utilization; Large computational task
2196,Congested,35,237.0,67.0,2.0,CLOUD,3,High current latency; Moderate CPU utilization; Small computational task
2197,Congested,35,146.0,95.0,1.0,CLOUD,4,High current latency; High CPU utilization; Small computational task
2198,Congested,26,146.0,70.0,2.0,CLOUD,3,High current latency; Moderate CPU utilization; Small computational task
2199,Congested,37,172.0,83.0,3.0,CLOUD,4,High current latency; High CPU utilization; Small computational task
2200,Congested,33,194.0,88.0,9.0,CLOUD,6,High current latency; High CPU utilization; Large computational task
2201,Congested,25,145.0,69.0,6.0,CLOUD,4,High current latency; Moderate CPU utilization; Medium computational task
2202,Congested,20,155.0,67.0,4.0,CLOUD,3,High current latency; Moderate CPU utilization; Small computational task
2203,Congested,24,226.0,60.0,4.0,CLOUD,3,High current latency; Moderate CPU utilization; Small computational task
2204,Congested,36,241.0,81.0,5.0,CLOUD,5,High current latency; High CPU utilization; Medium computational task
2205,Congested,26,163.0,65.0,5.0,CLOUD,4,High current latency; Moderate CPU utilization; Medium computational task
2206,Congested,21,226.0,83.0,4.0,CLOUD,4,High current latency; High CPU utilization; Small computational task
2207,Congested,14,227.0,74.0,3.0,CLOUD,4,High current latency; High CPU utilization; Small computational task
2208,Congested,35,229.0,86.0,7.0,CLOUD,5,High current latency; High CPU utilization; Medium computational task
2209,Congested,38,237.0,93.0,6.0,CLOUD,5,High current latency; High CPU utilization; Medium computational task
2210,Congested,40,127.0,88.0,3.0,CLOUD,4,High current latency; High CPU utilization; Small computational task
2211,Congested,34,122.0,93.0,2.0,CLOUD,4,High current latency; High CPU utilization; Small computational task
2212,Congested,12,206.0,80.0,7.0,CLOUD,5,High current latency; High CPU utilization; Medium computational task
2213,Congested,34,162.0,87.0,1.0,CLOUD,4,High current latency; High CPU utilization; Small computational task
2214,Congested,22,129.0,69.0,10.0,CLOUD,5,High current latency; Moderate CPU utilization; Large computational task
2215,Congested,11,195.0,86.0,7.0,CLOUD,5,High current latency; High CPU utilization; Medium computational task
2216,Congested,38,197.0,80.0,6.0,CLOUD,5,High current latency; High CPU utilization; Medium computational task
2217,Congested,10,191.0,93.0,10.0,CLOUD,6,High current latency; High CPU utilization; Large computational task
2218,Congested,39,157.0,85.0,8.0,CLOUD,6,High current latency; High CPU utilization; Large computational task
2219,Congested,30,172.0,94.0,10.0,CLOUD,6,High current latency; High CPU utilization; Large computational task
2220,Congested,35,233.0,82.0,7.0,CLOUD,5,High current latency; High CPU utilization; Medium computational task
2221,Congested,34,170.0,79.0,2.0,CLOUD,4,High current latency; High CPU utilization; Small computational task
2222,Congested,11,205.0,84.0,3.0,CLOUD,4,High current latency; High CPU utilization; Small computational task
2223,Congested,26,192.0,73.0,2.0,CLOUD,4,High current latency; High CPU utilization; Small computational task
2224,Congested,26,199.0,93.0,6.0,CLOUD,5,High current latency; High CPU utilization; Medium computational task
2225,Congested,34,160.0,61.0,1.0,CLOUD,3,High current latency; Moderate CPU utilization; Small computational task
2226,Congested,38,186.0,75.0,5.0,CLOUD,5,High current latency; High CPU utilization; Medium computational task
2227,Congested,33,228.0,92.0,2.0,CLOUD,4,High current latency; High CPU utilization; Small computational task
2228,Congested,33,135.0,83.0,5.0,CLOUD,5,High current latency; High CPU utilization; Medium computational task
2229,Congested,30,249.0,82.0,2.0,CLOUD,4,High current latency; High CPU utilization; Small computational task
2230,Congested,11,151.0,88.0,5.0,CLOUD,5,High current latency; High CPU utilization; Medium computational task
2231,Congested,28,121.0,89.0,6.0,CLOUD,5,High current latency; High CPU utilization; Medium computational task
2232,Congested,17,179.0,82.0,5.0,CLOUD,5,High current latency; High CPU utilization; Medium computational task
2233,Congested,19,155.0,84.0,9.0,CLOUD,6,High current latency; High CPU utilization; Large computational task
2234,Congested,33,183.0,66.0,6.0,CLOUD,4,High current latency; Moderate CPU utilization; Medium computational task
2235,Congested,26,169.0,83.0,8.0,CLOUD,6,High current latency; High CPU utilization; Large computational task
2236,Congested,13,157.0,87.0,7.0,CLOUD,5,High current latency; High CPU utilization; Medium computational task
2237,Congested,12,143.0,63.0,7.0,CLOUD,4,High current latency; Moderate CPU utilization; Medium computational task
2238,Congested,38,153.0,90.0,4.0,CLOUD,4,High current latency; High CPU utilization; Small computational task
2239,Congested,24,139.0,83.0,9.0,CLOUD,6,High current latency; High CPU utilization; Large computational task
2240,Congested,22,221.0,76.0,10.0,CLOUD,6,High current latency; High CPU utilization; Large computational task
2241,Congested,25,228.0,88.0,8.0,CLOUD,6,High current latency; High CPU utilization; Large computational task
2242,Congested,33,226.0,70.0,3.0,CLOUD,3,High current latency; Moderate CPU utilization; Small computational task
2243,Congested,26,152.0,91.0,8.0,CLOUD,6,High current latency; High CPU utilization; Large computational task
2244,Congested,14,150.0,73.0,8.0,CLOUD,6,High current latency; High CPU utilization; Large computational task
2245,Congested,25,128.0,70.0,9.0,CLOUD,5,High current latency; Moderate CPU utilization; Large computational task
2246,Congested,21,150.0,86.0,2.0,CLOUD,4,High current latency; High CPU utilization; Small computational task
2247,Congested,13,214.0,78.0,1.0,CLOUD,4,High current latency; High CPU utilization; Small computational task
2248,Congested,26,159.0,67.0,6.0,CLOUD,4,High current latency; Moderate CPU utilization; Medium computational task
2249,Congested,19,215.0,79.0,5.0,CLOUD,5,High current latency; High CPU utilization; Medium computational task
2250,Congested,25,127.0,69.0,3.0,CLOUD,3,High current latency; Moderate CPU utilization; Small computational task
2251,Congested,35,227.0,63.0,5.0,CLOUD,4,High current latency; Moderate CPU utilization; Medium computational task
2252,Congested,38,192.0,73.0,3.0,CLOUD,4,High current latency; High CPU utilization; Small computational task
2253,Congested,36,245.0,60.0,2.0,CLOUD,3,High current latency; Moderate CPU utilization; Small computational task
2254,Congested,27,209.0,64.0,1.0,CLOUD,3,High current latency; Moderate CPU utilization; Small computational task
2255,Congested,23,243.0,79.0,10.0,CLOUD,6,High current latency; High CPU utilization; Large computational task
2256,Congested,24,206.0,84.0,8.0,CLOUD,6,High current latency; High CPU utilization; Large computational task
2257,Congested,36,153.0,68.0,9.0,CLOUD,5,High current latency; Moderate CPU utilization; Large computational task
2258,Congested,30,237.0,88.0,8.0,CLOUD,6,High current latency; High CPU utilization; Large computational task
2259,Congested,14,203.0,65.0,10.0,CLOUD,5,High current latency; Moderate CPU utilization; Large computational task
2260,Congested,31,224.0,84.0,4.0,CLOUD,4,High current latency; High CPU utilization; Small computational task
2261,Congested,38,221.0,81.0,9.0,CLOUD,6,High current latency; High CPU utilization; Large computational task
2262,Congested,11,233.0,77.0,2.0,CLOUD,4,High current latency; High CPU utilization; Small computational task
2263,Congested,37,162.0,61.0,10.0,CLOUD,5,High current latency; Moderate CPU utilization; Large computational task
2264,Congested,30,199.0,95.0,2.0,CLOUD,4,High current latency; High CPU utilization; Small computational task
2265,Congested,30,141.0,72.0,10.0,CLOUD,6,High current latency; High CPU utilization; Large computational task
2266,Congested,27,133.0,93.0,4.0,CLOUD,4,High current latency; High CPU utilization; Small computational task
2267,Congested,34,241.0,92.0,1.0,CLOUD,4,High current latency; High CPU utilization; Small computational task
2268,Congested,13,166.0,61.0,5.0,CLOUD,4,High current latency; Moderate CPU utilization; Medium computational task
2269,Congested,35,172.0,75.0,10.0,CLOUD,6,High current latency; High CPU utilization; Large computational task
2270,Congested,24,141.0,94.0,10.0,CLOUD,6,High current latency; High CPU utilization; Large computational task
2271,Congested,20,222.0,62.0,8.0,CLOUD,5,High current latency; Moderate CPU utilization; Large computational task
2272,Congested,37,125.0,81.0,7.0,CLOUD,5,High current latency; High CPU utilization; Medium computational task
2273,Congested,15,226.0,61.0,9.0,CLOUD,5,High current latency; Moderate CPU utilization; Large computational task
2274,Congested,20,217.0,76.0,2.0,CLOUD,4,High current latency; High CPU utilization; Small computational task
2275,Congested,13,145.0,94.0,3.0,CLOUD,4,High current latency; High CPU utilization; Small computational task
2276,Congested,19,156.0,71.0,5.0,CLOUD,5,High current latency; High CPU utilization; Medium computational task
2277,Congested,34,142.0,69.0,5.0,CLOUD,4,High current latency; Moderate CPU utilization; Medium computational task
2278,Congested,40,224.0,70.0,1.0,CLOUD,3,High current latency; Moderate CPU utilization; Small computational task
2279,Congested,29,203.0,71.0,1.0,CLOUD,4,High current latency; High CPU utilization; Small computational task
2280,Congested,32,134.0,79.0,7.0,CLOUD,5,High current latency; High CPU utilization; Medium computational task
2281,Congested,13,201.0,69.0,7.0,CLOUD,4,High current latency; Moderate CPU utilization; Medium computational task
2282,Congested,38,202.0,76.0,7.0,CLOUD,5,High current latency; High CPU utilization; Medium computational task
2283,Congested,40,150.0,63.0,4.0,CLOUD,3,High current latency; Moderate CPU utilization; Small computational task
2284,Congested,17,180.0,91.0,9.0,CLOUD,6,High current latency; High CPU utilization; Large computational task
2285,Congested,34,249.0,84.0,2.0,CLOUD,4,High current latency; High CPU utilization; Small computational task
2286,Congested,18,135.0,80.0,8.0,CLOUD,6,High current latency; High CPU utilization; Large computational task
2287,Congested,27,224.0,64.0,8.0,CLOUD,5,High current latency; Moderate CPU utilization; Large computational task
2288,Congested,10,224.0,74.0,1.0,CLOUD,4,High current latency; High CPU utilization; Small computational task
2289,Congested,18,145.0,75.0,9.0,CLOUD,6,High current latency; High CPU utilization; Large computational task
2290,Congested,30,152.0,79.0,10.0,CLOUD,6,High current latency; High CPU utilization; Large computational task
2291,Congested,23,234.0,65.0,9.0,CLOUD,5,High current latency; Moderate CPU utilization; Large computational task
2292,Congested,16,156.0,83.0,9.0,CLOUD,6,High current latency; High CPU utilization; Large computational task
2293,Congested,15,182.0,94.0,7.0,CLOUD,5,High current latency; High CPU utilization; Medium computational task
2294,Congested,40,235.0,62.0,1.0,CLOUD,3,High current latency; Moderate CPU utilization; Small computational task
2295,Congested,36,238.0,78.0,3.0,CLOUD,4,High current latency; High CPU utilization; Small computational task
2296,Congested,10,135.0,90.0,5.0,CLOUD,5,High current latency; High CPU utilization; Medium computational task
2297,Congested,29,184.0,84.0,6.0,CLOUD,5,High current latency; High CPU utilization; Medium computational task
2298,Congested,36,174.0,92.0,5.0,CLOUD,5,High current latency; High CPU utilization; Medium computational task
2299,Congested,11,161.0,94.0,10.0,CLOUD,6,High current latency; High CPU utilization; Large computational task
2300,Congested,12,196.0,65.0,7.0,CLOUD,4,High current latency; Moderate CPU utilization; Medium computational task
2301,Congested,32,151.0,68.0,9.0,CLOUD,5,High current latency; Moderate CPU utilization; Large computational task
2302,Congested,18,230.0,73.0,10.0,CLOUD,6,High current latency; High CPU utilization; Large computational task
2303,Congested,26,201.0,81.0,5.0,CLOUD,5,High current latency; High CPU utilization; Medium computational task
2304,Congested,34,235.0,77.0,4.0,CLOUD,4,High current latency; High CPU utilization; Small computational task
2305,Congested,31,202.0,81.0,4.0,CLOUD,4,High current latency; High CPU utilization; Small computational task
2306,Congested,24,204.0,61.0,3.0,CLOUD,3,High current latency; Moderate CPU utilization; Small computational task
2307,Congested,30,120.0,90.0,1.0,CLOUD,4,High current latency; High CPU utilization; Small computational task
2308,Congested,38,122.0,71.0,7.0,CLOUD,5,High current latency; High CPU utilization; Medium computational task
2309,Congested,27,245.0,85.0,9.0,CLOUD,6,High current latency; High CPU utilization; Large computational task
2310,Congested,12,139.0,94.0,1.0,CLOUD,4,High current latency; High CPU utilization; Small computational task
2311,Congested,38,233.0,67.0,6.0,CLOUD,4,High current latency; Moderate CPU utilization; Medium computational task
2312,Congested,36,216.0,82.0,7.0,CLOUD,5,High current latency; High CPU utilization; Medium computational task
2313,Congested,15,122.0,67.0,8.0,CLOUD,5,High current latency; Moderate CPU utilization; Large computational task
2314,Congested,21,169.0,88.0,1.0,CLOUD,4,High current latency; High CPU utilization; Small computational task
2315,Congested,17,125.0,77.0,6.0,CLOUD,5,High current latency; High CPU utilization; Medium computational task
2316,Congested,16,143.0,79.0,4.0,CLOUD,4,High current latency; High CPU utilization; Small computational task
2317,Congested,17,246.0,83.0,1.0,CLOUD,4,High current latency; High CPU utilization; Small computational task
2318,Congested,18,246.0,73.0,1.0,CLOUD,4,High current latency; High CPU utilization; Small computational task
2319,Congested,16,221.0,67.0,5.0,CLOUD,4,High current latency; Moderate CPU utilization; Medium computational task
2320,Congested,28,248.0,91.0,3.0,CLOUD,4,High current latency; High CPU utilization; Small computational task
2321,Congested,27,169.0,71.0,2.0,CLOUD,4,High current latency; High CPU utilization; Small computational task
2322,Congested,28,152.0,64.0,3.0,CLOUD,3,High current latency; Moderate CPU utilization; Small computational task
2323,Congested,18,178.0,93.0,5.0,CLOUD,5,High current latency; High CPU utilization; Medium computational task
2324,Congested,16,125.0,94.0,10.0,CLOUD,6,High current latency; High CPU utilization; Large computational task
2325,Congested,18,236.0,60.0,7.0,CLOUD,4,High current latency; Moderate CPU utilization; Medium computational task
2326,Congested,30,133.0,80.0,7.0,CLOUD,5,High current latency; High CPU utilization; Medium computational task
2327,Congested,37,224.0,77.0,2.0,CLOUD,4,High current latency; High CPU utilization; Small computational task
2328,Congested,31,239.0,91.0,6.0,CLOUD,5,High current latency; High CPU utilization; Medium computational task
2329,Congested,26,131.0,74.0,1.0,CLOUD,4,High current latency; High CPU utilization; Small computational task
2330,Congested,18,227.0,94.0,8.0,CLOUD,6,High current latency; High CPU utilization; Large computational task
2331,Congested,20,121.0,85.0,4.0,CLOUD,4,High current latency; High CPU utilization; Small computational task
2332,Congested,20,140.0,61.0,4.0,CLOUD,3,High current latency; Moderate CPU utilization; Small computational task
2333,Congested,32,228.0,64.0,4.0,CLOUD,3,High current latency; Moderate CPU utilization; Small computational task
2334,Congested,16,162.0,81.0,5.0,CLOUD,5,High current latency; High CPU utilization; Medium computational task
2335,Congested,12,144.0,61.0,8.0,CLOUD,5,High current latency; Moderate CPU utilization; Large computational task
2336,Congested,23,126.0,81.0,5.0,CLOUD,5,High current latency; High CPU utilization; Medium computational task
2337,Congested,17,147.0,90.0,4.0,CLOUD,4,High current latency; High CPU utilization; Small computational task
2338,Congested,40,207.0,63.0,6.0,CLOUD,4,High current latency; Moderate CPU utilization; Medium computational task
2339,Congested,26,180.0,64.0,10.0,CLOUD,5,High current latency; Moderate CPU utilization; Large computational task
2340,Congested,29,232.0,66.0,8.0,CLOUD,5,High current latency; Moderate CPU utilization; Large computational task
2341,Congested,28,151.0,65.0,1.0,CLOUD,3,High current latency; Moderate CPU utilization; Small computational task
2342,Congested,39,128.0,84.0,6.0,CLOUD,5,High current latency; High CPU utilization; Medium computational task
2343,Congested,38,136.0,68.0,1.0,CLOUD,3,High current latency; Moderate CPU utilization; Small computational task
2344,Congested,39,233.0,63.0,5.0,CLOUD,4,High current latency; Moderate CPU utilization; Medium computational task
2345,Congested,29,230.0,64.0,2.0,CLOUD,3,High current latency; Moderate CPU utilization; Small computational task
2346,Congested,31,134.0,95.0,1.0,CLOUD,4,High current latency; High CPU utilization; Small computational task
2347,Congested,19,217.0,85.0,2.0,CLOUD,4,High current latency; High CPU utilization; Small computational task
2348,Congested,29,225.0,74.0,10.0,CLOUD,6,High current latency; High CPU utilization; Large computational task
2349,Congested,35,122.0,89.0,7.0,CLOUD,5,High current latency; High CPU utilization; Medium computational task
2350,Congested,24,229.0,66.0,6.0,CLOUD,4,High current latency; Moderate CPU utilization; Medium computational task
2351,Congested,30,126.0,89.0,9.0,CLOUD,6,High current latency; High CPU utilization; Large computational task
2352,Congested,20,169.0,66.0,2.0,CLOUD,3,High current latency; Moderate CPU utilization; Small computational task
2353,Congested,10,137.0,72.0,10.0,CLOUD,6,High current latency; High CPU utilization; Large computational task
2354,Congested,14,250.0,76.0,6.0,CLOUD,5,High current latency; High CPU utilization; Medium computational task
2355,Congested,23,243.0,88.0,3.0,CLOUD,4,High current latency; High CPU utilization; Small computational task
2356,Congested,17,155.0,62.0,1.0,CLOUD,3,High current latency; Moderate CPU utilization; Small computational task
2357,Congested,14,199.0,87.0,9.0,CLOUD,6,High current latency; High CPU utilization; Large computational task
2358,Congested,40,211.0,79.0,10.0,CLOUD,6,High current latency; High CPU utilization; Large computational task
2359,Congested,38,157.0,69.0,8.0,CLOUD,5,High current latency; Moderate CPU utilization; Large computational task
2360,Congested,19,207.0,78.0,6.0,CLOUD,5,High current latency; High CPU utilization; Medium computational task
2361,Congested,10,157.0,63.0,4.0,CLOUD,3,High current latency; Moderate CPU utilization; Small computational task
2362,Congested,26,133.0,87.0,6.0,CLOUD,5,High current latency; High CPU utilization; Medium computational task
2363,Congested,16,171.0,72.0,2.0,CLOUD,4,High current latency; High CPU utilization; Small computational task
2364,Congested,20,168.0,90.0,8.0,CLOUD,6,High current latency; High CPU utilization; Large computational task
2365,Congested,29,204.0,81.0,10.0,CLOUD,6,High current latency; High CPU utilization; Large computational task
2366,Congested,19,227.0,81.0,3.0,CLOUD,4,High current latency; High CPU utilization; Small computational task
2367,Congested,13,236.0,62.0,8.0,CLOUD,5,High current latency; Moderate CPU utilization; Large computational task
2368,Congested,17,120.0,74.0,4.0,CLOUD,4,High current latency; High CPU utilization; Small computational task
2369,Congested,24,174.0,75.0,8.0,CLOUD,6,High current latency; High CPU utilization; Large computational task
2370,Congested,33,204.0,84.0,4.0,CLOUD,4,High current latency; High CPU utilization; Small computational task
2371,Congested,22,167.0,60.0,6.0,CLOUD,4,High current latency; Moderate CPU utilization; Medium computational task
2372,Congested,10,138.0,82.0,1.0,CLOUD,4,High current latency; High CPU utilization; Small computational task
2373,Congested,27,149.0,69.0,5.0,CLOUD,4,High current latency; Moderate CPU utilization; Medium computational task
2374,Congested,24,169.0,83.0,1.0,CLOUD,4,High current latency; High CPU utilization; Small computational task
2375,Congested,10,170.0,72.0,5.0,CLOUD,5,High current latency; High CPU utilization; Medium computational task
2376,Congested,15,176.0,76.0,3.0,CLOUD,4,High current latency; High CPU utilization; Small computational task
2377,Congested,20,182.0,71.0,4.0,CLOUD,4,High current latency; High CPU utilization; Small computational task
2378,Congested,10,165.0,76.0,2.0,CLOUD,4,High current latency; High CPU utilization; Small computational task
2379,Congested,10,155.0,84.0,2.0,CLOUD,4,High current latency; High CPU utilization; Small computational task
2380,Congested,20,173.0,79.0,8.0,CLOUD,6,High current latency; High CPU utilization; Large computational task
2381,Congested,17,214.0,83.0,3.0,CLOUD,4,High current latency; High CPU utilization; Small computational task
2382,Congested,40,231.0,64.0,2.0,CLOUD,3,High current latency; Moderate CPU utilization; Small computational task
2383,Congested,14,153.0,72.0,4.0,CLOUD,4,High current latency; High CPU utilization; Small computational task
2384,Congested,27,216.0,83.0,6.0,CLOUD,5,High current latency; High CPU utilization; Medium computational task
2385,Congested,29,229.0,75.0,1.0,CLOUD,4,High current latency; High CPU utilization; Small computational task
2386,Congested,34,168.0,94.0,5.0,CLOUD,5,High current latency; High CPU utilization; Medium computational task
2387,Congested,35,158.0,80.0,4.0,CLOUD,4,High current latency; High CPU utilization; Small computational task
2388,Congested,11,191.0,68.0,9.0,CLOUD,5,High current latency; Moderate CPU utilization; Large computational task
2389,Congested,40,245.0,73.0,2.0,CLOUD,4,High current latency; High CPU utilization; Small computational task
2390,Congested,35,240.0,64.0,3.0,CLOUD,3,High current latency; Moderate CPU utilization; Small computational task
2391,Congested,26,219.0,92.0,6.0,CLOUD,5,High current latency; High CPU utilization; Medium computational task
2392,Congested,25,238.0,71.0,6.0,CLOUD,5,High current latency; High CPU utilization; Medium computational task
2393,Congested,32,215.0,93.0,8.0,CLOUD,6,High current latency; High CPU utilization; Large computational task
2394,Congested,32,246.0,90.0,5.0,CLOUD,5,High current latency; High CPU utilization; Medium computational task
2395,Congested,28,222.0,62.0,4.0,CLOUD,3,High current latency; Moderate CPU utilization; Small computational task
2396,Congested,17,171.0,88.0,4.0,CLOUD,4,High current latency; High CPU utilization; Small computational task
2397,Congested,22,175.0,79.0,7.0,CLOUD,5,High current latency; High CPU utilization; Medium computational task
2398,Congested,38,216.0,70.0,6.0,CLOUD,4,High current latency; Moderate CPU utilization; Medium computational task
2399,Congested,18,141.0,68.0,2.0,CLOUD,3,High current latency; Moderate CPU utilization; Small computational task
2400,Congested,19,233.0,93.0,6.0,CLOUD,5,High current latency; High CPU utilization; Medium computational task
2401,Congested,17,130.0,89.0,9.0,CLOUD,6,High current latency; High CPU utilization; Large computational task
2402,Congested,29,206.0,87.0,8.0,CLOUD,6,High current latency; High CPU utilization; Large computational task
2403,Congested,24,230.0,86.0,6.0,CLOUD,5,High current latency; High CPU utilization; Medium computational task
2404,Congested,35,247.0,80.0,5.0,CLOUD,5,High current latency; High CPU utilization; Medium computational task
2405,Congested,22,126.0,71.0,8.0,CLOUD,6,High current latency; High CPU utilization; Large computational task
2406,Congested,17,187.0,64.0,6.0,CLOUD,4,High current latency; Moderate CPU utilization; Medium computational task
2407,Congested,38,141.0,78.0,9.0,CLOUD,6,High current latency; High CPU utilization; Large computational task
2408,Congested,26,140.0,77.0,4.0,CLOUD,4,High current latency; High CPU utilization; Small computational task
2409,Congested,13,150.0,64.0,6.0,CLOUD,4,High current latency; Moderate CPU utilization; Medium computational task
2410,Congested,11,171.0,81.0,4.0,CLOUD,4,High current latency; High CPU utilization; Small computational task
2411,Congested,31,204.0,76.0,5.0,CLOUD,5,High current latency; High CPU utilization; Medium computational task
2412,Congested,33,190.0,72.0,10.0,CLOUD,6,High current latency; High CPU utilization; Large computational task
2413,Congested,14,186.0,60.0,5.0,CLOUD,4,High current latency; Moderate CPU utilization; Medium computational task
2414,Congested,19,208.0,85.0,7.0,CLOUD,5,High current latency; High CPU utilization; Medium computational task
2415,Congested,36,123.0,90.0,9.0,CLOUD,6,High current latency; High CPU utilization; Large computational task
2416,Congested,34,158.0,85.0,4.0,CLOUD,4,High current latency; High CPU utilization; Small computational task
2417,Congested,17,173.0,90.0,4.0,CLOUD,4,High current latency; High CPU utilization; Small computational task
2418,Congested,26,239.0,89.0,6.0,CLOUD,5,High current latency; High CPU utilization; Medium computational task
2419,Congested,35,141.0,80.0,4.0,CLOUD,4,High current latency; High CPU utilization; Small computational task
2420,Congested,23,226.0,73.0,8.0,CLOUD,6,High current latency; High CPU utilization; Large computational task
2421,Congested,24,127.0,83.0,3.0,CLOUD,4,High current latency; High CPU utilization; Small computational task
2422,Congested,28,152.0,79.0,1.0,CLOUD,4,High current latency; High CPU utilization; Small computational task
2423,Congested,25,210.0,81.0,4.0,CLOUD,4,High current latency; High CPU utilization; Small computational task
2424,Congested,23,228.0,85.0,9.0,CLOUD,6,High current latency; High CPU utilization; Large computational task
2425,Congested,19,203.0,61.0,10.0,CLOUD,5,High current latency; Moderate CPU utilization; Large computational task
2426,Congested,35,128.0,68.0,3.0,CLOUD,3,High current latency; Moderate CPU utilization; Small computational task
2427,Congested,40,204.0,85.0,7.0,CLOUD,5,High current latency; High CPU utilization; Medium computational task
2428,Congested,16,220.0,64.0,9.0,CLOUD,5,High current latency; Moderate CPU utilization; Large computational task
2429,Congested,22,168.0,90.0,2.0,CLOUD,4,High current latency; High CPU utilization; Small computational task
2430,Congested,20,235.0,79.0,2.0,CLOUD,4,High current latency; High CPU utilization; Small computational task
2431,Congested,15,146.0,95.0,3.0,CLOUD,4,High current latency; High CPU utilization; Small computational task
2432,Congested,11,245.0,61.0,3.0,CLOUD,3,High current latency; Moderate CPU utilization; Small computational task
2433,Congested,16,137.0,84.0,5.0,CLOUD,5,High current latency; High CPU utilization; Medium computational task
2434,Congested,16,179.0,78.0,9.0,CLOUD,6,High current latency; High CPU utilization; Large computational task
2435,Congested,12,236.0,63.0,6.0,CLOUD,4,High current latency; Moderate CPU utilization; Medium computational task
2436,Congested,26,122.0,70.0,6.0,CLOUD,4,High current latency; Moderate CPU utilization; Medium computational task
2437,Congested,37,225.0,85.0,3.0,CLOUD,4,High current latency; High CPU utilization; Small computational task
2438,Congested,13,153.0,94.0,7.0,CLOUD,5,High current latency; High CPU utilization; Medium computational task
2439,Congested,25,137.0,84.0,4.0,CLOUD,4,High current latency; High CPU utilization; Small computational task
2440,Congested,14,172.0,79.0,7.0,CLOUD,5,High current latency; High CPU utilization; Medium computational task
2441,Congested,36,241.0,70.0,10.0,CLOUD,5,High current latency; Moderate CPU utilization; Large computational task
2442,Congested,28,199.0,72.0,9.0,CLOUD,6,High current latency; High CPU utilization; Large computational task
2443,Congested,32,237.0,77.0,4.0,CLOUD,4,High current latency; High CPU utilization; Small computational task
2444,Congested,10,156.0,88.0,2.0,CLOUD,4,High current latency; High CPU utilization; Small computational task
2445,Congested,36,222.0,75.0,9.0,CLOUD,6,High current latency; High CPU utilization; Large computational task
2446,Congested,20,245.0,89.0,8.0,CLOUD,6,High current latency; High CPU utilization; Large computational task
2447,Congested,28,130.0,65.0,5.0,CLOUD,4,High current latency; Moderate CPU utilization; Medium computational task
2448,Congested,30,236.0,82.0,5.0,CLOUD,5,High current latency; High CPU utilization; Medium computational task
2449,Congested,22,164.0,86.0,4.0,CLOUD,4,High current latency; High CPU utilization; Small computational task
2450,Congested,15,230.0,89.0,7.0,CLOUD,5,High current latency; High CPU utilization; Medium computational task
2451,Congested,39,166.0,66.0,7.0,CLOUD,4,High current latency; Moderate CPU utilization; Medium computational task
2452,Congested,32,131.0,75.0,3.0,CLOUD,4,High current latency; High CPU utilization; Small computational task
2453,Congested,18,194.0,64.0,4.0,CLOUD,3,High current latency; Moderate CPU utilization; Small computational task
2454,Congested,39,246.0,86.0,9.0,CLOUD,6,High current latency; High CPU utilization; Large computational task
2455,Congested,13,214.0,64.0,2.0,CLOUD,3,High current latency; Moderate CPU utilization; Small computational task
2456,Congested,26,203.0,86.0,8.0,CLOUD,6,High current latency; High CPU utilization; Large computational task
2457,Congested,15,184.0,73.0,9.0,CLOUD,6,High current latency; High CPU utilization; Large computational task
2458,Congested,11,238.0,61.0,2.0,CLOUD,3,High current latency; Moderate CPU utilization; Small computational task
2459,Congested,30,238.0,84.0,6.0,CLOUD,5,High current latency; High CPU utilization; Medium computational task
2460,Congested,33,222.0,72.0,7.0,CLOUD,5,High current latency; High CPU utilization; Medium computational task
2461,Congested,11,122.0,76.0,2.0,CLOUD,4,High current latency; High CPU utilization; Small computational task
2462,Congested,32,154.0,80.0,8.0,CLOUD,6,High current latency; High CPU utilization; Large computational task
2463,Congested,25,238.0,64.0,2.0,CLOUD,3,High current latency; Moderate CPU utilization; Small computational task
2464,Congested,27,182.0,88.0,3.0,CLOUD,4,High current latency; High CPU utilization; Small computational task
2465,Congested,25,191.0,70.0,3.0,CLOUD,3,High current latency; Moderate CPU utilization; Small computational task
2466,Congested,36,124.0,66.0,3.0,CLOUD,3,High current latency; Moderate CPU utilization; Small computational task
2467,Congested,19,151.0,94.0,7.0,CLOUD,5,High current latency; High CPU utilization; Medium computational task
2468,Congested,15,139.0,60.0,5.0,CLOUD,4,High current latency; Moderate CPU utilization; Medium computational task
2469,Congested,14,232.0,82.0,3.0,CLOUD,4,High current latency; High CPU utilization; Small computational task
2470,Congested,16,128.0,94.0,4.0,CLOUD,4,High current latency; High CPU utilization; Small computational task
2471,Congested,24,132.0,93.0,2.0,CLOUD,4,High current latency; High CPU utilization; Small computational task
2472,Congested,22,198.0,88.0,1.0,CLOUD,4,High current latency; High CPU utilization; Small computational task
2473,Congested,29,121.0,63.0,7.0,CLOUD,4,High current latency; Moderate CPU utilization; Medium computational task
2474,Congested,34,171.0,75.0,6.0,CLOUD,5,High current latency; High CPU utilization; Medium computational task
2475,Congested,39,181.0,72.0,2.0,CLOUD,4,High current latency; High CPU utilization; Small computational task
2476,Congested,10,227.0,61.0,1.0,CLOUD,3,High current latency; Moderate CPU utilization; Small computational task
2477,Congested,20,169.0,64.0,4.0,CLOUD,3,High current latency; Moderate CPU utilization; Small computational task
2478,Congested,40,144.0,70.0,3.0,CLOUD,3,High current latency; Moderate CPU utilization; Small computational task
2479,Congested,11,226.0,92.0,2.0,CLOUD,4,High current latency; High CPU utilization; Small computational task
2480,Congested,36,203.0,80.0,9.0,CLOUD,6,High current latency; High CPU utilization; Large computational task
2481,Congested,30,168.0,73.0,9.0,CLOUD,6,High current latency; High CPU utilization; Large computational task
2482,Congested,22,229.0,67.0,4.0,CLOUD,3,High current latency; Moderate CPU utilization; Small computational task
2483,Congested,16,147.0,82.0,6.0,CLOUD,5,High current latency; High CPU utilization; Medium computational task
2484,Congested,15,123.0,85.0,6.0,CLOUD,5,High current latency; High CPU utilization; Medium computational task
2485,Congested,10,219.0,73.0,8.0,CLOUD,6,High current latency; High CPU utilization; Large computational task
2486,Congested,17,136.0,77.0,10.0,CLOUD,6,High current latency; High CPU utilization; Large computational task
2487,Congested,21,131.0,64.0,4.0,CLOUD,3,High current latency; Moderate CPU utilization; Small computational task
2488,Congested,23,197.0,91.0,2.0,CLOUD,4,High current latency; High CPU utilization; Small computational task
2489,Congested,32,163.0,76.0,2.0,CLOUD,4,High current latency; High CPU utilization; Small computational task
2490,Congested,29,203.0,84.0,3.0,CLOUD,4,High current latency; High CPU utilization; Small computational task
2491,Congested,20,164.0,80.0,8.0,CLOUD,6,High current latency; High CPU utilization; Large computational task
2492,Congested,12,205.0,61.0,10.0,CLOUD,5,High current latency; Moderate CPU utilization; Large computational task
2493,Congested,39,234.0,84.0,9.0,CLOUD,6,High current latency; High CPU utilization; Large computational task
2494,Congested,30,179.0,92.0,10.0,CLOUD,6,High current latency; High CPU utilization; Large computational task
2495,Congested,32,123.0,74.0,1.0,CLOUD,4,High current latency; High CPU utilization; Small computational task
2496,Congested,29,151.0,79.0,4.0,CLOUD,4,High current latency; High CPU utilization; Small computational task
2497,Congested,33,229.0,75.0,10.0,CLOUD,6,High current latency; High CPU utilization; Large computational task
2498,Congested,12,135.0,68.0,6.0,CLOUD,4,High current latency; Moderate CPU utilization; Medium computational task
2499,Congested,25,195.0,72.0,3.0,CLOUD,4,High current latency; High CPU utilization; Small computational task
2500,Congested,22,172.0,62.0,4.0,CLOUD,3,High current latency; Moderate CPU utilization; Small computational task
2501,Congested,39,233.0,81.0,3.0,CLOUD,4,High current latency; High CPU utilization; Small computational task
2502,Congested,18,201.0,62.0,9.0,CLOUD,5,High current latency; Moderate CPU utilization; Large computational task
2503,Congested,35,226.0,78.0,1.0,CLOUD,4,High current latency; High CPU utilization; Small computational task
2504,Congested,17,204.0,81.0,4.0,CLOUD,4,High current latency; High CPU utilization; Small computational task
2505,Congested,16,133.0,75.0,4.0,CLOUD,4,High current latency; High CPU utilization; Small computational task
2506,Congested,29,217.0,93.0,6.0,CLOUD,5,High current latency; High CPU utilization; Medium computational task
2507,Congested,15,233.0,60.0,2.0,CLOUD,3,High current latency; Moderate CPU utilization; Small computational task
2508,Congested,37,245.0,64.0,4.0,CLOUD,3,High current latency; Moderate CPU utilization; Small computational task
2509,Congested,11,156.0,73.0,3.0,CLOUD,4,High current latency; High CPU utilization; Small computational task
2510,Congested,12,164.0,95.0,4.0,CLOUD,4,High current latency; High CPU utilization; Small computational task
2511,Congested,17,249.0,65.0,7.0,CLOUD,4,High current latency; Moderate CPU utilization; Medium computational task
2512,Congested,33,239.0,79.0,3.0,CLOUD,4,High current latency; High CPU utilization; Small computational task
2513,Congested,33,170.0,75.0,7.0,CLOUD,5,High current latency; High CPU utilization; Medium computational task
2514,Congested,15,183.0,79.0,5.0,CLOUD,5,High current latency; High CPU utilization; Medium computational task
2515,Congested,28,234.0,72.0,5.0,CLOUD,5,High current latency; High CPU utilization; Medium computational task
2516,Congested,37,243.0,65.0,6.0,CLOUD,4,High current latency; Moderate CPU utilization; Medium computational task
2517,Congested,22,216.0,70.0,8.0,CLOUD,5,High current latency; Moderate CPU utilization; Large computational task
2518,Congested,24,228.0,92.0,10.0,CLOUD,6,High current latency; High CPU utilization; Large computational task
2519,Congested,33,230.0,69.0,8.0,CLOUD,5,High current latency; Moderate CPU utilization; Large computational task
2520,Congested,10,217.0,87.0,2.0,CLOUD,4,High current latency; High CPU utilization; Small computational task
2521,Congested,34,196.0,94.0,3.0,CLOUD,4,High current latency; High CPU utilization; Small computational task
2522,Congested,27,164.0,76.0,7.0,CLOUD,5,High current latency; High CPU utilization; Medium computational task
2523,Congested,24,198.0,89.0,5.0,CLOUD,5,High current latency; High CPU utilization; Medium computational task
2524,Congested,22,243.0,64.0,6.0,CLOUD,4,High current latency; Moderate CPU utilization; Medium computational task
2525,Congested,14,240.0,72.0,3.0,CLOUD,4,High current latency; High CPU utilization; Small computational task
2526,Congested,39,168.0,60.0,1.0,CLOUD,3,High current latency; Moderate CPU utilization; Small computational task
2527,Congested,37,248.0,83.0,8.0,CLOUD,6,High current latency; High CPU utilization; Large computational task
2528,Congested,22,226.0,85.0,6.0,CLOUD,5,High current latency; High CPU utilization; Medium computational task
2529,Congested,22,245.0,79.0,10.0,CLOUD,6,High current latency; High CPU utilization; Large computational task
2530,Congested,12,224.0,62.0,2.0,CLOUD,3,High current latency; Moderate CPU utilization; Small computational task
2531,Congested,22,161.0,72.0,7.0,CLOUD,5,High current latency; High CPU utilization; Medium computational task
2532,Congested,40,185.0,82.0,9.0,CLOUD,6,High current latency; High CPU utilization; Large computational task
2533,Congested,32,245.0,83.0,1.0,CLOUD,4,High current latency; High CPU utilization; Small computational task
2534,Congested,30,218.0,87.0,4.0,CLOUD,4,High current latency; High CPU utilization; Small computational task
2535,Congested,17,242.0,62.0,6.0,CLOUD,4,High current latency; Moderate CPU utilization; Medium computational task
2536,Congested,30,127.0,69.0,5.0,CLOUD,4,High current latency; Moderate CPU utilization; Medium computational task
2537,Congested,29,236.0,69.0,5.0,CLOUD,4,High current latency; Moderate CPU utilization; Medium computational task
2538,Congested,17,161.0,60.0,2.0,CLOUD,3,High current latency; Moderate CPU utilization; Small computational task
2539,Congested,34,143.0,84.0,7.0,CLOUD,5,High current latency; High CPU utilization; Medium computational task
2540,Congested,32,140.0,93.0,4.0,CLOUD,4,High current latency; High CPU utilization; Small computational task
2541,Congested,38,228.0,70.0,7.0,CLOUD,4,High current latency; Moderate CPU utilization; Medium computational task
2542,Congested,18,197.0,92.0,9.0,CLOUD,6,High current latency; High CPU utilization; Large computational task
2543,Congested,31,217.0,79.0,7.0,CLOUD,5,High current latency; High CPU utilization; Medium computational task
2544,Congested,34,142.0,66.0,10.0,CLOUD,5,High current latency; Moderate CPU utilization; Large computational task
2545,Congested,34,208.0,69.0,5.0,CLOUD,4,High current latency; Moderate CPU utilization; Medium computational task
2546,Congested,33,173.0,85.0,5.0,CLOUD,5,High current latency; High CPU utilization; Medium computational task
2547,Congested,10,163.0,91.0,1.0,CLOUD,4,High current latency; High CPU utilization; Small computational task
2548,Congested,13,137.0,86.0,9.0,CLOUD,6,High current latency; High CPU utilization; Large computational task
2549,Congested,23,193.0,87.0,3.0,CLOUD,4,High current latency; High CPU utilization; Small computational task
2550,Congested,15,215.0,71.0,3.0,CLOUD,4,High current latency; High CPU utilization; Small computational task
2551,Congested,16,244.0,71.0,9.0,CLOUD,6,High current latency; High CPU utilization; Large computational task
2552,Congested,40,148.0,88.0,10.0,CLOUD,6,High current latency; High CPU utilization; Large computational task
2553,Congested,36,174.0,71.0,4.0,CLOUD,4,High current latency; High CPU utilization; Small computational task
2554,Congested,11,166.0,72.0,5.0,CLOUD,5,High current latency; High CPU utilization; Medium computational task
2555,Congested,38,224.0,88.0,10.0,CLOUD,6,High current latency; High CPU utilization; Large computational task
2556,Congested,13,162.0,65.0,5.0,CLOUD,4,High current latency; Moderate CPU utilization; Medium computational task
2557,Congested,12,216.0,67.0,5.0,CLOUD,4,High current latency; Moderate CPU utilization; Medium computational task
2558,Congested,12,207.0,61.0,10.0,CLOUD,5,High current latency; Moderate CPU utilization; Large computational task
2559,Congested,17,242.0,91.0,2.0,CLOUD,4,High current latency; High CPU utilization; Small computational task
2560,Congested,10,135.0,77.0,1.0,CLOUD,4,High current latency; High CPU utilization; Small computational task
2561,Congested,31,130.0,66.0,4.0,CLOUD,3,High current latency; Moderate CPU utilization; Small computational task
2562,Congested,26,121.0,84.0,10.0,CLOUD,6,High current latency; High CPU utilization; Large computational task
2563,Congested,26,188.0,91.0,8.0,CLOUD,6,High current latency; High CPU utilization; Large computational task
2564,Congested,34,206.0,87.0,6.0,CLOUD,5,High current latency; High CPU utilization; Medium computational task
2565,Congested,21,207.0,80.0,4.0,CLOUD,4,High current latency; High CPU utilization; Small computational task
2566,Congested,40,212.0,85.0,7.0,CLOUD,5,High current latency; High CPU utilization; Medium computational task
2567,Congested,29,134.0,82.0,6.0,CLOUD,5,High current latency; High CPU utilization; Medium computational task
2568,Congested,35,145.0,60.0,8.0,CLOUD,5,High current latency; Moderate CPU utilization; Large computational task
2569,Congested,37,222.0,68.0,1.0,CLOUD,3,High current latency; Moderate CPU utilization; Small computational task
2570,Congested,29,151.0,93.0,5.0,CLOUD,5,High current latency; High CPU utilization; Medium computational task
2571,Congested,40,183.0,83.0,8.0,CLOUD,6,High current latency; High CPU utilization; Large computational task
2572,Congested,29,241.0,92.0,7.0,CLOUD,5,High current latency; High CPU utilization; Medium computational task
2573,Congested,31,168.0,60.0,6.0,CLOUD,4,High current latency; Moderate CPU utilization; Medium computational task
2574,Congested,10,212.0,62.0,6.0,CLOUD,4,High current latency; Moderate CPU utilization; Medium computational task
2575,Congested,31,233.0,74.0,10.0,CLOUD,6,High current latency; High CPU utilization; Large computational task
2576,Congested,25,222.0,65.0,6.0,CLOUD,4,High current latency; Moderate CPU utilization; Medium computational task
2577,Congested,23,241.0,66.0,7.0,CLOUD,4,High current latency; Moderate CPU utilization; Medium computational task
2578,Congested,19,169.0,69.0,9.0,CLOUD,5,High current latency; Moderate CPU utilization; Large computational task
2579,Congested,38,249.0,62.0,3.0,CLOUD,3,High current latency; Moderate CPU utilization; Small computational task
2580,Congested,25,142.0,79.0,9.0,CLOUD,6,High current latency; High CPU utilization; Large computational task
2581,Congested,37,239.0,70.0,8.0,CLOUD,5,High current latency; Moderate CPU utilization; Large computational task
2582,Congested,40,149.0,90.0,9.0,CLOUD,6,High current latency; High CPU utilization; Large computational task
2583,Congested,17,182.0,73.0,3.0,CLOUD,4,High current latency; High CPU utilization; Small computational task
2584,Congested,34,142.0,66.0,7.0,CLOUD,4,High current latency; Moderate CPU utilization; Medium computational task
2585,Congested,32,127.0,70.0,6.0,CLOUD,4,High current latency; Moderate CPU utilization; Medium computational task
2586,Congested,38,218.0,77.0,4.0,CLOUD,4,High current latency; High CPU utilization; Small computational task
2587,Congested,33,185.0,90.0,2.0,CLOUD,4,High current latency; High CPU utilization; Small computational task
2588,Congested,31,154.0,94.0,8.0,CLOUD,6,High current latency; High CPU utilization; Large computational task
2589,Congested,12,205.0,74.0,10.0,CLOUD,6,High current latency; High CPU utilization; Large computational task
2590,Congested,34,136.0,81.0,7.0,CLOUD,5,High current latency; High CPU utilization; Medium computational task
2591,Congested,39,217.0,95.0,7.0,CLOUD,5,High current latency; High CPU utilization; Medium computational task
2592,Congested,35,179.0,74.0,5.0,CLOUD,5,High current latency; High CPU utilization; Medium computational task
2593,Congested,13,194.0,65.0,2.0,CLOUD,3,High current latency; Moderate CPU utilization; Small computational task
2594,Congested,12,207.0,72.0,2.0,CLOUD,4,High current latency; High CPU utilization; Small computational task
2595,Congested,28,214.0,68.0,6.0,CLOUD,4,High current latency; Moderate CPU utilization; Medium computational task
2596,Congested,40,217.0,60.0,5.0,CLOUD,4,High current latency; Moderate CPU utilization; Medium computational task
2597,Congested,11,168.0,84.0,7.0,CLOUD,5,High current latency; High CPU utilization; Medium computational task
2598,Congested,20,213.0,68.0,9.0,CLOUD,5,High current latency; Moderate CPU utilization; Large computational task
2599,Congested,31,176.0,66.0,7.0,CLOUD,4,High current latency; Moderate CPU utilization; Medium computational task
2600,Congested,10,237.0,80.0,3.0,CLOUD,4,High current latency; High CPU utilization; Small computational task
2601,Congested,36,195.0,74.0,8.0,CLOUD,6,High current latency; High CPU utilization; Large computational task
2602,Congested,31,236.0,69.0,10.0,CLOUD,5,High current latency; Moderate CPU utilization; Large computational task
2603,Congested,19,157.0,62.0,10.0,CLOUD,5,High current latency; Moderate CPU utilization; Large computational task
2604,Congested,20,199.0,92.0,2.0,CLOUD,4,High current latency; High CPU utilization; Small computational task
2605,Congested,18,242.0,73.0,8.0,CLOUD,6,High current latency; High CPU utilization; Large computational task
2606,Congested,19,216.0,63.0,6.0,CLOUD,4,High current latency; Moderate CPU utilization; Medium computational task
2607,Congested,14,173.0,74.0,1.0,CLOUD,4,High current latency; High CPU utilization; Small computational task
2608,Congested,39,165.0,91.0,7.0,CLOUD,5,High current latency; High CPU utilization; Medium computational task
2609,Congested,19,160.0,61.0,9.0,CLOUD,5,High current latency; Moderate CPU utilization; Large computational task
2610,Congested,22,206.0,87.0,8.0,CLOUD,6,High current latency; High CPU utilization; Large computational task
2611,Congested,21,220.0,85.0,2.0,CLOUD,4,High current latency; High CPU utilization; Small computational task
2612,Congested,26,192.0,78.0,4.0,CLOUD,4,High current latency; High CPU utilization; Small computational task
2613,Congested,32,220.0,66.0,3.0,CLOUD,3,High current latency; Moderate CPU utilization; Small computational task
2614,Congested,20,133.0,79.0,8.0,CLOUD,6,High current latency; High CPU utilization; Large computational task
2615,Congested,30,161.0,68.0,8.0,CLOUD,5,High current latency; Moderate CPU utilization; Large computational task
2616,Congested,32,243.0,78.0,3.0,CLOUD,4,High current latency; High CPU utilization; Small computational task
2617,Congested,16,175.0,72.0,1.0,CLOUD,4,High current latency; High CPU utilization; Small computational task
2618,Congested,21,146.0,69.0,7.0,CLOUD,4,High current latency; Moderate CPU utilization; Medium computational task
2619,Congested,40,229.0,70.0,1.0,CLOUD,3,High current latency; Moderate CPU utilization; Small computational task
2620,Congested,13,211.0,90.0,3.0,CLOUD,4,High current latency; High CPU utilization; Small computational task
2621,Congested,40,133.0,67.0,9.0,CLOUD,5,High current latency; Moderate CPU utilization; Large computational task
2622,Congested,30,206.0,87.0,3.0,CLOUD,4,High current latency; High CPU utilization; Small computational task
2623,Congested,30,223.0,75.0,1.0,CLOUD,4,High current latency; High CPU utilization; Small computational task
2624,Congested,13,181.0,85.0,8.0,CLOUD,6,High current latency; High CPU utilization; Large computational task
2625,Congested,19,164.0,84.0,2.0,CLOUD,4,High current latency; High CPU utilization; Small computational task
2626,Congested,34,238.0,84.0,5.0,CLOUD,5,High current latency; High CPU utilization; Medium computational task
2627,Congested,30,233.0,83.0,1.0,CLOUD,4,High current latency; High CPU utilization; Small computational task
2628,Congested,13,149.0,65.0,2.0,CLOUD,3,High current latency; Moderate CPU utilization; Small computational task
2629,Congested,25,250.0,74.0,1.0,CLOUD,4,High current latency; High CPU utilization; Small computational task
2630,Congested,28,242.0,77.0,2.0,CLOUD,4,High current latency; High CPU utilization; Small computational task
2631,Congested,35,166.0,84.0,8.0,CLOUD,6,High current latency; High CPU utilization; Large computational task
2632,Congested,30,231.0,79.0,10.0,CLOUD,6,High current latency; High CPU utilization; Large computational task
2633,Congested,14,145.0,80.0,2.0,CLOUD,4,High current latency; High CPU utilization; Small computational task
2634,Congested,32,167.0,85.0,1.0,CLOUD,4,High current latency; High CPU utilization; Small computational task
2635,Congested,22,245.0,64.0,9.0,CLOUD,5,High current latency; Moderate CPU utilization; Large computational task
2636,Congested,36,151.0,73.0,2.0,CLOUD,4,High current latency; High CPU utilization; Small computational task
2637,Congested,15,166.0,60.0,9.0,CLOUD,5,High current latency; Moderate CPU utilization; Large computational task
2638,Congested,24,200.0,67.0,1.0,CLOUD,3,High current latency; Moderate CPU utilization; Small computational task
2639,Congested,14,172.0,70.0,2.0,CLOUD,3,High current latency; Moderate CPU utilization; Small computational task
2640,Congested,27,185.0,62.0,2.0,CLOUD,3,High current latency; Moderate CPU utilization; Small computational task
2641,Congested,13,249.0,79.0,6.0,CLOUD,5,High current latency; High CPU utilization; Medium computational task
2642,Congested,40,163.0,87.0,1.0,CLOUD,4,High current latency; High CPU utilization; Small computational task
2643,Congested,17,196.0,62.0,9.0,CLOUD,5,High current latency; Moderate CPU utilization; Large computational task
2644,Congested,38,195.0,94.0,8.0,CLOUD,6,High current latency; High CPU utilization; Large computational task
2645,Congested,14,245.0,80.0,9.0,CLOUD,6,High current latency; High CPU utilization; Large computational task
2646,Congested,39,210.0,94.0,9.0,CLOUD,6,High current latency; High CPU utilization; Large computational task
2647,Congested,16,145.0,62.0,4.0,CLOUD,3,High current latency; Moderate CPU utilization; Small computational task
2648,Congested,11,168.0,69.0,5.0,CLOUD,4,High current latency; Moderate CPU utilization; Medium computational task
2649,Congested,37,175.0,68.0,10.0,CLOUD,5,High current latency; Moderate CPU utilization; Large computational task
2650,Congested,27,175.0,82.0,5.0,CLOUD,5,High current latency; High CPU utilization; Medium computational task
2651,Congested,14,228.0,64.0,9.0,CLOUD,5,High current latency; Moderate CPU utilization; Large computational task
2652,Congested,18,186.0,84.0,3.0,CLOUD,4,High current latency; High CPU utilization; Small computational task
2653,Congested,22,236.0,65.0,5.0,CLOUD,4,High current latency; Moderate CPU utilization; Medium computational task
2654,Congested,31,228.0,69.0,9.0,CLOUD,5,High current latency; Moderate CPU utilization; Large computational task
2655,Congested,16,138.0,77.0,4.0,CLOUD,4,High current latency; High CPU utilization; Small computational task
2656,Congested,32,215.0,92.0,10.0,CLOUD,6,High current latency; High CPU utilization; Large computational task
2657,Congested,15,227.0,69.0,6.0,CLOUD,4,High current latency; Moderate CPU utilization; Medium computational task
2658,Congested,35,231.0,84.0,1.0,CLOUD,4,High current latency; High CPU utilization; Small computational task
2659,Congested,40,183.0,64.0,5.0,CLOUD,4,High current latency; Moderate CPU utilization; Medium computational task
2660,Congested,13,148.0,95.0,7.0,CLOUD,5,High current latency; High CPU utilization; Medium computational task
2661,Congested,12,204.0,65.0,6.0,CLOUD,4,High current latency; Moderate CPU utilization; Medium computational task
2662,Congested,39,205.0,77.0,3.0,CLOUD,4,High current latency; High CPU utilization; Small computational task
2663,Congested,37,177.0,77.0,1.0,CLOUD,4,High current latency; High CPU utilization; Small computational task
2664,Congested,13,216.0,74.0,7.0,CLOUD,5,High current latency; High CPU utilization; Medium computational task
2665,Congested,40,146.0,67.0,3.0,CLOUD,3,High current latency; Moderate CPU utilization; Small computational task
2666,Congested,26,198.0,91.0,2.0,CLOUD,4,High current latency; High CPU utilization; Small computational task
2667,Congested,26,209.0,78.0,9.0,CLOUD,6,High current latency; High CPU utilization; Large computational task
2668,Congested,18,145.0,63.0,3.0,CLOUD,3,High current latency; Moderate CPU utilization; Small computational task
2669,Congested,20,219.0,71.0,6.0,CLOUD,5,High current latency; High CPU utilization; Medium computational task
2670,Congested,35,223.0,90.0,10.0,CLOUD,6,High current latency; High CPU utilization; Large computational task
2671,Congested,14,186.0,60.0,9.0,CLOUD,5,High current latency; Moderate CPU utilization; Large computational task
2672,Congested,32,159.0,68.0,3.0,CLOUD,3,High current latency; Moderate CPU utilization; Small computational task
2673,Congested,22,188.0,63.0,6.0,CLOUD,4,High current latency; Moderate CPU utilization; Medium computational task
2674,Congested,32,183.0,86.0,8.0,CLOUD,6,High current latency; High CPU utilization; Large computational task
2675,Congested,15,232.0,82.0,8.0,CLOUD,6,High current latency; High CPU utilization; Large computational task
2676,Congested,26,193.0,77.0,7.0,CLOUD,5,High current latency; High CPU utilization; Medium computational task
2677,Congested,26,178.0,79.0,2.0,CLOUD,4,High current latency; High CPU utilization; Small computational task
2678,Congested,40,198.0,86.0,6.0,CLOUD,5,High current latency; High CPU utilization; Medium computational task
2679,Congested,37,143.0,65.0,2.0,CLOUD,3,High current latency; Moderate CPU utilization; Small computational task
2680,Congested,33,181.0,65.0,3.0,CLOUD,3,High current latency; Moderate CPU utilization; Small computational task
2681,Congested,28,134.0,65.0,5.0,CLOUD,4,High current latency; Moderate CPU utilization; Medium computational task
2682,Congested,27,246.0,60.0,7.0,CLOUD,4,High current latency; Moderate CPU utilization; Medium computational task
2683,Congested,31,250.0,68.0,8.0,CLOUD,5,High current latency; Moderate CPU utilization; Large computational task
2684,Congested,25,151.0,85.0,1.0,CLOUD,4,High current latency; High CPU utilization; Small computational task
2685,Congested,29,168.0,60.0,7.0,CLOUD,4,High current latency; Moderate CPU utilization; Medium computational task
2686,Congested,32,208.0,75.0,9.0,CLOUD,6,High current latency; High CPU utilization; Large computational task
2687,Congested,31,130.0,88.0,3.0,CLOUD,4,High current latency; High CPU utilization; Small computational task
2688,Congested,31,177.0,71.0,2.0,CLOUD,4,High current latency; High CPU utilization; Small computational task
2689,Congested,21,154.0,92.0,6.0,CLOUD,5,High current latency; High CPU utilization; Medium computational task
2690,Congested,40,133.0,87.0,8.0,CLOUD,6,High current latency; High CPU utilization; Large computational task
2691,Congested,22,163.0,83.0,2.0,CLOUD,4,High current latency; High CPU utilization; Small computational task
2692,Congested,20,183.0,94.0,2.0,CLOUD,4,High current latency; High CPU utilization; Small computational task
2693,Congested,19,196.0,90.0,5.0,CLOUD,5,High current latency; High CPU utilization; Medium computational task
2694,Congested,18,174.0,60.0,10.0,CLOUD,5,High current latency; Moderate CPU utilization; Large computational task
2695,Congested,22,175.0,79.0,9.0,CLOUD,6,High current latency; High CPU utilization; Large computational task
2696,Congested,36,129.0,89.0,10.0,CLOUD,6,High current latency; High CPU utilization; Large computational task
2697,Congested,37,244.0,63.0,6.0,CLOUD,4,High current latency; Moderate CPU utilization; Medium computational task
2698,Congested,10,237.0,81.0,5.0,CLOUD,5,High current latency; High CPU utilization; Medium computational task
2699,Congested,21,147.0,60.0,6.0,CLOUD,4,High current latency; Moderate CPU utilization; Medium computational task
2700,Congested,38,167.0,85.0,6.0,CLOUD,5,High current latency; High CPU utilization; Medium computational task
2701,Congested,10,145.0,87.0,8.0,CLOUD,6,High current latency; High CPU utilization; Large computational task
2702,Congested,16,141.0,93.0,9.0,CLOUD,6,High current latency; High CPU utilization; Large computational task
2703,Congested,38,159.0,86.0,2.0,CLOUD,4,High current latency; High CPU utilization; Small computational task
2704,Congested,39,244.0,60.0,3.0,CLOUD,3,High current latency; Moderate CPU utilization; Small computational task
2705,Congested,34,184.0,74.0,8.0,CLOUD,6,High current latency; High CPU utilization; Large computational task
2706,Congested,22,215.0,79.0,6.0,CLOUD,5,High current latency; High CPU utilization; Medium computational task
2707,Congested,23,166.0,94.0,5.0,CLOUD,5,High current latency; High CPU utilization; Medium computational task
2708,Congested,13,232.0,88.0,3.0,CLOUD,4,High current latency; High CPU utilization; Small computational task
2709,Congested,14,210.0,87.0,1.0,CLOUD,4,High current latency; High CPU utilization; Small computational task
2710,Congested,21,170.0,67.0,4.0,CLOUD,3,High current latency; Moderate CPU utilization; Small computational task
2711,Congested,19,130.0,68.0,7.0,CLOUD,4,High current latency; Moderate CPU utilization; Medium computational task
2712,Congested,23,204.0,62.0,3.0,CLOUD,3,High current latency; Moderate CPU utilization; Small computational task
2713,Congested,31,170.0,90.0,5.0,CLOUD,5,High current latency; High CPU utilization; Medium computational task
2714,Congested,13,227.0,91.0,9.0,CLOUD,6,High current latency; High CPU utilization; Large computational task
2715,Congested,25,152.0,80.0,7.0,CLOUD,5,High current latency; High CPU utilization; Medium computational task
2716,Congested,26,219.0,68.0,2.0,CLOUD,3,High current latency; Moderate CPU utilization; Small computational task
2717,Congested,40,147.0,61.0,3.0,CLOUD,3,High current latency; Moderate CPU utilization; Small computational task
2718,Congested,14,208.0,92.0,1.0,CLOUD,4,High current latency; High CPU utilization; Small computational task
2719,Congested,34,180.0,63.0,6.0,CLOUD,4,High current latency; Moderate CPU utilization; Medium computational task
2720,Congested,23,122.0,87.0,8.0,CLOUD,6,High current latency; High CPU utilization; Large computational task
2721,Congested,19,192.0,91.0,2.0,CLOUD,4,High current latency; High CPU utilization; Small computational task
2722,Congested,34,229.0,75.0,10.0,CLOUD,6,High current latency; High CPU utilization; Large computational task
2723,Congested,14,250.0,71.0,4.0,CLOUD,4,High current latency; High CPU utilization; Small computational task
2724,Congested,18,149.0,76.0,4.0,CLOUD,4,High current latency; High CPU utilization; Small computational task
2725,Congested,31,229.0,72.0,8.0,CLOUD,6,High current latency; High CPU utilization; Large computational task
2726,Congested,32,146.0,92.0,10.0,CLOUD,6,High current latency; High CPU utilization; Large computational task
2727,Congested,15,168.0,69.0,4.0,CLOUD,3,High current latency; Moderate CPU utilization; Small computational task
2728,Congested,13,153.0,85.0,1.0,CLOUD,4,High current latency; High CPU utilization; Small computational task
2729,Congested,18,169.0,69.0,7.0,CLOUD,4,High current latency; Moderate CPU utilization; Medium computational task
2730,Congested,10,171.0,65.0,1.0,CLOUD,3,High current latency; Moderate CPU utilization; Small computational task
2731,Congested,22,224.0,93.0,5.0,CLOUD,5,High current latency; High CPU utilization; Medium computational task
2732,Congested,32,179.0,74.0,6.0,CLOUD,5,High current latency; High CPU utilization; Medium computational task
2733,Congested,23,242.0,63.0,9.0,CLOUD,5,High current latency; Moderate CPU utilization; Large computational task
2734,Congested,23,133.0,79.0,2.0,CLOUD,4,High current latency; High CPU utilization; Small computational task
2735,Congested,18,213.0,77.0,6.0,CLOUD,5,High current latency; High CPU utilization; Medium computational task
2736,Congested,32,227.0,75.0,6.0,CLOUD,5,High current latency; High CPU utilization; Medium computational task
2737,Congested,38,132.0,71.0,1.0,CLOUD,4,High current latency; High CPU utilization; Small computational task
2738,Congested,10,133.0,80.0,4.0,CLOUD,4,High current latency; High CPU utilization; Small computational task
2739,Congested,19,240.0,77.0,10.0,CLOUD,6,High current latency; High CPU utilization; Large computational task
2740,Congested,13,230.0,71.0,5.0,CLOUD,5,High current latency; High CPU utilization; Medium computational task
2741,Congested,40,245.0,83.0,6.0,CLOUD,5,High current latency; High CPU utilization; Medium computational task
2742,Congested,19,148.0,66.0,1.0,CLOUD,3,High current latency; Moderate CPU utilization; Small computational task
2743,Congested,31,153.0,81.0,6.0,CLOUD,5,High current latency; High CPU utilization; Medium computational task
2744,Congested,33,212.0,93.0,10.0,CLOUD,6,High current latency; High CPU utilization; Large computational task
2745,Congested,21,180.0,77.0,4.0,CLOUD,4,High current latency; High CPU utilization; Small computational task
2746,Congested,28,218.0,65.0,2.0,CLOUD,3,High current latency; Moderate CPU utilization; Small computational task
2747,Congested,14,150.0,62.0,10.0,CLOUD,5,High current latency; Moderate CPU utilization; Large computational task
2748,Congested,40,168.0,72.0,8.0,CLOUD,6,High current latency; High CPU utilization; Large computational task
2749,Congested,39,145.0,64.0,9.0,CLOUD,5,High current latency; Moderate CPU utilization; Large computational task
2750,Congested,29,207.0,79.0,8.0,CLOUD,6,High current latency; High CPU utilization; Large computational task
2751,Congested,34,171.0,94.0,3.0,CLOUD,4,High current latency; High CPU utilization; Small computational task
2752,Congested,11,152.0,72.0,7.0,CLOUD,5,High current latency; High CPU utilization; Medium computational task
2753,Congested,27,184.0,95.0,6.0,CLOUD,5,High current latency; High CPU utilization; Medium computational task
2754,Congested,38,213.0,88.0,2.0,CLOUD,4,High current latency; High CPU utilization; Small computational task
2755,Congested,39,231.0,64.0,8.0,CLOUD,5,High current latency; Moderate CPU utilization; Large computational task
2756,Congested,23,248.0,61.0,3.0,CLOUD,3,High current latency; Moderate CPU utilization; Small computational task
2757,Congested,29,190.0,68.0,5.0,CLOUD,4,High current latency; Moderate CPU utilization; Medium computational task
2758,Congested,11,135.0,72.0,7.0,CLOUD,5,High current latency; High CPU utilization; Medium computational task
2759,Congested,25,139.0,70.0,8.0,CLOUD,5,High current latency; Moderate CPU utilization; Large computational task
2760,Congested,34,250.0,84.0,9.0,CLOUD,6,High current latency; High CPU utilization; Large computational task
2761,Congested,34,219.0,85.0,10.0,CLOUD,6,High current latency; High CPU utilization; Large computational task
2762,Congested,18,172.0,71.0,1.0,CLOUD,4,High current latency; High CPU utilization; Small computational task
2763,Congested,15,175.0,60.0,9.0,CLOUD,5,High current latency; Moderate CPU utilization; Large computational task
2764,Congested,24,248.0,93.0,5.0,CLOUD,5,High current latency; High CPU utilization; Medium computational task
2765,Congested,19,176.0,78.0,5.0,CLOUD,5,High current latency; High CPU utilization; Medium computational task
2766,Congested,27,150.0,70.0,4.0,CLOUD,3,High current latency; Moderate CPU utilization; Small computational task
2767,Congested,11,180.0,78.0,1.0,CLOUD,4,High current latency; High CPU utilization; Small computational task
2768,Congested,30,157.0,77.0,3.0,CLOUD,4,High current latency; High CPU utilization; Small computational task
2769,Congested,18,133.0,75.0,4.0,CLOUD,4,High current latency; High CPU utilization; Small computational task
2770,Congested,27,149.0,60.0,6.0,CLOUD,4,High current latency; Moderate CPU utilization; Medium computational task
2771,Congested,30,214.0,80.0,2.0,CLOUD,4,High current latency; High CPU utilization; Small computational task
2772,Congested,40,187.0,68.0,7.0,CLOUD,4,High current latency; Moderate CPU utilization; Medium computational task
2773,Congested,38,195.0,80.0,1.0,CLOUD,4,High current latency; High CPU utilization; Small computational task
2774,Congested,30,122.0,82.0,4.0,CLOUD,4,High current latency; High CPU utilization; Small computational task
2775,Congested,33,191.0,71.0,5.0,CLOUD,5,High current latency; High CPU utilization; Medium computational task
2776,Congested,10,147.0,84.0,5.0,CLOUD,5,High current latency; High CPU utilization; Medium computational task
2777,Congested,37,172.0,88.0,4.0,CLOUD,4,High current latency; High CPU utilization; Small computational task
2778,Congested,20,188.0,73.0,10.0,CLOUD,6,High current latency; High CPU utilization; Large computational task
2779,Congested,30,221.0,69.0,8.0,CLOUD,5,High current latency; Moderate CPU utilization; Large computational task
2780,Congested,17,231.0,83.0,3.0,CLOUD,4,High current latency; High CPU utilization; Small computational task
2781,Congested,38,242.0,65.0,8.0,CLOUD,5,High current latency; Moderate CPU utilization; Large computational task
2782,Congested,15,237.0,71.0,3.0,CLOUD,4,High current latency; High CPU utilization; Small computational task
2783,Congested,16,245.0,71.0,5.0,CLOUD,5,High current latency; High CPU utilization; Medium computational task
2784,Congested,10,199.0,70.0,3.0,CLOUD,3,High current latency; Moderate CPU utilization; Small computational task
2785,Congested,36,220.0,72.0,2.0,CLOUD,4,High current latency; High CPU utilization; Small computational task
2786,Congested,14,138.0,87.0,4.0,CLOUD,4,High current latency; High CPU utilization; Small computational task
2787,Congested,24,223.0,66.0,9.0,CLOUD,5,High current latency; Moderate CPU utilization; Large computational task
2788,Congested,14,123.0,66.0,7.0,CLOUD,4,High current latency; Moderate CPU utilization; Medium computational task
2789,Congested,22,125.0,67.0,1.0,CLOUD,3,High current latency; Moderate CPU utilization; Small computational task
2790,Congested,34,131.0,68.0,4.0,CLOUD,3,High current latency; Moderate CPU utilization; Small computational task
2791,Congested,34,141.0,77.0,3.0,CLOUD,4,High current latency; High CPU utilization; Small computational task
2792,Congested,40,123.0,60.0,2.0,CLOUD,3,High current latency; Moderate CPU utilization; Small computational task
2793,Congested,27,206.0,65.0,4.0,CLOUD,3,High current latency; Moderate CPU utilization; Small computational task
2794,Congested,14,242.0,88.0,3.0,CLOUD,4,High current latency; High CPU utilization; Small computational task
2795,Congested,19,204.0,90.0,3.0,CLOUD,4,High current latency; High CPU utilization; Small computational task
2796,Congested,17,134.0,94.0,5.0,CLOUD,5,High current latency; High CPU utilization; Medium computational task
2797,Congested,30,151.0,61.0,1.0,CLOUD,3,High current latency; Moderate CPU utilization; Small computational task
2798,Congested,13,195.0,66.0,9.0,CLOUD,5,High current latency; Moderate CPU utilization; Large computational task
2799,Congested,38,226.0,69.0,1.0,CLOUD,3,High current latency; Moderate CPU utilization; Small computational task
2800,Congested,39,177.0,61.0,4.0,CLOUD,3,High current latency; Moderate CPU utilization; Small computational task
2801,Congested,23,218.0,69.0,6.0,CLOUD,4,High current latency; Moderate CPU utilization; Medium computational task
2802,Congested,30,193.0,74.0,7.0,CLOUD,5,High current latency; High CPU utilization; Medium computational task
2803,Congested,31,148.0,91.0,3.0,CLOUD,4,High current latency; High CPU utilization; Small computational task
2804,Congested,13,177.0,66.0,5.0,CLOUD,4,High current latency; Moderate CPU utilization; Medium computational task
2805,Congested,21,139.0,81.0,2.0,CLOUD,4,High current latency; High CPU utilization; Small computational task
2806,Congested,21,141.0,62.0,10.0,CLOUD,5,High current latency; Moderate CPU utilization; Large computational task
2807,Congested,14,165.0,87.0,9.0,CLOUD,6,High current latency; High CPU utilization; Large computational task
2808,Congested,20,166.0,87.0,3.0,CLOUD,4,High current latency; High CPU utilization; Small computational task
2809,Congested,38,197.0,78.0,6.0,CLOUD,5,High current latency; High CPU utilization; Medium computational task
2810,Congested,38,146.0,77.0,8.0,CLOUD,6,High current latency; High CPU utilization; Large computational task
2811,Congested,31,214.0,76.0,2.0,CLOUD,4,High current latency; High CPU utilization; Small computational task
2812,Congested,35,120.0,69.0,3.0,CLOUD,3,High current latency; Moderate CPU utilization; Small computational task
2813,Congested,20,157.0,84.0,8.0,CLOUD,6,High current latency; High CPU utilization; Large computational task
2814,Congested,33,242.0,64.0,2.0,CLOUD,3,High current latency; Moderate CPU utilization; Small computational task
2815,Congested,28,229.0,77.0,3.0,CLOUD,4,High current latency; High CPU utilization; Small computational task
2816,Congested,12,202.0,68.0,3.0,CLOUD,3,High current latency; Moderate CPU utilization; Small computational task
2817,Congested,34,218.0,82.0,6.0,CLOUD,5,High current latency; High CPU utilization; Medium computational task
2818,Congested,25,228.0,90.0,7.0,CLOUD,5,High current latency; High CPU utilization; Medium computational task
2819,Congested,29,205.0,68.0,4.0,CLOUD,3,High current latency; Moderate CPU utilization; Small computational task
2820,Congested,22,227.0,95.0,8.0,CLOUD,6,High current latency; High CPU utilization; Large computational task
2821,Congested,27,246.0,94.0,9.0,CLOUD,6,High current latency; High CPU utilization; Large computational task
2822,Congested,36,178.0,84.0,2.0,CLOUD,4,High current latency; High CPU utilization; Small computational task
2823,Congested,28,227.0,93.0,10.0,CLOUD,6,High current latency; High CPU utilization; Large computational task
2824,Congested,34,176.0,65.0,4.0,CLOUD,3,High current latency; Moderate CPU utilization; Small computational task
2825,Congested,21,120.0,73.0,1.0,CLOUD,4,High current latency; High CPU utilization; Small computational task
2826,Congested,21,241.0,68.0,2.0,CLOUD,3,High current latency; Moderate CPU utilization; Small computational task
2827,Congested,11,209.0,83.0,3.0,CLOUD,4,High current latency; High CPU utilization; Small computational task
2828,Congested,19,237.0,69.0,9.0,CLOUD,5,High current latency; Moderate CPU utilization; Large computational task
2829,Congested,39,227.0,75.0,4.0,CLOUD,4,High current latency; High CPU utilization; Small computational task
2830,Congested,36,177.0,63.0,3.0,CLOUD,3,High current latency; Moderate CPU utilization; Small computational task
2831,Congested,13,156.0,84.0,1.0,CLOUD,4,High current latency; High CPU utilization; Small computational task
2832,Congested,32,228.0,83.0,1.0,CLOUD,4,High current latency; High CPU utilization; Small computational task
2833,Congested,32,147.0,64.0,8.0,CLOUD,5,High current latency; Moderate CPU utilization; Large computational task
2834,Congested,36,160.0,61.0,3.0,CLOUD,3,High current latency; Moderate CPU utilization; Small computational task
2835,Congested,21,156.0,65.0,4.0,CLOUD,3,High current latency; Moderate CPU utilization; Small computational task
2836,Congested,12,123.0,86.0,3.0,CLOUD,4,High current latency; High CPU utilization; Small computational task
2837,Congested,34,166.0,90.0,3.0,CLOUD,4,High current latency; High CPU utilization; Small computational task
2838,Congested,33,196.0,90.0,7.0,CLOUD,5,High current latency; High CPU utilization; Medium computational task
2839,Congested,33,206.0,88.0,1.0,CLOUD,4,High current latency; High CPU utilization; Small computational task
2840,Congested,19,148.0,69.0,1.0,CLOUD,3,High current latency; Moderate CPU utilization; Small computational task
2841,Congested,38,128.0,71.0,9.0,CLOUD,6,High current latency; High CPU utilization; Large computational task
2842,Congested,15,122.0,85.0,7.0,CLOUD,5,High current latency; High CPU utilization; Medium computational task
2843,Congested,31,236.0,95.0,5.0,CLOUD,5,High current latency; High CPU utilization; Medium computational task
2844,Congested,39,248.0,79.0,4.0,CLOUD,4,High current latency; High CPU utilization; Small computational task
2845,Congested,23,160.0,77.0,2.0,CLOUD,4,High current latency; High CPU utilization; Small computational task
2846,Congested,26,216.0,68.0,4.0,CLOUD,3,High current latency; Moderate CPU utilization; Small computational task
2847,Congested,22,134.0,74.0,7.0,CLOUD,5,High current latency; High CPU utilization; Medium computational task
2848,Congested,15,139.0,89.0,8.0,CLOUD,6,High current latency; High CPU utilization; Large computational task
2849,Congested,20,223.0,84.0,3.0,CLOUD,4,High current latency; High CPU utilization; Small computational task
2850,Congested,11,215.0,87.0,4.0,CLOUD,4,High current latency; High CPU utilization; Small computational task
2851,Congested,18,147.0,66.0,2.0,CLOUD,3,High current latency; Moderate CPU utilization; Small computational task
2852,Congested,21,205.0,61.0,4.0,CLOUD,3,High current latency; Moderate CPU utilization; Small computational task
2853,Congested,19,161.0,94.0,2.0,CLOUD,4,High current latency; High CPU utilization; Small computational task
2854,Congested,12,174.0,60.0,5.0,CLOUD,4,High current latency; Moderate CPU utilization; Medium computational task
2855,Congested,16,171.0,62.0,4.0,CLOUD,3,High current latency; Moderate CPU utilization; Small computational task
2856,Congested,18,141.0,62.0,10.0,CLOUD,5,High current latency; Moderate CPU utilization; Large computational task
2857,Congested,35,243.0,62.0,1.0,CLOUD,3,High current latency; Moderate CPU utilization; Small computational task
2858,Congested,20,143.0,79.0,1.0,CLOUD,4,High current latency; High CPU utilization; Small computational task
2859,Congested,21,192.0,85.0,9.0,CLOUD,6,High current latency; High CPU utilization; Large computational task
2860,Congested,16,200.0,85.0,6.0,CLOUD,5,High current latency; High CPU utilization; Medium computational task
2861,Congested,14,144.0,81.0,7.0,CLOUD,5,High current latency; High CPU utilization; Medium computational task
2862,Congested,38,248.0,66.0,9.0,CLOUD,5,High current latency; Moderate CPU utilization; Large computational task
2863,Congested,35,158.0,61.0,10.0,CLOUD,5,High current latency; Moderate CPU utilization; Large computational task
2864,Congested,35,217.0,90.0,10.0,CLOUD,6,High current latency; High CPU utilization; Large computational task
2865,Congested,37,129.0,78.0,3.0,CLOUD,4,High current latency; High CPU utilization; Small computational task
2866,Congested,14,238.0,65.0,2.0,CLOUD,3,High current latency; Moderate CPU utilization; Small computational task
2867,Congested,40,179.0,73.0,3.0,CLOUD,4,High current latency; High CPU utilization; Small computational task
2868,Congested,34,161.0,92.0,9.0,CLOUD,6,High current latency; High CPU utilization; Large computational task
2869,Congested,33,207.0,88.0,3.0,CLOUD,4,High current latency; High CPU utilization; Small computational task
2870,Congested,20,194.0,83.0,10.0,CLOUD,6,High current latency; High CPU utilization; Large computational task
2871,Congested,37,230.0,62.0,7.0,CLOUD,4,High current latency; Moderate CPU utilization; Medium computational task
2872,Congested,17,173.0,64.0,3.0,CLOUD,3,High current latency; Moderate CPU utilization; Small computational task
2873,Congested,28,247.0,66.0,1.0,CLOUD,3,High current latency; Moderate CPU utilization; Small computational task
2874,Congested,14,199.0,95.0,2.0,CLOUD,4,High current latency; High CPU utilization; Small computational task
2875,Congested,25,144.0,89.0,6.0,CLOUD,5,High current latency; High CPU utilization; Medium computational task
2876,Congested,15,195.0,70.0,2.0,CLOUD,3,High current latency; Moderate CPU utilization; Small computational task
2877,Congested,18,213.0,82.0,2.0,CLOUD,4,High current latency; High CPU utilization; Small computational task
2878,Congested,12,165.0,89.0,5.0,CLOUD,5,High current latency; High CPU utilization; Medium computational task
2879,Congested,25,185.0,88.0,3.0,CLOUD,4,High current latency; High CPU utilization; Small computational task
2880,Congested,40,151.0,91.0,1.0,CLOUD,4,High current latency; High CPU utilization; Small computational task
2881,Congested,21,193.0,85.0,7.0,CLOUD,5,High current latency; High CPU utilization; Medium computational task
2882,Congested,37,153.0,88.0,6.0,CLOUD,5,High current latency; High CPU utilization; Medium computational task
2883,Congested,26,200.0,83.0,2.0,CLOUD,4,High current latency; High CPU utilization; Small computational task
2884,Congested,31,225.0,92.0,8.0,CLOUD,6,High current latency; High CPU utilization; Large computational task
2885,Congested,18,130.0,63.0,4.0,CLOUD,3,High current latency; Moderate CPU utilization; Small computational task
2886,Congested,32,122.0,69.0,2.0,CLOUD,3,High current latency; Moderate CPU utilization; Small computational task
2887,Congested,19,216.0,70.0,10.0,CLOUD,5,High current latency; Moderate CPU utilization; Large computational task
2888,Congested,22,138.0,74.0,7.0,CLOUD,5,High current latency; High CPU utilization; Medium computational task
2889,Congested,37,238.0,65.0,6.0,CLOUD,4,High current latency; Moderate CPU utilization; Medium computational task
2890,Congested,24,239.0,94.0,8.0,CLOUD,6,High current latency; High CPU utilization; Large computational task
2891,Congested,13,141.0,71.0,2.0,CLOUD,4,High current latency; High CPU utilization; Small computational task
2892,Congested,39,221.0,87.0,4.0,CLOUD,4,High current latency; High CPU utilization; Small computational task
2893,Congested,22,204.0,64.0,6.0,CLOUD,4,High current latency; Moderate CPU utilization; Medium computational task
2894,Congested,20,244.0,73.0,8.0,CLOUD,6,High current latency; High CPU utilization; Large computational task
2895,Congested,13,191.0,89.0,1.0,CLOUD,4,High current latency; High CPU utilization; Small computational task
2896,Congested,27,159.0,90.0,3.0,CLOUD,4,High current latency; High CPU utilization; Small computational task
2897,Congested,30,174.0,80.0,10.0,CLOUD,6,High current latency; High CPU utilization; Large computational task
2898,Congested,11,217.0,63.0,6.0,CLOUD,4,High current latency; Moderate CPU utilization; Medium computational task
2899,Congested,35,230.0,90.0,4.0,CLOUD,4,High current latency; High CPU utilization; Small computational task
2900,Congested,11,174.0,61.0,7.0,CLOUD,4,High current latency; Moderate CPU utilization; Medium computational task
2901,Congested,18,184.0,71.0,2.0,CLOUD,4,High current latency; High CPU utilization; Small computational task
2902,Congested,14,137.0,77.0,7.0,CLOUD,5,High current latency; High CPU utilization; Medium computational task
2903,Congested,12,196.0,88.0,7.0,CLOUD,5,High current latency; High CPU utilization; Medium computational task
2904,Congested,26,174.0,76.0,3.0,CLOUD,4,High current latency; High CPU utilization; Small computational task
2905,Congested,36,133.0,65.0,7.0,CLOUD,4,High current latency; Moderate CPU utilization; Medium computational task
2906,Congested,20,196.0,70.0,4.0,CLOUD,3,High current latency; Moderate CPU utilization; Small computational task
2907,Congested,21,227.0,90.0,8.0,CLOUD,6,High current latency; High CPU utilization; Large computational task
2908,Congested,27,161.0,87.0,6.0,CLOUD,5,High current latency; High CPU utilization; Medium computational task
2909,Congested,39,219.0,60.0,9.0,CLOUD,5,High current latency; Moderate CPU utilization; Large computational task
2910,Congested,35,170.0,64.0,10.0,CLOUD,5,High current latency; Moderate CPU utilization; Large computational task
2911,Congested,29,157.0,80.0,6.0,CLOUD,5,High current latency; High CPU utilization; Medium computational task
2912,Congested,10,158.0,89.0,3.0,CLOUD,4,High current latency; High CPU utilization; Small computational task
2913,Congested,25,201.0,67.0,7.0,CLOUD,4,High current latency; Moderate CPU utilization; Medium computational task
2914,Congested,18,120.0,88.0,3.0,CLOUD,4,High current latency; High CPU utilization; Small computational task
2915,Congested,30,235.0,66.0,1.0,CLOUD,3,High current latency; Moderate CPU utilization; Small computational task
2916,Congested,16,168.0,86.0,9.0,CLOUD,6,High current latency; High CPU utilization; Large computational task
2917,Congested,34,162.0,84.0,4.0,CLOUD,4,High current latency; High CPU utilization; Small computational task
2918,Congested,21,173.0,72.0,10.0,CLOUD,6,High current latency; High CPU utilization; Large computational task
2919,Congested,40,123.0,83.0,6.0,CLOUD,5,High current latency; High CPU utilization; Medium computational task
2920,Congested,10,197.0,79.0,9.0,CLOUD,6,High current latency; High CPU utilization; Large computational task
2921,Congested,36,151.0,91.0,8.0,CLOUD,6,High current latency; High CPU utilization; Large computational task
2922,Congested,23,225.0,82.0,6.0,CLOUD,5,High current latency; High CPU utilization; Medium computational task
2923,Congested,36,229.0,93.0,6.0,CLOUD,5,High current latency; High CPU utilization; Medium computational task
2924,Congested,13,165.0,89.0,7.0,CLOUD,5,High current latency; High CPU utilization; Medium computational task
2925,Congested,21,165.0,95.0,10.0,CLOUD,6,High current latency; High CPU utilization; Large computational task
2926,Congested,15,231.0,84.0,5.0,CLOUD,5,High current latency; High CPU utilization; Medium computational task
2927,Congested,37,231.0,78.0,10.0,CLOUD,6,High current latency; High CPU utilization; Large computational task
2928,Congested,40,145.0,65.0,2.0,CLOUD,3,High current latency; Moderate CPU utilization; Small computational task
2929,Congested,12,124.0,86.0,2.0,CLOUD,4,High current latency; High CPU utilization; Small computational task
2930,Congested,25,145.0,88.0,9.0,CLOUD,6,High current latency; High CPU utilization; Large computational task
2931,Congested,28,128.0,78.0,7.0,CLOUD,5,High current latency; High CPU utilization; Medium computational task
2932,Congested,16,177.0,89.0,9.0,CLOUD,6,High current latency; High CPU utilization; Large computational task
2933,Congested,22,149.0,72.0,8.0,CLOUD,6,High current latency; High CPU utilization; Large computational task
2934,Congested,40,151.0,82.0,8.0,CLOUD,6,High current latency; High CPU utilization; Large computational task
2935,Congested,23,221.0,60.0,6.0,CLOUD,4,High current latency; Moderate CPU utilization; Medium computational task
2936,Congested,35,177.0,92.0,5.0,CLOUD,5,High current latency; High CPU utilization; Medium computational task
2937,Congested,18,187.0,79.0,7.0,CLOUD,5,High current latency; High CPU utilization; Medium computational task
2938,Congested,31,181.0,60.0,7.0,CLOUD,4,High current latency; Moderate CPU utilization; Medium computational task
2939,Congested,11,123.0,61.0,3.0,CLOUD,3,High current latency; Moderate CPU utilization; Small computational task
2940,Congested,35,215.0,93.0,10.0,CLOUD,6,High current latency; High CPU utilization; Large computational task
2941,Congested,20,205.0,70.0,10.0,CLOUD,5,High current latency; Moderate CPU utilization; Large computational task
2942,Congested,23,181.0,95.0,7.0,CLOUD,5,High current latency; High CPU utilization; Medium computational task
2943,Congested,16,220.0,63.0,10.0,CLOUD,5,High current latency; Moderate CPU utilization; Large computational task
2944,Congested,23,152.0,84.0,3.0,CLOUD,4,High current latency; High CPU utilization; Small computational task
2945,Congested,22,201.0,93.0,3.0,CLOUD,4,High current latency; High CPU utilization; Small computational task
2946,Congested,23,179.0,66.0,3.0,CLOUD,3,High current latency; Moderate CPU utilization; Small computational task
2947,Congested,26,150.0,85.0,5.0,CLOUD,5,High current latency; High CPU utilization; Medium computational task
2948,Congested,36,160.0,80.0,4.0,CLOUD,4,High current latency; High CPU utilization; Small computational task
2949,Congested,12,143.0,61.0,7.0,CLOUD,4,High current latency; Moderate CPU utilization; Medium computational task
2950,Congested,10,159.0,61.0,10.0,CLOUD,5,High current latency; Moderate CPU utilization; Large computational task
2951,Congested,32,140.0,84.0,1.0,CLOUD,4,High current latency; High CPU utilization; Small computational task
2952,Congested,33,153.0,89.0,6.0,CLOUD,5,High current latency; High CPU utilization; Medium computational task
2953,Congested,15,181.0,74.0,5.0,CLOUD,5,High current latency; High CPU utilization; Medium computational task
2954,Congested,16,182.0,84.0,5.0,CLOUD,5,High current latency; High CPU utilization; Medium computational task
2955,Congested,31,133.0,77.0,2.0,CLOUD,4,High current latency; High CPU utilization; Small computational task
2956,Congested,39,156.0,61.0,10.0,CLOUD,5,High current latency; Moderate CPU utilization; Large computational task
2957,Congested,37,146.0,67.0,8.0,CLOUD,5,High current latency; Moderate CPU utilization; Large computational task
2958,Congested,39,151.0,66.0,3.0,CLOUD,3,High current latency; Moderate CPU utilization; Small computational task
2959,Congested,19,187.0,71.0,2.0,CLOUD,4,High current latency; High CPU utilization; Small computational task
2960,Congested,12,246.0,83.0,4.0,CLOUD,4,High current latency; High CPU utilization; Small computational task
2961,Congested,22,145.0,91.0,1.0,CLOUD,4,High current latency; High CPU utilization; Small computational task
2962,Congested,23,138.0,91.0,2.0,CLOUD,4,High current latency; High CPU utilization; Small computational task
2963,Congested,16,227.0,84.0,6.0,CLOUD,5,High current latency; High CPU utilization; Medium computational task
2964,Congested,30,235.0,70.0,3.0,CLOUD,3,High current latency; Moderate CPU utilization; Small computational task
2965,Congested,19,122.0,71.0,10.0,CLOUD,6,High current latency; High CPU utilization; Large computational task
2966,Congested,30,128.0,67.0,6.0,CLOUD,4,High current latency; Moderate CPU utilization; Medium computational task
2967,Congested,21,243.0,94.0,1.0,CLOUD,4,High current latency; High CPU utilization; Small computational task
2968,Congested,15,185.0,67.0,4.0,CLOUD,3,High current latency; Moderate CPU utilization; Small computational task
2969,Congested,29,127.0,94.0,1.0,CLOUD,4,High current latency; High CPU utilization; Small computational task
2970,Congested,26,159.0,73.0,6.0,CLOUD,5,High current latency; High CPU utilization; Medium computational task
2971,Congested,13,175.0,61.0,6.0,CLOUD,4,High current latency; Moderate CPU utilization; Medium computational task
2972,Congested,14,176.0,65.0,3.0,CLOUD,3,High current latency; Moderate CPU utilization; Small computational task
2973,Congested,18,190.0,90.0,4.0,CLOUD,4,High current latency; High CPU utilization; Small computational task
2974,Congested,40,143.0,82.0,9.0,CLOUD,6,High current latency; High CPU utilization; Large computational task
2975,Congested,30,195.0,89.0,8.0,CLOUD,6,High current latency; High CPU utilization; Large computational task
2976,Congested,23,222.0,72.0,5.0,CLOUD,5,High current latency; High CPU utilization; Medium computational task
2977,Congested,15,170.0,77.0,7.0,CLOUD,5,High current latency; High CPU utilization; Medium computational task
2978,Congested,13,199.0,70.0,4.0,CLOUD,3,High current latency; Moderate CPU utilization; Small computational task
2979,Congested,40,244.0,87.0,8.0,CLOUD,6,High current latency; High CPU utilization; Large computational task
2980,Congested,23,189.0,80.0,10.0,CLOUD,6,High current latency; High CPU utilization; Large computational task
2981,Congested,13,218.0,87.0,4.0,CLOUD,4,High current latency; High CPU utilization; Small computational task
2982,Congested,28,210.0,83.0,2.0,CLOUD,4,High current latency; High CPU utilization; Small computational task
2983,Congested,24,162.0,62.0,9.0,CLOUD,5,High current latency; Moderate CPU utilization; Large computational task
2984,Congested,18,224.0,78.0,10.0,CLOUD,6,High current latency; High CPU utilization; Large computational task
2985,Congested,36,210.0,85.0,1.0,CLOUD,4,High current latency; High CPU utilization; Small computational task
2986,Congested,13,166.0,80.0,7.0,CLOUD,5,High current latency; High CPU utilization; Medium computational task
2987,Congested,35,167.0,82.0,4.0,CLOUD,4,High current latency; High CPU utilization; Small computational task
2988,Congested,12,175.0,83.0,6.0,CLOUD,5,High current latency; High CPU utilization; Medium computational task
2989,Congested,14,200.0,67.0,1.0,CLOUD,3,High current latency; Moderate CPU utilization; Small computational task
2990,Congested,20,122.0,81.0,4.0,CLOUD,4,High current latency; High CPU utilization; Small computational task
2991,Congested,24,202.0,74.0,9.0,CLOUD,6,High current latency; High CPU utilization; Large computational task
2992,Congested,12,218.0,78.0,10.0,CLOUD,6,High current latency; High CPU utilization; Large computational task
2993,Congested,16,175.0,66.0,9.0,CLOUD,5,High current latency; Moderate CPU utilization; Large computational task
2994,Congested,18,139.0,86.0,7.0,CLOUD,5,High current latency; High CPU utilization; Medium computational task
2995,Congested,20,201.0,72.0,4.0,CLOUD,4,High current latency; High CPU utilization; Small computational task
2996,Congested,11,246.0,91.0,1.0,CLOUD,4,High current latency; High CPU utilization; Small computational task
2997,Congested,18,227.0,67.0,2.0,CLOUD,3,High current latency; Moderate CPU utilization; Small computational task
2998,Congested,24,163.0,80.0,10.0,CLOUD,6,High current latency; High CPU utilization; Large computational task
2999,Congested,22,180.0,61.0,5.0,CLOUD,4,High current latency; Moderate CPU utilization; Medium computational task
3000,Congested,10,121.0,89.0,5.0,CLOUD,5,High current latency; High CPU utilization; Medium computational task
