Time,Scenario,Bandwidth_Mbps,Input_Network_Latency_ms,CPU_Usage_percent,Task_Size_MB,Existing_Decision,Proposed_Decision,Estimated_EDGE_Latency_ms,Estimated_CLOUD_Latency_ms,Existing_Estimated_Latency_ms,Proposed_Estimated_Latency_ms
10,Stable,81.0,19.0,31.0,6.0,EDGE,EDGE,703.1999999999999,739.0325925925927,703.1999999999999,703.1999999999999
11,Stable,84.0,22.0,21.0,8.0,EDGE,EDGE,841.5999999999999,950.6247619047618,841.5999999999999,841.5999999999999
12,Stable,83.0,19.0,32.0,2.0,EDGE,EDGE,236.8,254.3310843373494,236.8,236.8
13,Stable,83.0,22.0,40.0,10.0,EDGE,EDGE,1280.0,1201.855421686747,1280.0,1280.0
14,Stable,80.0,21.0,22.0,1.0,EDGE,EDGE,106.4,141.88,106.4,106.4
15,Stable,85.0,21.0,29.0,2.0,EDGE,EDGE,229.60000000000002,251.55529411764704,229.60000000000002,229.60000000000002
16,Stable,78.0,19.0,32.0,5.0,EDGE,EDGE,592.0,638.2205128205128,592.0,592.0
17,Stable,82.0,23.0,25.0,6.0,EDGE,EDGE,660.0,734.3658536585366,660.0,660.0
18,Stable,80.0,21.0,28.0,2.0,EDGE,EDGE,227.2,263.24,227.2,227.2
19,Stable,84.0,20.0,37.0,4.0,EDGE,EDGE,497.59999999999997,486.8723809523809,497.59999999999997,497.59999999999997
20,Stable,77.0,25.0,32.0,5.0,EDGE,EDGE,592.0,650.8805194805194,592.0,592.0
21,Stable,85.0,21.0,30.0,1.0,EDGE,EDGE,116.0,136.31764705882352,116.0,116.0
22,Stable,78.0,18.0,30.0,7.0,EDGE,EDGE,812.0,884.3487179487179,812.0,812.0
23,Stable,79.0,19.0,26.0,10.0,EDGE,EDGE,1112.0,1242.0582278481015,1112.0,1112.0
24,Stable,80.0,21.0,40.0,8.0,EDGE,EDGE,1024.0,993.8,1024.0,1024.0
25,Stable,81.0,25.0,24.0,5.0,EDGE,EDGE,544.0,623.6271604938272,544.0,544.0
26,Stable,77.0,21.0,37.0,9.0,EDGE,EDGE,1119.6,1149.384935064935,1119.6,1119.6
27,Stable,79.0,24.0,38.0,7.0,EDGE,EDGE,879.2,883.5007594936709,879.2,879.2
28,Stable,80.0,21.0,24.0,9.0,EDGE,EDGE,979.1999999999999,1109.64,979.1999999999999,979.1999999999999
29,Stable,82.0,19.0,21.0,2.0,EDGE,EDGE,210.39999999999998,255.8019512195122,210.39999999999998,210.39999999999998
30,Stable,77.0,20.0,33.0,10.0,EDGE,EDGE,1196.0,1272.161038961039,1196.0,1196.0
31,Stable,76.0,24.0,32.0,10.0,EDGE,EDGE,1184.0,1289.4315789473683,1184.0,1184.0
32,Stable,82.0,22.0,37.0,1.0,EDGE,EDGE,124.39999999999999,141.0409756097561,124.39999999999999,124.39999999999999
33,Stable,85.0,19.0,37.0,5.0,EDGE,EDGE,622.0,596.9882352941177,622.0,622.0
34,Stable,85.0,23.0,23.0,5.0,EDGE,EDGE,538.0,598.1882352941176,538.0,538.0
35,Stable,81.0,20.0,34.0,1.0,EDGE,EDGE,120.8,140.12543209876543,120.8,120.8
36,Stable,79.0,20.0,36.0,2.0,EDGE,EDGE,246.4,265.41164556962025,246.4,246.4
37,Stable,85.0,22.0,40.0,9.0,EDGE,EDGE,1152.0,1063.4588235294118,1152.0,1152.0
38,Stable,84.0,21.0,24.0,6.0,EDGE,EDGE,652.8,718.1885714285714,652.8,652.8
39,Stable,77.0,18.0,39.0,6.0,EDGE,EDGE,760.8,770.7366233766234,760.8,760.8
40,Stable,82.0,18.0,23.0,6.0,EDGE,EDGE,645.6,728.8858536585366,645.6,645.6
41,Stable,79.0,21.0,21.0,4.0,EDGE,EDGE,420.79999999999995,509.4232911392405,420.79999999999995,420.79999999999995
42,Stable,84.0,19.0,22.0,8.0,EDGE,EDGE,851.2,947.9447619047619,851.2,851.2
43,Stable,76.0,20.0,24.0,8.0,EDGE,EDGE,870.3999999999999,1029.7852631578946,870.3999999999999,870.3999999999999
44,Stable,83.0,20.0,28.0,9.0,EDGE,EDGE,1022.4,1077.5498795180722,1022.4,1022.4
45,Stable,84.0,24.0,26.0,9.0,EDGE,EDGE,1000.8000000000001,1070.502857142857,1000.8000000000001,1000.8000000000001
46,Stable,78.0,22.0,32.0,6.0,EDGE,EDGE,710.4,765.0646153846155,710.4,710.4
47,Stable,82.0,25.0,23.0,4.0,EDGE,EDGE,430.4,498.9239024390244,430.4,430.4
48,Stable,78.0,19.0,30.0,1.0,EDGE,EDGE,116.0,142.76410256410256,116.0,116.0
49,Stable,84.0,21.0,38.0,4.0,EDGE,EDGE,502.40000000000003,488.0323809523809,502.40000000000003,502.40000000000003
50,Stable,75.0,19.0,40.0,1.0,EDGE,EDGE,128.0,147.26666666666668,128.0,128.0
51,Stable,78.0,19.0,21.0,6.0,EDGE,EDGE,631.1999999999999,759.4246153846154,631.1999999999999,631.1999999999999
52,Stable,76.0,21.0,28.0,8.0,EDGE,EDGE,908.8,1032.0652631578946,908.8,908.8
53,Stable,78.0,20.0,38.0,10.0,EDGE,EDGE,1256.0,1260.8410256410257,1256.0,1256.0
54,Stable,82.0,21.0,35.0,7.0,EDGE,EDGE,854.0,853.7268292682927,854.0,854.0
55,Stable,78.0,19.0,23.0,7.0,EDGE,EDGE,753.1999999999999,883.3887179487178,753.1999999999999,753.1999999999999
56,Stable,80.0,24.0,33.0,8.0,EDGE,EDGE,956.8000000000001,994.56,956.8000000000001,956.8000000000001
57,Stable,75.0,19.0,21.0,7.0,EDGE,EDGE,736.4,911.5466666666667,736.4,736.4
58,Stable,80.0,19.0,27.0,4.0,EDGE,EDGE,449.6,503.32,449.6,449.6
59,Stable,78.0,25.0,24.0,7.0,EDGE,EDGE,761.5999999999999,889.6687179487179,761.5999999999999,761.5999999999999
60,Stable,77.0,22.0,34.0,4.0,EDGE,EDGE,483.2,523.0244155844157,483.2,483.2
61,Stable,76.0,25.0,37.0,2.0,EDGE,EDGE,248.79999999999998,278.4863157894737,248.79999999999998,248.79999999999998
62,Stable,75.0,18.0,22.0,4.0,EDGE,EDGE,425.6,528.1866666666667,425.6,425.6
63,Stable,77.0,24.0,35.0,8.0,EDGE,EDGE,976.0,1026.3688311688313,976.0,976.0
64,Stable,78.0,24.0,21.0,3.0,EDGE,EDGE,315.59999999999997,394.2123076923077,315.59999999999997,315.59999999999997
65,Stable,81.0,18.0,32.0,5.0,EDGE,EDGE,592.0,618.2271604938271,592.0,592.0
66,Stable,82.0,22.0,33.0,9.0,EDGE,EDGE,1076.4,1091.928780487805,1076.4,1076.4
67,Stable,85.0,25.0,24.0,4.0,EDGE,EDGE,435.19999999999993,485.31058823529406,435.19999999999993,435.19999999999993
68,Stable,79.0,21.0,21.0,10.0,EDGE,EDGE,1052.0,1242.0582278481015,1052.0,1052.0
69,Stable,83.0,18.0,30.0,1.0,EDGE,EDGE,116.0,135.5855421686747,116.0,116.0
70,Stable,75.0,25.0,36.0,9.0,EDGE,EDGE,1108.8,1177.96,1108.8,1108.8
71,Stable,77.0,18.0,36.0,2.0,EDGE,EDGE,246.4,268.6722077922078,246.4,246.4
72,Stable,77.0,19.0,39.0,2.0,EDGE,EDGE,253.6,269.9122077922078,253.6,253.6
73,Stable,85.0,21.0,32.0,2.0,EDGE,EDGE,236.8,251.79529411764705,236.8,236.8
74,Stable,84.0,21.0,38.0,10.0,EDGE,EDGE,1256.0,1188.5809523809523,1256.0,1256.0
75,Stable,75.0,19.0,33.0,10.0,EDGE,EDGE,1196.0,1298.8666666666668,1196.0,1196.0
76,Stable,84.0,23.0,28.0,4.0,EDGE,EDGE,454.4,488.4323809523809,454.4,454.4
77,Stable,85.0,23.0,27.0,5.0,EDGE,EDGE,562.0,598.9882352941177,562.0,562.0
78,Stable,81.0,20.0,40.0,5.0,EDGE,EDGE,640.0,621.8271604938271,640.0,640.0
79,Stable,82.0,23.0,22.0,1.0,EDGE,EDGE,106.4,141.4409756097561,106.4,106.4
80,Stable,82.0,19.0,22.0,9.0,EDGE,EDGE,957.6,1084.968780487805,957.6,957.6
81,Stable,78.0,22.0,24.0,6.0,EDGE,EDGE,652.8,763.1446153846155,652.8,652.8
82,Stable,76.0,21.0,31.0,5.0,EDGE,EDGE,586.0,653.5157894736842,586.0,586.0
83,Stable,77.0,25.0,37.0,5.0,EDGE,EDGE,622.0,651.8805194805194,622.0,622.0
84,Stable,84.0,18.0,37.0,5.0,EDGE,EDGE,622.0,601.5904761904761,622.0,622.0
85,Stable,85.0,19.0,24.0,5.0,EDGE,EDGE,544.0,594.3882352941176,544.0,544.0
86,Stable,76.0,19.0,37.0,3.0,EDGE,EDGE,373.2,399.2294736842105,373.2,373.2
87,Stable,79.0,22.0,39.0,4.0,EDGE,EDGE,507.2,513.3032911392405,507.2,507.2
88,Stable,80.0,21.0,40.0,5.0,EDGE,EDGE,640.0,629.0,640.0,640.0
89,Stable,83.0,25.0,28.0,1.0,EDGE,EDGE,113.6,142.5055421686747,113.6,113.6
90,Stable,76.0,24.0,28.0,1.0,EDGE,EDGE,113.6,150.38315789473683,113.6,113.6
91,Stable,75.0,23.0,24.0,5.0,EDGE,EDGE,544.0,661.1333333333334,544.0,544.0
92,Stable,77.0,25.0,37.0,7.0,EDGE,EDGE,870.8,902.6327272727273,870.8,870.8
93,Stable,83.0,18.0,23.0,2.0,EDGE,EDGE,215.2,252.6110843373494,215.2,215.2
94,Stable,77.0,18.0,31.0,10.0,EDGE,EDGE,1172.0,1269.361038961039,1172.0,1172.0
95,Stable,83.0,20.0,33.0,3.0,EDGE,EDGE,358.8,373.1166265060241,358.8,358.8
96,Stable,75.0,22.0,31.0,1.0,EDGE,EDGE,117.19999999999999,149.9066666666667,117.19999999999999,117.19999999999999
97,Stable,80.0,21.0,27.0,2.0,EDGE,EDGE,224.8,263.16,224.8,224.8
98,Stable,80.0,24.0,39.0,3.0,EDGE,EDGE,380.4,388.68,380.4,380.4
99,Stable,78.0,20.0,25.0,7.0,EDGE,EDGE,770.0,884.9487179487179,770.0,770.0
100,Stable,75.0,20.0,30.0,7.0,EDGE,EDGE,812.0,915.0666666666667,812.0,812.0
101,Stable,85.0,21.0,28.0,3.0,EDGE,EDGE,340.79999999999995,366.7129411764706,340.79999999999995,340.79999999999995
102,Stable,76.0,24.0,21.0,8.0,EDGE,EDGE,841.5999999999999,1032.8252631578946,841.5999999999999,841.5999999999999
103,Stable,78.0,21.0,34.0,6.0,EDGE,EDGE,724.8,764.5446153846154,724.8,724.8
104,Stable,79.0,21.0,27.0,1.0,EDGE,EDGE,112.4,143.34582278481014,112.4,112.4
105,Stable,85.0,21.0,32.0,6.0,EDGE,EDGE,710.4,713.3858823529413,710.4,710.4
106,Stable,79.0,19.0,28.0,6.0,EDGE,EDGE,681.5999999999999,753.3149367088608,681.5999999999999,681.5999999999999
107,Stable,85.0,24.0,37.0,6.0,EDGE,EDGE,746.4,717.5858823529412,746.4,746.4
108,Stable,75.0,19.0,28.0,3.0,EDGE,EDGE,340.79999999999995,402.36,340.79999999999995,340.79999999999995
109,Stable,84.0,22.0,21.0,2.0,EDGE,EDGE,210.39999999999998,254.15619047619046,210.39999999999998,210.39999999999998
110,Stable,84.0,24.0,31.0,6.0,EDGE,EDGE,703.1999999999999,722.8685714285715,703.1999999999999,703.1999999999999
111,Stable,81.0,19.0,32.0,10.0,EDGE,EDGE,1184.0,1219.4543209876542,1184.0,1184.0
112,Stable,78.0,22.0,21.0,7.0,EDGE,EDGE,736.4,885.8287179487179,736.4,736.4
113,Stable,75.0,21.0,31.0,7.0,EDGE,EDGE,820.3999999999999,916.3466666666668,820.3999999999999,820.3999999999999
114,Stable,76.0,23.0,39.0,6.0,EDGE,EDGE,760.8,783.938947368421,760.8,760.8
115,Stable,85.0,19.0,29.0,9.0,EDGE,EDGE,1033.2,1056.4988235294118,1033.2,1033.2
116,Stable,79.0,24.0,30.0,7.0,EDGE,EDGE,812.0,881.2607594936709,812.0,812.0
117,Stable,79.0,20.0,26.0,7.0,EDGE,EDGE,778.4000000000001,876.1407594936709,778.4000000000001,778.4000000000001
118,Stable,85.0,24.0,25.0,10.0,EDGE,EDGE,1100.0,1175.1764705882351,1100.0,1100.0
119,Stable,84.0,22.0,32.0,9.0,EDGE,EDGE,1065.6,1070.662857142857,1065.6,1065.6
120,Stable,75.0,22.0,29.0,4.0,EDGE,EDGE,459.20000000000005,533.3066666666667,459.20000000000005,459.20000000000005
121,Stable,81.0,23.0,34.0,8.0,EDGE,EDGE,966.4,984.0034567901234,966.4,966.4
122,Stable,82.0,21.0,36.0,8.0,EDGE,EDGE,985.6,973.0078048780488,985.6,985.6
123,Stable,77.0,19.0,29.0,9.0,EDGE,EDGE,1033.2,1144.5049350649351,1033.2,1033.2
124,Stable,85.0,23.0,22.0,4.0,EDGE,EDGE,425.6,482.9905882352941,425.6,425.6
125,Stable,85.0,22.0,27.0,4.0,EDGE,EDGE,449.6,482.7905882352941,449.6,449.6
126,Stable,77.0,18.0,21.0,4.0,EDGE,EDGE,420.79999999999995,516.9444155844157,420.79999999999995,420.79999999999995
127,Stable,82.0,19.0,34.0,7.0,EDGE,EDGE,845.6,851.4468292682927,845.6,845.6
128,Stable,85.0,21.0,32.0,8.0,EDGE,EDGE,947.2,944.1811764705882,947.2,947.2
129,Stable,81.0,21.0,24.0,1.0,EDGE,EDGE,108.79999999999998,140.72543209876542,108.79999999999998,108.79999999999998
130,Stable,76.0,24.0,27.0,3.0,EDGE,EDGE,337.2,403.02947368421053,337.2,337.2
131,Stable,83.0,25.0,21.0,9.0,EDGE,EDGE,946.8,1080.0298795180722,946.8,946.8
132,Stable,78.0,19.0,34.0,3.0,EDGE,EDGE,362.4,390.7723076923077,362.4,362.4
133,Stable,82.0,23.0,34.0,10.0,EDGE,EDGE,1208.0,1212.209756097561,1208.0,1208.0
134,Stable,83.0,24.0,37.0,8.0,EDGE,EDGE,995.1999999999999,966.9243373493977,995.1999999999999,995.1999999999999
135,Stable,77.0,25.0,34.0,5.0,EDGE,EDGE,604.0,651.2805194805194,604.0,604.0
136,Stable,78.0,22.0,36.0,8.0,EDGE,EDGE,985.6,1014.0328205128204,985.6,985.6
137,Stable,85.0,21.0,28.0,8.0,EDGE,EDGE,908.8,942.9011764705882,908.8,908.8
138,Stable,76.0,22.0,27.0,5.0,EDGE,EDGE,562.0,653.7157894736841,562.0,562.0
139,Stable,80.0,23.0,37.0,2.0,EDGE,EDGE,248.79999999999998,265.96,248.79999999999998,248.79999999999998
140,Stable,77.0,20.0,27.0,7.0,EDGE,EDGE,786.8000000000001,894.8327272727272,786.8000000000001,786.8000000000001
141,Stable,77.0,21.0,22.0,7.0,EDGE,EDGE,744.8000000000001,894.4327272727272,744.8000000000001,744.8000000000001
142,Stable,81.0,23.0,37.0,8.0,EDGE,EDGE,995.1999999999999,984.9634567901235,995.1999999999999,995.1999999999999
143,Stable,81.0,18.0,26.0,7.0,EDGE,EDGE,778.4000000000001,856.6380246913579,778.4000000000001,778.4000000000001
144,Stable,81.0,18.0,38.0,7.0,EDGE,EDGE,879.2,859.998024691358,879.2,879.2
145,Stable,82.0,18.0,31.0,5.0,EDGE,EDGE,586.0,612.0048780487805,586.0,586.0
146,Stable,81.0,24.0,37.0,9.0,EDGE,EDGE,1119.6,1106.2088888888889,1119.6,1119.6
147,Stable,84.0,21.0,35.0,4.0,EDGE,EDGE,488.0,487.55238095238093,488.0,488.0
148,Stable,79.0,24.0,35.0,1.0,EDGE,EDGE,122.0,146.66582278481013,122.0,122.0
149,Stable,81.0,23.0,32.0,3.0,EDGE,EDGE,355.2,383.13629629629634,355.2,355.2
150,Stable,82.0,20.0,39.0,9.0,EDGE,EDGE,1141.2,1092.0887804878048,1141.2,1141.2
151,Stable,75.0,24.0,38.0,10.0,EDGE,EDGE,1256.0,1305.8666666666668,1256.0,1256.0
152,Stable,85.0,18.0,22.0,7.0,EDGE,EDGE,744.8000000000001,822.9835294117647,744.8000000000001,744.8000000000001
153,Stable,77.0,25.0,25.0,1.0,EDGE,EDGE,110.0,149.8961038961039,110.0,110.0
154,Stable,79.0,24.0,30.0,4.0,EDGE,EDGE,464.0,513.8632911392406,464.0,464.0
155,Stable,82.0,23.0,30.0,7.0,EDGE,EDGE,812.0,854.3268292682927,812.0,812.0
156,Stable,79.0,24.0,28.0,2.0,EDGE,EDGE,227.2,268.77164556962026,227.2,227.2
157,Stable,82.0,18.0,37.0,1.0,EDGE,EDGE,124.39999999999999,137.0409756097561,124.39999999999999,124.39999999999999
158,Stable,80.0,21.0,40.0,2.0,EDGE,EDGE,256.0,264.2,256.0,256.0
159,Stable,85.0,18.0,20.0,4.0,EDGE,EDGE,416.0,477.6705882352941,416.0,416.0
160,Stable,78.0,18.0,39.0,3.0,EDGE,EDGE,380.4,390.37230769230774,380.4,380.4
161,Stable,78.0,20.0,35.0,2.0,EDGE,EDGE,244.0,267.9282051282051,244.0,244.0
162,Stable,84.0,21.0,34.0,5.0,EDGE,EDGE,604.0,603.9904761904761,604.0,604.0
163,Stable,80.0,20.0,39.0,10.0,EDGE,EDGE,1268.0,1235.6,1268.0,1268.0
164,Stable,76.0,20.0,29.0,2.0,EDGE,EDGE,229.60000000000002,272.8463157894737,229.60000000000002,229.60000000000002
165,Stable,84.0,18.0,29.0,10.0,EDGE,EDGE,1148.0,1181.9809523809522,1148.0,1148.0
166,Stable,85.0,24.0,32.0,4.0,EDGE,EDGE,473.6,485.5905882352941,473.6,473.6
167,Stable,76.0,21.0,23.0,5.0,EDGE,EDGE,538.0,651.9157894736842,538.0,538.0
168,Stable,85.0,19.0,38.0,1.0,EDGE,EDGE,125.60000000000001,134.63764705882352,125.60000000000001,125.60000000000001
169,Stable,80.0,24.0,31.0,2.0,EDGE,EDGE,234.39999999999998,266.48,234.39999999999998,234.39999999999998
170,Stable,83.0,23.0,20.0,7.0,EDGE,EDGE,728.0,843.2987951807229,728.0,728.0
171,Stable,82.0,19.0,33.0,6.0,EDGE,EDGE,717.6,732.2858536585366,717.6,717.6
172,Stable,85.0,25.0,24.0,7.0,EDGE,EDGE,761.5999999999999,830.5435294117648,761.5999999999999,761.5999999999999
173,Stable,77.0,22.0,39.0,9.0,EDGE,EDGE,1141.2,1151.104935064935,1141.2,1141.2
174,Stable,82.0,25.0,33.0,10.0,EDGE,EDGE,1196.0,1213.809756097561,1196.0,1196.0
175,Stable,79.0,23.0,27.0,2.0,EDGE,EDGE,224.8,267.6916455696203,224.8,224.8
176,Stable,79.0,25.0,27.0,8.0,EDGE,EDGE,899.2,1003.766582278481,899.2,899.2
177,Stable,84.0,24.0,30.0,1.0,EDGE,EDGE,116.0,140.43809523809523,116.0,116.0
178,Stable,82.0,23.0,25.0,8.0,EDGE,EDGE,880.0,971.4878048780488,880.0,880.0
179,Stable,78.0,23.0,28.0,6.0,EDGE,EDGE,681.5999999999999,765.1046153846155,681.5999999999999,681.5999999999999
180,Stable,79.0,22.0,37.0,1.0,EDGE,EDGE,124.39999999999999,144.74582278481012,124.39999999999999,124.39999999999999
181,Stable,83.0,21.0,22.0,4.0,EDGE,EDGE,425.6,490.0621686746988,425.6,425.6
182,Stable,81.0,25.0,37.0,4.0,EDGE,EDGE,497.59999999999997,505.98172839506174,497.59999999999997,497.59999999999997
183,Stable,82.0,25.0,34.0,1.0,EDGE,EDGE,120.8,143.9209756097561,120.8,120.8
184,Stable,76.0,22.0,27.0,7.0,EDGE,EDGE,786.8000000000001,906.4021052631579,786.8000000000001,786.8000000000001
185,Stable,78.0,22.0,38.0,6.0,EDGE,EDGE,753.6,766.5046153846155,753.6,753.6
186,Stable,82.0,23.0,33.0,9.0,EDGE,EDGE,1076.4,1092.928780487805,1076.4,1076.4
187,Stable,80.0,23.0,34.0,5.0,EDGE,EDGE,604.0,629.8,604.0,604.0
188,Stable,79.0,22.0,27.0,2.0,EDGE,EDGE,224.8,266.6916455696203,224.8,224.8
189,Stable,78.0,23.0,23.0,9.0,EDGE,EDGE,968.4,1134.356923076923,968.4,968.4
190,Stable,77.0,21.0,26.0,8.0,EDGE,EDGE,889.6000000000001,1020.4888311688312,889.6000000000001,889.6000000000001
191,Stable,79.0,22.0,23.0,4.0,EDGE,EDGE,430.4,510.7432911392405,430.4,430.4
192,Stable,79.0,21.0,31.0,3.0,EDGE,EDGE,351.59999999999997,388.51746835443043,351.59999999999997,351.59999999999997
193,Stable,79.0,18.0,37.0,3.0,EDGE,EDGE,373.2,386.2374683544304,373.2,373.2
194,Stable,79.0,18.0,21.0,9.0,EDGE,EDGE,946.8,1116.952405063291,946.8,946.8
195,Stable,79.0,20.0,40.0,8.0,EDGE,EDGE,1024.0,1002.926582278481,1024.0,1024.0
196,Stable,76.0,18.0,38.0,5.0,EDGE,EDGE,628.0,651.9157894736842,628.0,628.0
197,Stable,82.0,25.0,34.0,6.0,EDGE,EDGE,724.8,738.5258536585366,724.8,724.8
198,Stable,77.0,18.0,28.0,8.0,EDGE,EDGE,908.8,1018.1288311688313,908.8,908.8
199,Stable,76.0,19.0,32.0,8.0,EDGE,EDGE,947.2,1031.3452631578948,947.2,947.2
200,Stable,76.0,18.0,24.0,3.0,EDGE,EDGE,326.4,396.6694736842105,326.4,326.4
201,Stable,84.0,22.0,22.0,4.0,EDGE,EDGE,425.6,486.47238095238095,425.6,425.6
202,Stable,76.0,24.0,39.0,10.0,EDGE,EDGE,1268.0,1292.2315789473682,1268.0,1268.0
203,Stable,84.0,21.0,36.0,7.0,EDGE,EDGE,862.4,837.7466666666667,862.4,862.4
204,Stable,82.0,25.0,29.0,10.0,EDGE,EDGE,1148.0,1212.209756097561,1148.0,1148.0
205,Stable,81.0,22.0,38.0,10.0,EDGE,EDGE,1256.0,1224.8543209876543,1256.0,1256.0
206,Stable,75.0,19.0,26.0,4.0,EDGE,EDGE,444.80000000000007,529.8266666666667,444.80000000000007,444.80000000000007
207,Stable,79.0,19.0,25.0,4.0,EDGE,EDGE,440.0,508.0632911392405,440.0,440.0
208,Stable,77.0,19.0,25.0,1.0,EDGE,EDGE,110.0,143.8961038961039,110.0,110.0
209,Stable,81.0,25.0,39.0,8.0,EDGE,EDGE,1014.4,987.6034567901235,1014.4,1014.4
210,Stable,79.0,18.0,27.0,5.0,EDGE,EDGE,562.0,629.7291139240507,562.0,562.0
211,Stable,79.0,25.0,22.0,4.0,EDGE,EDGE,425.6,513.5832911392405,425.6,425.6
212,Stable,79.0,21.0,33.0,2.0,EDGE,EDGE,239.20000000000002,266.17164556962024,239.20000000000002,239.20000000000002
213,Stable,83.0,21.0,40.0,3.0,EDGE,EDGE,384.0,374.9566265060241,384.0,384.0
214,Stable,79.0,20.0,22.0,1.0,EDGE,EDGE,106.4,142.14582278481012,106.4,106.4
215,Stable,77.0,22.0,39.0,10.0,EDGE,EDGE,1268.0,1276.5610389610388,1268.0,1268.0
216,Stable,79.0,25.0,23.0,8.0,EDGE,EDGE,860.8,1002.486582278481,860.8,860.8
217,Stable,79.0,24.0,28.0,9.0,EDGE,EDGE,1022.4,1125.472405063291,1022.4,1022.4
218,Stable,83.0,25.0,34.0,2.0,EDGE,EDGE,241.6,260.49108433734943,241.6,241.6
219,Stable,84.0,18.0,33.0,6.0,EDGE,EDGE,717.6,717.3485714285714,717.6,717.6
220,Stable,84.0,22.0,20.0,2.0,EDGE,EDGE,208.0,254.07619047619045,208.0,208.0
221,Stable,78.0,18.0,28.0,10.0,EDGE,EDGE,1136.0,1254.8410256410257,1136.0,1136.0
222,Stable,75.0,20.0,35.0,9.0,EDGE,EDGE,1098.0,1172.6,1098.0,1098.0
223,Stable,85.0,25.0,28.0,3.0,EDGE,EDGE,340.79999999999995,370.7129411764706,340.79999999999995,340.79999999999995
224,Stable,84.0,24.0,40.0,8.0,EDGE,EDGE,1024.0,958.7047619047619,1024.0,1024.0
225,Stable,76.0,25.0,31.0,7.0,EDGE,EDGE,820.3999999999999,910.5221052631578,820.3999999999999,820.3999999999999
226,Stable,80.0,23.0,23.0,3.0,EDGE,EDGE,322.8,385.76,322.8,322.8
227,Stable,80.0,24.0,35.0,5.0,EDGE,EDGE,610.0,631.0,610.0,610.0
228,Stable,85.0,24.0,37.0,1.0,EDGE,EDGE,124.39999999999999,139.59764705882353,124.39999999999999,124.39999999999999
229,Stable,82.0,19.0,30.0,5.0,EDGE,EDGE,580.0,612.8048780487804,580.0,580.0
230,Stable,80.0,19.0,32.0,9.0,EDGE,EDGE,1065.6,1110.52,1065.6,1065.6
231,Stable,75.0,25.0,33.0,1.0,EDGE,EDGE,119.60000000000001,152.98666666666668,119.60000000000001,119.60000000000001
232,Stable,78.0,23.0,39.0,8.0,EDGE,EDGE,1014.4,1015.9928205128205,1014.4,1014.4
233,Stable,85.0,25.0,21.0,4.0,EDGE,EDGE,420.79999999999995,484.8305882352941,420.79999999999995,420.79999999999995
234,Stable,79.0,20.0,29.0,8.0,EDGE,EDGE,918.4000000000001,999.406582278481,918.4000000000001,918.4000000000001
235,Stable,82.0,19.0,20.0,10.0,EDGE,EDGE,1040.0,1202.6097560975609,1040.0,1040.0
236,Stable,78.0,20.0,29.0,9.0,EDGE,EDGE,1033.2,1133.5169230769231,1033.2,1033.2
237,Stable,75.0,24.0,22.0,4.0,EDGE,EDGE,425.6,534.1866666666667,425.6,425.6
238,Stable,76.0,25.0,23.0,3.0,EDGE,EDGE,322.8,403.5494736842105,322.8,322.8
239,Stable,82.0,22.0,36.0,5.0,EDGE,EDGE,616.0,617.0048780487805,616.0,616.0
240,Stable,81.0,25.0,35.0,4.0,EDGE,EDGE,488.0,505.66172839506174,488.0,488.0
241,Stable,82.0,20.0,32.0,4.0,EDGE,EDGE,473.6,495.3639024390244,473.6,473.6
242,Stable,84.0,20.0,22.0,5.0,EDGE,EDGE,532.0,600.5904761904761,532.0,532.0
243,Stable,81.0,23.0,36.0,5.0,EDGE,EDGE,616.0,624.0271604938272,616.0,616.0
244,Stable,75.0,22.0,29.0,10.0,EDGE,EDGE,1148.0,1300.2666666666669,1148.0,1148.0
245,Stable,84.0,25.0,24.0,8.0,EDGE,EDGE,870.3999999999999,954.5847619047618,870.3999999999999,870.3999999999999
246,Stable,83.0,25.0,31.0,6.0,EDGE,EDGE,703.1999999999999,730.7532530120483,703.1999999999999,703.1999999999999
247,Stable,83.0,24.0,34.0,6.0,EDGE,EDGE,724.8,730.4732530120482,724.8,724.8
248,Stable,78.0,21.0,38.0,7.0,EDGE,EDGE,879.2,889.5887179487179,879.2,879.2
249,Stable,78.0,24.0,21.0,6.0,EDGE,EDGE,631.1999999999999,764.4246153846154,631.1999999999999,631.1999999999999
250,Stable,82.0,24.0,32.0,3.0,EDGE,EDGE,355.2,380.5229268292683,355.2,355.2
251,Stable,82.0,18.0,24.0,9.0,EDGE,EDGE,979.1999999999999,1084.688780487805,979.1999999999999,979.1999999999999
252,Stable,84.0,23.0,23.0,8.0,EDGE,EDGE,860.8,952.2647619047618,860.8,860.8
253,Stable,76.0,25.0,20.0,3.0,EDGE,EDGE,312.0,403.1894736842105,312.0,312.0
254,Stable,81.0,20.0,22.0,8.0,EDGE,EDGE,851.2,977.1634567901235,851.2,851.2
255,Stable,79.0,23.0,39.0,7.0,EDGE,EDGE,887.6,882.780759493671,887.6,887.6
256,Stable,85.0,19.0,30.0,9.0,EDGE,EDGE,1044.0,1056.8588235294117,1044.0,1044.0
257,Stable,81.0,23.0,40.0,8.0,EDGE,EDGE,1024.0,985.9234567901235,1024.0,1024.0
258,Stable,83.0,18.0,39.0,2.0,EDGE,EDGE,253.6,253.8910843373494,253.6,253.6
259,Stable,78.0,22.0,27.0,2.0,EDGE,EDGE,224.8,269.2882051282051,224.8,224.8
260,Stable,81.0,19.0,40.0,2.0,EDGE,EDGE,256.0,259.7308641975309,256.0,256.0
261,Stable,82.0,20.0,29.0,1.0,EDGE,EDGE,114.80000000000001,138.7209756097561,114.80000000000001,114.80000000000001
262,Stable,75.0,23.0,21.0,5.0,EDGE,EDGE,526.0,660.5333333333334,526.0,526.0
263,Stable,80.0,23.0,33.0,3.0,EDGE,EDGE,358.8,386.96,358.8,358.8
264,Stable,78.0,24.0,38.0,3.0,EDGE,EDGE,376.8,396.25230769230774,376.8,376.8
265,Stable,77.0,20.0,22.0,10.0,EDGE,EDGE,1064.0,1267.7610389610388,1064.0,1064.0
266,Stable,81.0,21.0,35.0,10.0,EDGE,EDGE,1220.0,1222.6543209876543,1220.0,1220.0
267,Stable,77.0,21.0,34.0,5.0,EDGE,EDGE,604.0,647.2805194805194,604.0,604.0
268,Stable,82.0,22.0,20.0,8.0,EDGE,EDGE,832.0,968.8878048780488,832.0,832.0
269,Stable,79.0,20.0,22.0,8.0,EDGE,EDGE,851.2,997.166582278481,851.2,851.2
270,Stable,80.0,22.0,40.0,7.0,EDGE,EDGE,896.0,873.2,896.0,896.0
271,Stable,79.0,25.0,29.0,4.0,EDGE,EDGE,459.20000000000005,514.7032911392405,459.20000000000005,459.20000000000005
272,Stable,81.0,25.0,23.0,4.0,EDGE,EDGE,430.4,503.7417283950617,430.4,430.4
273,Stable,81.0,23.0,38.0,5.0,EDGE,EDGE,628.0,624.4271604938272,628.0,628.0
274,Stable,79.0,18.0,32.0,5.0,EDGE,EDGE,592.0,630.7291139240507,592.0,592.0
275,Stable,75.0,18.0,39.0,8.0,EDGE,EDGE,1014.4,1043.8133333333335,1014.4,1014.4
276,Stable,79.0,21.0,39.0,6.0,EDGE,EDGE,760.8,757.9549367088608,760.8,760.8
277,Stable,78.0,21.0,39.0,5.0,EDGE,EDGE,634.0,641.6205128205129,634.0,634.0
278,Stable,85.0,20.0,40.0,2.0,EDGE,EDGE,256.0,251.43529411764706,256.0,256.0
279,Stable,85.0,18.0,29.0,8.0,EDGE,EDGE,918.4000000000001,940.2211764705881,918.4000000000001,918.4000000000001
280,Stable,75.0,23.0,24.0,2.0,EDGE,EDGE,217.59999999999997,278.25333333333333,217.59999999999997,217.59999999999997
281,Stable,79.0,23.0,33.0,3.0,EDGE,EDGE,358.8,390.7574683544304,358.8,358.8
282,Stable,78.0,20.0,37.0,6.0,EDGE,EDGE,746.4,764.2646153846155,746.4,746.4
283,Stable,83.0,22.0,25.0,5.0,EDGE,EDGE,550.0,608.9277108433735,550.0,550.0
284,Stable,82.0,22.0,30.0,2.0,EDGE,EDGE,232.0,259.5219512195122,232.0,232.0
285,Stable,82.0,19.0,24.0,4.0,EDGE,EDGE,435.19999999999993,493.0839024390244,435.19999999999993,435.19999999999993
286,Stable,85.0,24.0,37.0,6.0,EDGE,EDGE,746.4,717.5858823529412,746.4,746.4
287,Stable,76.0,24.0,20.0,5.0,EDGE,EDGE,520.0,654.3157894736842,520.0,520.0
288,Stable,83.0,19.0,34.0,6.0,EDGE,EDGE,724.8,725.4732530120482,724.8,724.8
289,Stable,85.0,22.0,38.0,7.0,EDGE,EDGE,879.2,831.4635294117647,879.2,879.2
290,Stable,85.0,23.0,23.0,4.0,EDGE,EDGE,430.4,483.1505882352941,430.4,430.4
291,Stable,82.0,18.0,39.0,9.0,EDGE,EDGE,1141.2,1090.0887804878048,1141.2,1141.2
292,Stable,80.0,21.0,40.0,2.0,EDGE,EDGE,256.0,264.2,256.0,256.0
293,Stable,85.0,25.0,29.0,7.0,EDGE,EDGE,803.6,831.9435294117648,803.6,803.6
294,Stable,76.0,20.0,21.0,1.0,EDGE,EDGE,105.19999999999999,146.10315789473682,105.19999999999999,105.19999999999999
295,Stable,79.0,25.0,23.0,2.0,EDGE,EDGE,215.2,269.3716455696202,215.2,215.2
296,Stable,78.0,20.0,32.0,8.0,EDGE,EDGE,947.2,1010.7528205128204,947.2,947.2
297,Stable,80.0,24.0,38.0,3.0,EDGE,EDGE,376.8,388.56,376.8,376.8
298,Stable,81.0,19.0,35.0,10.0,EDGE,EDGE,1220.0,1220.6543209876543,1220.0,1220.0
299,Stable,81.0,22.0,21.0,6.0,EDGE,EDGE,631.1999999999999,739.6325925925926,631.1999999999999,631.1999999999999
300,Stable,78.0,25.0,34.0,4.0,EDGE,EDGE,483.2,520.6964102564102,483.2,483.2
301,Stable,80.0,19.0,31.0,9.0,EDGE,EDGE,1054.8,1110.16,1054.8,1054.8
302,Stable,85.0,23.0,21.0,7.0,EDGE,EDGE,736.4,827.7035294117647,736.4,736.4
303,Stable,79.0,21.0,23.0,8.0,EDGE,EDGE,860.8,998.486582278481,860.8,860.8
304,Stable,76.0,21.0,40.0,10.0,EDGE,EDGE,1280.0,1289.6315789473683,1280.0,1280.0
305,Stable,75.0,18.0,30.0,4.0,EDGE,EDGE,464.0,529.4666666666667,464.0,464.0
306,Stable,77.0,21.0,22.0,9.0,EDGE,EDGE,957.6,1143.9849350649351,957.6,957.6
307,Stable,78.0,21.0,27.0,6.0,EDGE,EDGE,674.4,762.8646153846155,674.4,674.4
308,Stable,77.0,18.0,28.0,3.0,EDGE,EDGE,340.79999999999995,393.0483116883117,340.79999999999995,340.79999999999995
309,Stable,77.0,22.0,25.0,2.0,EDGE,EDGE,220.0,271.7922077922078,220.0,220.0
310,Stable,85.0,18.0,24.0,1.0,EDGE,EDGE,108.79999999999998,133.07764705882352,108.79999999999998,108.79999999999998
311,Stable,80.0,21.0,38.0,6.0,EDGE,EDGE,753.6,750.12,753.6,753.6
312,Stable,75.0,20.0,28.0,1.0,EDGE,EDGE,113.6,147.78666666666666,113.6,113.6
313,Stable,77.0,24.0,36.0,2.0,EDGE,EDGE,246.4,274.6722077922078,246.4,246.4
314,Stable,76.0,25.0,34.0,6.0,EDGE,EDGE,724.8,784.738947368421,724.8,724.8
315,Stable,83.0,19.0,34.0,9.0,EDGE,EDGE,1087.2,1078.7098795180723,1087.2,1087.2
316,Stable,78.0,18.0,36.0,5.0,EDGE,EDGE,616.0,638.0205128205129,616.0,616.0
317,Stable,82.0,18.0,21.0,8.0,EDGE,EDGE,841.5999999999999,965.2078048780488,841.5999999999999,841.5999999999999
318,Stable,81.0,24.0,23.0,8.0,EDGE,EDGE,860.8,981.4834567901235,860.8,860.8
319,Stable,82.0,19.0,22.0,6.0,EDGE,EDGE,638.4000000000001,729.6458536585366,638.4000000000001,638.4000000000001
320,Stable,84.0,20.0,22.0,3.0,EDGE,EDGE,319.20000000000005,368.3542857142857,319.20000000000005,319.20000000000005
321,Stable,79.0,23.0,32.0,10.0,EDGE,EDGE,1184.0,1248.4582278481014,1184.0,1184.0
322,Stable,83.0,22.0,34.0,9.0,EDGE,EDGE,1087.2,1081.7098795180723,1087.2,1087.2
323,Stable,84.0,24.0,23.0,2.0,EDGE,EDGE,215.2,256.31619047619046,215.2,215.2
324,Stable,85.0,21.0,33.0,8.0,EDGE,EDGE,956.8000000000001,944.5011764705882,956.8000000000001,956.8000000000001
325,Stable,78.0,24.0,30.0,8.0,EDGE,EDGE,928.0,1014.1128205128205,928.0,928.0
326,Stable,81.0,24.0,23.0,6.0,EDGE,EDGE,645.6,742.1125925925926,645.6,645.6
327,Stable,81.0,23.0,28.0,6.0,EDGE,EDGE,681.5999999999999,742.3125925925926,681.5999999999999,681.5999999999999
328,Stable,77.0,25.0,22.0,2.0,EDGE,EDGE,212.8,274.5522077922078,212.8,212.8
329,Stable,76.0,19.0,33.0,2.0,EDGE,EDGE,239.20000000000002,272.1663157894737,239.20000000000002,239.20000000000002
330,Stable,80.0,20.0,37.0,1.0,EDGE,EDGE,124.39999999999999,141.48,124.39999999999999,124.39999999999999
331,Stable,84.0,23.0,23.0,7.0,EDGE,EDGE,753.1999999999999,836.1066666666666,753.1999999999999,753.1999999999999
332,Stable,80.0,24.0,21.0,5.0,EDGE,EDGE,526.0,628.2,526.0,526.0
333,Stable,84.0,22.0,31.0,2.0,EDGE,EDGE,234.39999999999998,254.95619047619044,234.39999999999998,234.39999999999998
334,Stable,84.0,21.0,24.0,8.0,EDGE,EDGE,870.3999999999999,950.5847619047618,870.3999999999999,870.3999999999999
335,Stable,78.0,19.0,31.0,9.0,EDGE,EDGE,1054.8,1133.2369230769232,1054.8,1054.8
336,Stable,80.0,19.0,28.0,10.0,EDGE,EDGE,1136.0,1230.2,1136.0,1136.0
337,Stable,78.0,24.0,37.0,10.0,EDGE,EDGE,1244.0,1264.4410256410256,1244.0,1244.0
338,Stable,84.0,18.0,39.0,5.0,EDGE,EDGE,634.0,601.9904761904761,634.0,634.0
339,Stable,75.0,20.0,28.0,5.0,EDGE,EDGE,568.0,658.9333333333334,568.0,568.0
340,Stable,80.0,23.0,20.0,3.0,EDGE,EDGE,312.0,385.4,312.0,312.0
341,Stable,77.0,24.0,22.0,3.0,EDGE,EDGE,319.20000000000005,398.32831168831166,319.20000000000005,319.20000000000005
342,Stable,85.0,18.0,22.0,9.0,EDGE,EDGE,957.6,1052.9788235294118,957.6,957.6
343,Stable,78.0,24.0,33.0,8.0,EDGE,EDGE,956.8000000000001,1015.0728205128205,956.8000000000001,956.8000000000001
344,Stable,80.0,20.0,31.0,5.0,EDGE,EDGE,586.0,626.2,586.0,586.0
345,Stable,80.0,19.0,21.0,3.0,EDGE,EDGE,315.59999999999997,381.52,315.59999999999997,315.59999999999997
346,Stable,77.0,18.0,22.0,5.0,EDGE,EDGE,532.0,641.8805194805194,532.0,532.0
347,Stable,82.0,24.0,35.0,10.0,EDGE,EDGE,1220.0,1213.6097560975609,1220.0,1220.0
348,Stable,82.0,24.0,28.0,4.0,EDGE,EDGE,454.4,498.7239024390244,454.4,454.4
349,Stable,83.0,19.0,31.0,7.0,EDGE,EDGE,820.3999999999999,842.3787951807228,820.3999999999999,820.3999999999999
350,Stable,76.0,22.0,38.0,8.0,EDGE,EDGE,1004.8000000000001,1036.2652631578947,1004.8000000000001,1004.8000000000001
351,Stable,83.0,22.0,21.0,4.0,EDGE,EDGE,420.79999999999995,490.9021686746988,420.79999999999995,420.79999999999995
352,Stable,81.0,18.0,20.0,4.0,EDGE,EDGE,416.0,496.2617283950617,416.0,416.0
353,Stable,79.0,21.0,24.0,5.0,EDGE,EDGE,544.0,632.1291139240507,544.0,544.0
354,Stable,79.0,23.0,23.0,1.0,EDGE,EDGE,107.6,145.1858227848101,107.6,107.6
355,Stable,82.0,24.0,25.0,3.0,EDGE,EDGE,330.0,379.6829268292683,330.0,330.0
356,Stable,81.0,21.0,36.0,9.0,EDGE,EDGE,1108.8,1102.8488888888887,1108.8,1108.8
357,Stable,85.0,23.0,22.0,7.0,EDGE,EDGE,744.8000000000001,827.9835294117647,744.8000000000001,744.8000000000001
358,Stable,75.0,24.0,20.0,8.0,EDGE,EDGE,832.0,1043.7333333333333,832.0,832.0
359,Stable,76.0,23.0,38.0,7.0,EDGE,EDGE,879.2,910.4821052631578,879.2,879.2
360,Stable,84.0,24.0,40.0,7.0,EDGE,EDGE,896.0,841.8666666666667,896.0,896.0
361,Stable,79.0,19.0,32.0,1.0,EDGE,EDGE,118.4,141.54582278481013,118.4,118.4
362,Stable,80.0,20.0,39.0,8.0,EDGE,EDGE,1014.4,992.48,1014.4,1014.4
363,Stable,80.0,19.0,33.0,2.0,EDGE,EDGE,239.20000000000002,261.64,239.20000000000002,239.20000000000002
364,Stable,78.0,24.0,38.0,7.0,EDGE,EDGE,879.2,892.5887179487179,879.2,879.2
365,Stable,83.0,19.0,32.0,5.0,EDGE,EDGE,592.0,607.3277108433736,592.0,592.0
366,Stable,80.0,21.0,30.0,3.0,EDGE,EDGE,348.0,384.6,348.0,348.0
367,Stable,76.0,19.0,36.0,9.0,EDGE,EDGE,1108.8,1159.3284210526315,1108.8,1108.8
368,Stable,78.0,23.0,31.0,3.0,EDGE,EDGE,351.59999999999997,394.41230769230776,351.59999999999997,351.59999999999997
369,Stable,78.0,19.0,24.0,5.0,EDGE,EDGE,544.0,636.6205128205129,544.0,544.0
370,Stable,78.0,20.0,39.0,3.0,EDGE,EDGE,380.4,392.37230769230774,380.4,380.4
371,Stable,85.0,19.0,25.0,8.0,EDGE,EDGE,880.0,939.9411764705882,880.0,880.0
372,Stable,82.0,25.0,38.0,10.0,EDGE,EDGE,1256.0,1215.809756097561,1256.0,1256.0
373,Stable,80.0,23.0,24.0,8.0,EDGE,EDGE,870.3999999999999,990.6800000000001,870.3999999999999,870.3999999999999
374,Stable,76.0,25.0,34.0,5.0,EDGE,EDGE,604.0,658.1157894736841,604.0,604.0
375,Stable,79.0,18.0,31.0,9.0,EDGE,EDGE,1054.8,1120.5524050632912,1054.8,1054.8
376,Stable,76.0,22.0,34.0,8.0,EDGE,EDGE,966.4,1034.9852631578947,966.4,966.4
377,Stable,75.0,18.0,31.0,5.0,EDGE,EDGE,586.0,657.5333333333334,586.0,586.0
378,Stable,76.0,19.0,39.0,10.0,EDGE,EDGE,1268.0,1287.2315789473682,1268.0,1268.0
379,Stable,83.0,24.0,34.0,10.0,EDGE,EDGE,1208.0,1201.455421686747,1208.0,1208.0
380,Stable,83.0,18.0,34.0,10.0,EDGE,EDGE,1208.0,1195.455421686747,1208.0,1208.0
381,Stable,85.0,21.0,30.0,10.0,EDGE,EDGE,1160.0,1174.1764705882351,1160.0,1160.0
382,Stable,82.0,20.0,21.0,8.0,EDGE,EDGE,841.5999999999999,967.2078048780488,841.5999999999999,841.5999999999999
383,Stable,76.0,23.0,22.0,9.0,EDGE,EDGE,957.6,1158.2884210526315,957.6,957.6
384,Stable,85.0,20.0,21.0,4.0,EDGE,EDGE,420.79999999999995,479.8305882352941,420.79999999999995,420.79999999999995
385,Stable,82.0,25.0,36.0,9.0,EDGE,EDGE,1108.8,1096.0087804878049,1108.8,1108.8
386,Stable,84.0,20.0,31.0,6.0,EDGE,EDGE,703.1999999999999,718.8685714285715,703.1999999999999,703.1999999999999
387,Stable,79.0,24.0,33.0,6.0,EDGE,EDGE,717.6,759.5149367088608,717.6,717.6
388,Stable,85.0,18.0,40.0,6.0,EDGE,EDGE,768.0,712.3058823529412,768.0,768.0
389,Stable,76.0,23.0,23.0,9.0,EDGE,EDGE,968.4,1158.6484210526316,968.4,968.4
390,Stable,85.0,24.0,29.0,5.0,EDGE,EDGE,574.0,600.3882352941176,574.0,574.0
391,Stable,85.0,20.0,30.0,2.0,EDGE,EDGE,232.0,250.63529411764705,232.0,232.0
392,Stable,84.0,20.0,31.0,5.0,EDGE,EDGE,586.0,602.3904761904762,586.0,586.0
393,Stable,85.0,24.0,24.0,10.0,EDGE,EDGE,1088.0,1174.7764705882353,1088.0,1088.0
394,Stable,76.0,22.0,37.0,7.0,EDGE,EDGE,870.8,909.2021052631578,870.8,870.8
395,Stable,85.0,23.0,24.0,9.0,EDGE,EDGE,979.1999999999999,1058.6988235294118,979.1999999999999,979.1999999999999
396,Stable,76.0,24.0,36.0,6.0,EDGE,EDGE,739.2,784.218947368421,739.2,739.2
397,Stable,75.0,23.0,29.0,3.0,EDGE,EDGE,344.40000000000003,406.48,344.40000000000003,344.40000000000003
398,Stable,78.0,23.0,35.0,4.0,EDGE,EDGE,488.0,518.8564102564102,488.0,488.0
399,Stable,78.0,20.0,24.0,2.0,EDGE,EDGE,217.59999999999997,267.0482051282051,217.59999999999997,217.59999999999997
400,Stable,79.0,19.0,36.0,9.0,EDGE,EDGE,1108.8,1123.3524050632911,1108.8,1108.8
401,Stable,83.0,18.0,30.0,10.0,EDGE,EDGE,1160.0,1193.855421686747,1160.0,1160.0
402,Stable,77.0,24.0,24.0,3.0,EDGE,EDGE,326.4,398.56831168831167,326.4,326.4
403,Stable,77.0,20.0,34.0,1.0,EDGE,EDGE,120.8,145.25610389610392,120.8,120.8
404,Stable,81.0,23.0,27.0,8.0,EDGE,EDGE,899.2,981.7634567901234,899.2,899.2
405,Stable,84.0,22.0,34.0,4.0,EDGE,EDGE,483.2,488.3923809523809,483.2,483.2
406,Stable,83.0,21.0,29.0,8.0,EDGE,EDGE,918.4000000000001,961.3643373493976,918.4000000000001,918.4000000000001
407,Stable,78.0,23.0,38.0,8.0,EDGE,EDGE,1004.8000000000001,1015.6728205128204,1004.8000000000001,1004.8000000000001
408,Stable,82.0,22.0,32.0,9.0,EDGE,EDGE,1065.6,1091.5687804878048,1065.6,1065.6
409,Stable,83.0,24.0,25.0,4.0,EDGE,EDGE,440.0,493.5421686746988,440.0,440.0
410,Stable,84.0,20.0,28.0,1.0,EDGE,EDGE,113.6,136.35809523809522,113.6,113.6
411,Stable,85.0,25.0,31.0,9.0,EDGE,EDGE,1054.8,1063.2188235294118,1054.8,1054.8
412,Stable,76.0,19.0,29.0,2.0,EDGE,EDGE,229.60000000000002,271.8463157894737,229.60000000000002,229.60000000000002
413,Stable,77.0,22.0,34.0,9.0,EDGE,EDGE,1087.2,1149.304935064935,1087.2,1087.2
414,Stable,77.0,24.0,22.0,4.0,EDGE,EDGE,425.6,523.1044155844156,425.6,425.6
415,Stable,82.0,23.0,20.0,7.0,EDGE,EDGE,728.0,851.5268292682928,728.0,728.0
416,Stable,75.0,24.0,36.0,6.0,EDGE,EDGE,739.2,792.64,739.2,739.2
417,Stable,78.0,24.0,22.0,6.0,EDGE,EDGE,638.4000000000001,764.6646153846154,638.4000000000001,638.4000000000001
418,Stable,78.0,18.0,30.0,2.0,EDGE,EDGE,232.0,265.5282051282051,232.0,232.0
419,Stable,85.0,23.0,24.0,3.0,EDGE,EDGE,326.4,368.2329411764706,326.4,326.4
420,Stable,75.0,22.0,35.0,3.0,EDGE,EDGE,366.0,406.2,366.0,366.0
421,Stable,82.0,25.0,39.0,1.0,EDGE,EDGE,126.8,144.1209756097561,126.8,126.8
422,Stable,76.0,18.0,28.0,4.0,EDGE,EDGE,454.4,523.5326315789473,454.4,454.4
423,Stable,77.0,24.0,23.0,5.0,EDGE,EDGE,538.0,648.0805194805195,538.0,538.0
424,Stable,78.0,22.0,23.0,1.0,EDGE,EDGE,107.6,145.48410256410256,107.6,107.6
425,Stable,78.0,24.0,40.0,10.0,EDGE,EDGE,1280.0,1265.6410256410256,1280.0,1280.0
426,Stable,82.0,19.0,23.0,8.0,EDGE,EDGE,860.8,966.8478048780488,860.8,860.8
427,Stable,84.0,18.0,40.0,9.0,EDGE,EDGE,1152.0,1069.5428571428572,1152.0,1152.0
428,Stable,84.0,21.0,24.0,5.0,EDGE,EDGE,544.0,601.9904761904761,544.0,544.0
429,Stable,81.0,18.0,39.0,6.0,EDGE,EDGE,760.8,739.9525925925926,760.8,760.8
430,Stable,78.0,24.0,25.0,2.0,EDGE,EDGE,220.0,271.1282051282051,220.0,220.0
431,Stable,83.0,23.0,22.0,9.0,EDGE,EDGE,957.6,1078.3898795180723,957.6,957.6
432,Stable,83.0,18.0,32.0,8.0,EDGE,EDGE,947.2,959.3243373493976,947.2,947.2
433,Stable,75.0,24.0,31.0,5.0,EDGE,EDGE,586.0,663.5333333333334,586.0,586.0
434,Stable,75.0,23.0,22.0,6.0,EDGE,EDGE,638.4000000000001,788.28,638.4000000000001,638.4000000000001
435,Stable,78.0,19.0,38.0,6.0,EDGE,EDGE,753.6,763.5046153846155,753.6,753.6
436,Stable,77.0,18.0,31.0,9.0,EDGE,EDGE,1054.8,1144.2249350649352,1054.8,1054.8
437,Stable,80.0,20.0,34.0,8.0,EDGE,EDGE,966.4,990.88,966.4,966.4
438,Stable,85.0,20.0,24.0,2.0,EDGE,EDGE,217.59999999999997,250.15529411764703,217.59999999999997,217.59999999999997
439,Stable,82.0,18.0,29.0,4.0,EDGE,EDGE,459.20000000000005,492.8839024390244,459.20000000000005,459.20000000000005
440,Stable,75.0,21.0,21.0,6.0,EDGE,EDGE,631.1999999999999,786.04,631.1999999999999,631.1999999999999
441,Stable,79.0,24.0,37.0,8.0,EDGE,EDGE,995.1999999999999,1005.966582278481,995.1999999999999,995.1999999999999
442,Stable,79.0,18.0,40.0,4.0,EDGE,EDGE,512.0,509.4632911392405,512.0,512.0
443,Stable,79.0,23.0,21.0,6.0,EDGE,EDGE,631.1999999999999,755.6349367088608,631.1999999999999,631.1999999999999
444,Stable,79.0,19.0,31.0,7.0,EDGE,EDGE,820.3999999999999,876.540759493671,820.3999999999999,820.3999999999999
445,Stable,81.0,25.0,32.0,6.0,EDGE,EDGE,710.4,745.2725925925927,710.4,710.4
446,Stable,77.0,25.0,35.0,6.0,EDGE,EDGE,732.0,776.7766233766233,732.0,732.0
447,Stable,83.0,22.0,22.0,7.0,EDGE,EDGE,744.8000000000001,842.8587951807228,744.8000000000001,744.8000000000001
448,Stable,76.0,24.0,39.0,3.0,EDGE,EDGE,380.4,404.4694736842105,380.4,380.4
449,Stable,83.0,22.0,30.0,2.0,EDGE,EDGE,232.0,257.1710843373494,232.0,232.0
450,Stable,76.0,23.0,29.0,5.0,EDGE,EDGE,574.0,655.1157894736841,574.0,574.0
451,Stable,82.0,24.0,25.0,8.0,EDGE,EDGE,880.0,972.4878048780488,880.0,880.0
452,Stable,80.0,25.0,21.0,6.0,EDGE,EDGE,631.1999999999999,750.04,631.1999999999999,631.1999999999999
453,Stable,84.0,24.0,28.0,1.0,EDGE,EDGE,113.6,140.35809523809522,113.6,113.6
454,Stable,76.0,24.0,31.0,9.0,EDGE,EDGE,1054.8,1162.5284210526315,1054.8,1054.8
455,Stable,85.0,20.0,20.0,3.0,EDGE,EDGE,312.0,364.7529411764706,312.0,312.0
456,Stable,84.0,25.0,21.0,3.0,EDGE,EDGE,315.59999999999997,373.2342857142857,315.59999999999997,315.59999999999997
457,Stable,76.0,21.0,40.0,6.0,EDGE,EDGE,768.0,782.1789473684211,768.0,768.0
458,Stable,80.0,24.0,38.0,1.0,EDGE,EDGE,125.60000000000001,145.52,125.60000000000001,125.60000000000001
459,Stable,84.0,20.0,34.0,6.0,EDGE,EDGE,724.8,719.5885714285714,724.8,724.8
460,Stable,80.0,25.0,22.0,10.0,EDGE,EDGE,1064.0,1233.8,1064.0,1064.0
461,Stable,77.0,23.0,32.0,6.0,EDGE,EDGE,710.4,774.0566233766233,710.4,710.4
462,Stable,85.0,22.0,27.0,2.0,EDGE,EDGE,224.8,252.39529411764704,224.8,224.8
463,Stable,75.0,20.0,35.0,9.0,EDGE,EDGE,1098.0,1172.6,1098.0,1098.0
464,Stable,81.0,19.0,28.0,5.0,EDGE,EDGE,568.0,618.4271604938272,568.0,568.0
465,Stable,82.0,21.0,39.0,5.0,EDGE,EDGE,634.0,616.6048780487805,634.0,634.0
466,Stable,82.0,21.0,23.0,3.0,EDGE,EDGE,322.8,376.4429268292683,322.8,322.8
467,Stable,76.0,25.0,25.0,8.0,EDGE,EDGE,880.0,1035.1052631578946,880.0,880.0
468,Stable,76.0,23.0,31.0,2.0,EDGE,EDGE,234.39999999999998,276.00631578947366,234.39999999999998,234.39999999999998
469,Stable,83.0,22.0,29.0,3.0,EDGE,EDGE,344.40000000000003,374.63662650602413,344.40000000000003,344.40000000000003
470,Stable,85.0,20.0,31.0,9.0,EDGE,EDGE,1054.8,1058.2188235294118,1054.8,1054.8
471,Stable,78.0,19.0,26.0,3.0,EDGE,EDGE,333.6,389.81230769230774,333.6,333.6
472,Stable,78.0,25.0,20.0,6.0,EDGE,EDGE,624.0,765.1846153846154,624.0,624.0
473,Stable,83.0,23.0,34.0,9.0,EDGE,EDGE,1087.2,1082.7098795180723,1087.2,1087.2
474,Stable,77.0,19.0,22.0,5.0,EDGE,EDGE,532.0,642.8805194805194,532.0,532.0
475,Stable,81.0,25.0,36.0,7.0,EDGE,EDGE,862.4,866.438024691358,862.4,862.4
476,Stable,81.0,19.0,24.0,6.0,EDGE,EDGE,652.8,737.3525925925926,652.8,652.8
477,Stable,85.0,19.0,34.0,8.0,EDGE,EDGE,966.4,942.8211764705882,966.4,966.4
478,Stable,85.0,23.0,24.0,9.0,EDGE,EDGE,979.1999999999999,1058.6988235294118,979.1999999999999,979.1999999999999
479,Stable,85.0,20.0,24.0,7.0,EDGE,EDGE,761.5999999999999,825.5435294117648,761.5999999999999,761.5999999999999
480,Stable,83.0,18.0,23.0,9.0,EDGE,EDGE,968.4,1073.7498795180722,968.4,968.4
481,Stable,77.0,22.0,25.0,3.0,EDGE,EDGE,330.0,396.68831168831167,330.0,330.0
482,Stable,80.0,21.0,31.0,9.0,EDGE,EDGE,1054.8,1112.16,1054.8,1054.8
483,Stable,79.0,19.0,28.0,4.0,EDGE,EDGE,454.4,508.5432911392405,454.4,454.4
484,Stable,85.0,22.0,24.0,5.0,EDGE,EDGE,544.0,597.3882352941176,544.0,544.0
485,Stable,84.0,19.0,36.0,3.0,EDGE,EDGE,369.6,369.0342857142857,369.6,369.6
486,Stable,84.0,20.0,25.0,10.0,EDGE,EDGE,1100.0,1182.3809523809523,1100.0,1100.0
487,Stable,84.0,23.0,38.0,1.0,EDGE,EDGE,125.60000000000001,139.75809523809522,125.60000000000001,125.60000000000001
488,Stable,75.0,19.0,21.0,10.0,EDGE,EDGE,1052.0,1294.0666666666668,1052.0,1052.0
489,Stable,79.0,21.0,38.0,7.0,EDGE,EDGE,879.2,880.5007594936709,879.2,879.2
490,Stable,84.0,18.0,35.0,9.0,EDGE,EDGE,1098.0,1067.7428571428572,1098.0,1098.0
491,Stable,79.0,22.0,35.0,4.0,EDGE,EDGE,488.0,512.6632911392405,488.0,488.0
492,Stable,85.0,24.0,29.0,8.0,EDGE,EDGE,918.4000000000001,946.2211764705881,918.4000000000001,918.4000000000001
493,Stable,76.0,18.0,25.0,8.0,EDGE,EDGE,880.0,1028.1052631578946,880.0,880.0
494,Stable,81.0,25.0,34.0,4.0,EDGE,EDGE,483.2,505.5017283950617,483.2,483.2
495,Stable,80.0,20.0,30.0,6.0,EDGE,EDGE,696.0,747.2,696.0,696.0
496,Stable,80.0,24.0,24.0,6.0,EDGE,EDGE,652.8,749.76,652.8,652.8
497,Stable,83.0,19.0,30.0,4.0,EDGE,EDGE,464.0,489.3421686746988,464.0,464.0
498,Stable,82.0,19.0,28.0,8.0,EDGE,EDGE,908.8,968.4478048780488,908.8,908.8
499,Stable,78.0,20.0,23.0,1.0,EDGE,EDGE,107.6,143.48410256410256,107.6,107.6
500,Stable,79.0,24.0,39.0,7.0,EDGE,EDGE,887.6,883.780759493671,887.6,887.6
501,Stable,78.0,20.0,30.0,10.0,EDGE,EDGE,1160.0,1257.6410256410256,1160.0,1160.0
502,Stable,80.0,21.0,25.0,8.0,EDGE,EDGE,880.0,989.0,880.0,880.0
503,Stable,83.0,25.0,35.0,5.0,EDGE,EDGE,610.0,613.9277108433735,610.0,610.0
504,Stable,82.0,18.0,22.0,7.0,EDGE,EDGE,744.8000000000001,847.0868292682927,744.8000000000001,744.8000000000001
505,Stable,83.0,25.0,27.0,4.0,EDGE,EDGE,449.6,494.8621686746988,449.6,449.6
506,Stable,84.0,23.0,21.0,1.0,EDGE,EDGE,105.19999999999999,139.07809523809522,105.19999999999999,105.19999999999999
507,Stable,79.0,25.0,39.0,8.0,EDGE,EDGE,1014.4,1007.606582278481,1014.4,1014.4
508,Stable,79.0,18.0,23.0,7.0,EDGE,EDGE,753.1999999999999,873.300759493671,753.1999999999999,753.1999999999999
509,Stable,77.0,22.0,31.0,7.0,EDGE,EDGE,820.3999999999999,897.9527272727273,820.3999999999999,820.3999999999999
510,Stable,80.0,18.0,32.0,1.0,EDGE,EDGE,118.4,139.28,118.4,118.4
511,Stable,84.0,21.0,31.0,9.0,EDGE,EDGE,1054.8,1069.3028571428572,1054.8,1054.8
512,Stable,79.0,19.0,32.0,9.0,EDGE,EDGE,1065.6,1121.912405063291,1065.6,1065.6
513,Stable,82.0,22.0,39.0,10.0,EDGE,EDGE,1268.0,1213.209756097561,1268.0,1268.0
514,Stable,76.0,20.0,23.0,7.0,EDGE,EDGE,753.1999999999999,903.2821052631577,753.1999999999999,753.1999999999999
515,Stable,80.0,23.0,37.0,6.0,EDGE,EDGE,746.4,751.88,746.4,746.4
516,Stable,77.0,21.0,39.0,9.0,EDGE,EDGE,1141.2,1150.104935064935,1141.2,1141.2
517,Stable,81.0,18.0,21.0,1.0,EDGE,EDGE,105.19999999999999,137.60543209876542,105.19999999999999,105.19999999999999
518,Stable,77.0,23.0,35.0,9.0,EDGE,EDGE,1098.0,1150.664935064935,1098.0,1098.0
519,Stable,82.0,20.0,39.0,9.0,EDGE,EDGE,1141.2,1092.0887804878048,1141.2,1141.2
520,Stable,77.0,23.0,39.0,6.0,EDGE,EDGE,760.8,775.7366233766234,760.8,760.8
521,Stable,77.0,24.0,39.0,5.0,EDGE,EDGE,634.0,651.2805194805194,634.0,634.0
522,Stable,84.0,23.0,36.0,9.0,EDGE,EDGE,1108.8,1073.1028571428571,1108.8,1108.8
523,Stable,83.0,25.0,38.0,5.0,EDGE,EDGE,628.0,614.5277108433735,628.0,628.0
524,Stable,82.0,18.0,31.0,6.0,EDGE,EDGE,703.1999999999999,730.8058536585366,703.1999999999999,703.1999999999999
525,Stable,85.0,19.0,33.0,10.0,EDGE,EDGE,1196.0,1173.3764705882352,1196.0,1196.0
526,Stable,79.0,18.0,39.0,8.0,EDGE,EDGE,1014.4,1000.606582278481,1014.4,1014.4
527,Stable,79.0,21.0,21.0,10.0,EDGE,EDGE,1052.0,1242.0582278481015,1052.0,1052.0
528,Stable,82.0,20.0,36.0,10.0,EDGE,EDGE,1232.0,1210.009756097561,1232.0,1232.0
529,Stable,81.0,20.0,27.0,1.0,EDGE,EDGE,112.4,139.84543209876543,112.4,112.4
530,Stable,84.0,19.0,26.0,1.0,EDGE,EDGE,111.20000000000002,135.27809523809523,111.20000000000002,111.20000000000002
531,Stable,82.0,23.0,33.0,3.0,EDGE,EDGE,358.8,379.6429268292683,358.8,358.8
532,Stable,81.0,21.0,33.0,9.0,EDGE,EDGE,1076.4,1101.7688888888888,1076.4,1076.4
533,Stable,84.0,25.0,21.0,3.0,EDGE,EDGE,315.59999999999997,373.2342857142857,315.59999999999997,315.59999999999997
534,Stable,83.0,21.0,37.0,6.0,EDGE,EDGE,746.4,728.1932530120482,746.4,746.4
535,Stable,85.0,25.0,36.0,7.0,EDGE,EDGE,862.4,833.9035294117648,862.4,862.4
536,Stable,80.0,20.0,34.0,9.0,EDGE,EDGE,1087.2,1112.24,1087.2,1087.2
537,Stable,80.0,23.0,40.0,5.0,EDGE,EDGE,640.0,631.0,640.0,640.0
538,Stable,84.0,25.0,26.0,4.0,EDGE,EDGE,444.80000000000007,490.11238095238093,444.80000000000007,444.80000000000007
539,Stable,79.0,22.0,27.0,5.0,EDGE,EDGE,562.0,633.7291139240507,562.0,562.0
540,Stable,79.0,21.0,35.0,6.0,EDGE,EDGE,732.0,756.9949367088608,732.0,732.0
541,Stable,82.0,23.0,37.0,5.0,EDGE,EDGE,622.0,618.2048780487805,622.0,622.0
542,Stable,79.0,19.0,38.0,9.0,EDGE,EDGE,1130.4,1124.0724050632912,1130.4,1130.4
543,Stable,81.0,24.0,31.0,3.0,EDGE,EDGE,351.59999999999997,384.01629629629633,351.59999999999997,351.59999999999997
544,Stable,79.0,18.0,29.0,2.0,EDGE,EDGE,229.60000000000002,262.85164556962025,229.60000000000002,229.60000000000002
545,Stable,80.0,25.0,40.0,5.0,EDGE,EDGE,640.0,633.0,640.0,640.0
546,Stable,82.0,21.0,26.0,9.0,EDGE,EDGE,1000.8000000000001,1088.408780487805,1000.8000000000001,1000.8000000000001
547,Stable,79.0,22.0,24.0,2.0,EDGE,EDGE,217.59999999999997,266.45164556962027,217.59999999999997,217.59999999999997
548,Stable,84.0,21.0,27.0,1.0,EDGE,EDGE,112.4,137.31809523809522,112.4,112.4
549,Stable,85.0,21.0,40.0,4.0,EDGE,EDGE,512.0,483.8705882352941,512.0,512.0
550,Stable,75.0,19.0,33.0,6.0,EDGE,EDGE,717.6,786.92,717.6,717.6
551,Stable,82.0,19.0,24.0,1.0,EDGE,EDGE,108.79999999999998,137.5209756097561,108.79999999999998,108.79999999999998
552,Stable,83.0,20.0,33.0,8.0,EDGE,EDGE,956.8000000000001,961.6443373493976,956.8000000000001,956.8000000000001
553,Stable,82.0,21.0,29.0,6.0,EDGE,EDGE,688.8000000000001,733.3258536585366,688.8000000000001,688.8000000000001
554,Stable,79.0,18.0,22.0,10.0,EDGE,EDGE,1064.0,1239.4582278481014,1064.0,1064.0
555,Stable,78.0,18.0,25.0,7.0,EDGE,EDGE,770.0,882.9487179487179,770.0,770.0
556,Stable,77.0,18.0,32.0,8.0,EDGE,EDGE,947.2,1019.4088311688313,947.2,947.2
557,Stable,77.0,22.0,21.0,1.0,EDGE,EDGE,105.19999999999999,146.7361038961039,105.19999999999999,105.19999999999999
558,Stable,79.0,19.0,30.0,5.0,EDGE,EDGE,580.0,631.3291139240507,580.0,580.0
559,Stable,82.0,25.0,24.0,9.0,EDGE,EDGE,979.1999999999999,1091.688780487805,979.1999999999999,979.1999999999999
560,Stable,82.0,22.0,26.0,2.0,EDGE,EDGE,222.40000000000003,259.2019512195122,222.40000000000003,222.40000000000003
561,Stable,80.0,20.0,34.0,5.0,EDGE,EDGE,604.0,626.8,604.0,604.0
562,Stable,77.0,18.0,30.0,5.0,EDGE,EDGE,580.0,643.4805194805194,580.0,580.0
563,Stable,84.0,21.0,25.0,10.0,EDGE,EDGE,1100.0,1183.3809523809523,1100.0,1100.0
564,Stable,85.0,24.0,33.0,9.0,EDGE,EDGE,1076.4,1062.9388235294118,1076.4,1076.4
565,Stable,80.0,19.0,32.0,2.0,EDGE,EDGE,236.8,261.56,236.8,236.8
566,Stable,77.0,20.0,35.0,6.0,EDGE,EDGE,732.0,771.7766233766233,732.0,732.0
567,Stable,78.0,18.0,28.0,7.0,EDGE,EDGE,795.1999999999999,883.7887179487179,795.1999999999999,795.1999999999999
568,Stable,78.0,25.0,28.0,6.0,EDGE,EDGE,681.5999999999999,767.1046153846155,681.5999999999999,681.5999999999999
569,Stable,79.0,18.0,28.0,6.0,EDGE,EDGE,681.5999999999999,752.3149367088608,681.5999999999999,681.5999999999999
570,Stable,78.0,18.0,23.0,8.0,EDGE,EDGE,860.8,1005.8728205128205,860.8,860.8
571,Stable,79.0,20.0,32.0,9.0,EDGE,EDGE,1065.6,1122.912405063291,1065.6,1065.6
572,Stable,79.0,19.0,40.0,5.0,EDGE,EDGE,640.0,633.3291139240507,640.0,640.0
573,Stable,80.0,21.0,27.0,3.0,EDGE,EDGE,337.2,384.24,337.2,337.2
574,Stable,82.0,20.0,34.0,10.0,EDGE,EDGE,1208.0,1209.209756097561,1208.0,1208.0
575,Stable,80.0,24.0,37.0,8.0,EDGE,EDGE,995.1999999999999,995.84,995.1999999999999,995.1999999999999
576,Stable,83.0,21.0,27.0,10.0,EDGE,EDGE,1124.0,1195.655421686747,1124.0,1124.0
577,Stable,76.0,25.0,36.0,6.0,EDGE,EDGE,739.2,785.218947368421,739.2,739.2
578,Stable,76.0,19.0,21.0,9.0,EDGE,EDGE,946.8,1153.9284210526316,946.8,946.8
579,Stable,83.0,21.0,38.0,9.0,EDGE,EDGE,1130.4,1082.1498795180723,1130.4,1130.4
580,Stable,77.0,20.0,30.0,9.0,EDGE,EDGE,1044.0,1145.864935064935,1044.0,1044.0
581,Stable,82.0,19.0,26.0,10.0,EDGE,EDGE,1112.0,1205.009756097561,1112.0,1112.0
582,Stable,82.0,19.0,36.0,8.0,EDGE,EDGE,985.6,971.0078048780488,985.6,985.6
583,Stable,75.0,25.0,24.0,9.0,EDGE,EDGE,979.1999999999999,1173.64,979.1999999999999,979.1999999999999
584,Stable,81.0,25.0,38.0,1.0,EDGE,EDGE,125.60000000000001,145.28543209876543,125.60000000000001,125.60000000000001
585,Stable,83.0,25.0,29.0,1.0,EDGE,EDGE,114.80000000000001,142.5455421686747,114.80000000000001,114.80000000000001
586,Stable,81.0,22.0,20.0,4.0,EDGE,EDGE,416.0,500.2617283950617,416.0,416.0
587,Stable,84.0,19.0,21.0,7.0,EDGE,EDGE,736.4,831.5466666666666,736.4,736.4
588,Stable,80.0,19.0,37.0,1.0,EDGE,EDGE,124.39999999999999,140.48,124.39999999999999,124.39999999999999
589,Stable,76.0,25.0,21.0,5.0,EDGE,EDGE,526.0,655.5157894736842,526.0,526.0
590,Stable,81.0,20.0,24.0,7.0,EDGE,EDGE,761.5999999999999,858.078024691358,761.5999999999999,761.5999999999999
591,Stable,80.0,24.0,34.0,7.0,EDGE,EDGE,845.6,873.52,845.6,845.6
592,Stable,81.0,19.0,37.0,3.0,EDGE,EDGE,373.2,379.7362962962963,373.2,373.2
593,Stable,85.0,23.0,23.0,3.0,EDGE,EDGE,322.8,368.1129411764706,322.8,322.8
594,Stable,83.0,24.0,36.0,3.0,EDGE,EDGE,369.6,377.4766265060241,369.6,369.6
595,Stable,78.0,18.0,20.0,5.0,EDGE,EDGE,520.0,634.8205128205128,520.0,520.0
596,Stable,82.0,24.0,37.0,7.0,EDGE,EDGE,870.8,857.2868292682928,870.8,870.8
597,Stable,78.0,21.0,34.0,6.0,EDGE,EDGE,724.8,764.5446153846154,724.8,724.8
598,Stable,77.0,22.0,26.0,2.0,EDGE,EDGE,222.40000000000003,271.8722077922078,222.40000000000003,222.40000000000003
599,Stable,75.0,24.0,39.0,1.0,EDGE,EDGE,126.8,152.2266666666667,126.8,126.8
600,Stable,78.0,21.0,22.0,2.0,EDGE,EDGE,212.8,267.88820512820513,212.8,212.8
601,Stable,84.0,18.0,34.0,10.0,EDGE,EDGE,1208.0,1183.9809523809522,1208.0,1208.0
602,Stable,85.0,18.0,27.0,1.0,EDGE,EDGE,112.4,133.19764705882352,112.4,112.4
603,Stable,81.0,25.0,27.0,9.0,EDGE,EDGE,1011.6,1103.6088888888887,1011.6,1011.6
604,Stable,78.0,18.0,24.0,9.0,EDGE,EDGE,979.1999999999999,1129.7169230769232,979.1999999999999,979.1999999999999
605,Stable,79.0,21.0,38.0,6.0,EDGE,EDGE,753.6,757.7149367088608,753.6,753.6
606,Stable,84.0,23.0,27.0,5.0,EDGE,EDGE,562.0,604.5904761904761,562.0,562.0
607,Stable,77.0,21.0,33.0,5.0,EDGE,EDGE,598.0,647.0805194805195,598.0,598.0
608,Stable,79.0,18.0,37.0,10.0,EDGE,EDGE,1244.0,1245.4582278481014,1244.0,1244.0
609,Stable,77.0,24.0,37.0,8.0,EDGE,EDGE,995.1999999999999,1027.0088311688312,995.1999999999999,995.1999999999999
610,Stable,75.0,23.0,40.0,7.0,EDGE,EDGE,896.0,920.8666666666668,896.0,896.0
611,Stable,83.0,23.0,33.0,7.0,EDGE,EDGE,837.2,846.9387951807229,837.2,837.2
612,Stable,77.0,22.0,32.0,3.0,EDGE,EDGE,355.2,397.52831168831165,355.2,355.2
613,Stable,83.0,25.0,27.0,4.0,EDGE,EDGE,449.6,494.8621686746988,449.6,449.6
614,Stable,79.0,20.0,34.0,1.0,EDGE,EDGE,120.8,142.6258227848101,120.8,120.8
615,Stable,83.0,24.0,33.0,9.0,EDGE,EDGE,1076.4,1083.3498795180724,1076.4,1076.4
616,Stable,83.0,20.0,32.0,4.0,EDGE,EDGE,473.6,490.6621686746988,473.6,473.6
617,Stable,79.0,21.0,30.0,2.0,EDGE,EDGE,232.0,265.9316455696203,232.0,232.0
618,Stable,82.0,23.0,22.0,9.0,EDGE,EDGE,957.6,1088.968780487805,957.6,957.6
619,Stable,78.0,18.0,28.0,7.0,EDGE,EDGE,795.1999999999999,883.7887179487179,795.1999999999999,795.1999999999999
620,Stable,85.0,18.0,22.0,4.0,EDGE,EDGE,425.6,477.9905882352941,425.6,425.6
621,Stable,84.0,21.0,35.0,4.0,EDGE,EDGE,488.0,487.55238095238093,488.0,488.0
622,Stable,80.0,22.0,20.0,4.0,EDGE,EDGE,416.0,505.2,416.0,416.0
623,Stable,78.0,19.0,35.0,4.0,EDGE,EDGE,488.0,514.8564102564102,488.0,488.0
624,Stable,84.0,21.0,32.0,4.0,EDGE,EDGE,473.6,487.0723809523809,473.6,473.6
625,Stable,83.0,23.0,29.0,7.0,EDGE,EDGE,803.6,845.8187951807229,803.6,803.6
626,Stable,82.0,23.0,29.0,5.0,EDGE,EDGE,574.0,616.6048780487805,574.0,574.0
627,Stable,80.0,25.0,34.0,2.0,EDGE,EDGE,241.6,267.72,241.6,241.6
628,Stable,82.0,23.0,26.0,6.0,EDGE,EDGE,667.2,734.6058536585366,667.2,667.2
629,Stable,80.0,24.0,21.0,10.0,EDGE,EDGE,1052.0,1232.4,1052.0,1052.0
630,Stable,78.0,20.0,20.0,5.0,EDGE,EDGE,520.0,636.8205128205128,520.0,520.0
631,Stable,83.0,24.0,29.0,3.0,EDGE,EDGE,344.40000000000003,376.63662650602413,344.40000000000003,344.40000000000003
632,Stable,78.0,23.0,27.0,7.0,EDGE,EDGE,786.8000000000001,888.508717948718,786.8000000000001,786.8000000000001
633,Stable,84.0,21.0,35.0,9.0,EDGE,EDGE,1098.0,1070.7428571428572,1098.0,1098.0
634,Stable,85.0,23.0,28.0,8.0,EDGE,EDGE,908.8,944.9011764705882,908.8,908.8
635,Stable,85.0,25.0,34.0,3.0,EDGE,EDGE,362.4,371.4329411764706,362.4,362.4
636,Stable,80.0,20.0,24.0,9.0,EDGE,EDGE,979.1999999999999,1108.64,979.1999999999999,979.1999999999999
637,Stable,82.0,20.0,37.0,1.0,EDGE,EDGE,124.39999999999999,139.0409756097561,124.39999999999999,124.39999999999999
638,Stable,83.0,18.0,22.0,1.0,EDGE,EDGE,106.4,135.2655421686747,106.4,106.4
639,Stable,75.0,24.0,24.0,4.0,EDGE,EDGE,435.19999999999993,534.5066666666667,435.19999999999993,435.19999999999993
640,Stable,76.0,20.0,20.0,4.0,EDGE,EDGE,416.0,524.2526315789473,416.0,416.0
641,Stable,83.0,25.0,31.0,1.0,EDGE,EDGE,117.19999999999999,142.6255421686747,117.19999999999999,117.19999999999999
642,Stable,84.0,25.0,35.0,1.0,EDGE,EDGE,122.0,141.63809523809522,122.0,122.0
643,Stable,75.0,24.0,20.0,1.0,EDGE,EDGE,104.0,151.4666666666667,104.0,104.0
644,Stable,83.0,22.0,37.0,5.0,EDGE,EDGE,622.0,611.3277108433736,622.0,622.0
645,Stable,75.0,24.0,25.0,2.0,EDGE,EDGE,220.0,279.33333333333337,220.0,220.0
646,Stable,76.0,20.0,27.0,4.0,EDGE,EDGE,449.6,525.3726315789473,449.6,449.6
647,Stable,84.0,22.0,31.0,5.0,EDGE,EDGE,586.0,604.3904761904762,586.0,586.0
648,Stable,81.0,19.0,31.0,7.0,EDGE,EDGE,820.3999999999999,859.038024691358,820.3999999999999,820.3999999999999
649,Stable,82.0,21.0,27.0,5.0,EDGE,EDGE,562.0,614.2048780487805,562.0,562.0
650,Stable,85.0,19.0,40.0,1.0,EDGE,EDGE,128.0,134.71764705882353,128.0,128.0
651,Stable,76.0,24.0,32.0,7.0,EDGE,EDGE,828.8,909.8021052631578,828.8,828.8
652,Stable,83.0,25.0,21.0,1.0,EDGE,EDGE,105.19999999999999,142.2255421686747,105.19999999999999,105.19999999999999
653,Stable,77.0,19.0,35.0,7.0,EDGE,EDGE,854.0,896.0727272727272,854.0,854.0
654,Stable,85.0,23.0,38.0,2.0,EDGE,EDGE,251.20000000000002,254.27529411764704,251.20000000000002,251.20000000000002
655,Stable,83.0,18.0,27.0,4.0,EDGE,EDGE,449.6,487.8621686746988,449.6,449.6
656,Stable,84.0,25.0,28.0,1.0,EDGE,EDGE,113.6,141.35809523809522,113.6,113.6
657,Stable,76.0,22.0,37.0,10.0,EDGE,EDGE,1244.0,1289.4315789473683,1244.0,1244.0
658,Stable,85.0,18.0,25.0,6.0,EDGE,EDGE,660.0,708.7058823529412,660.0,660.0
659,Stable,75.0,21.0,38.0,3.0,EDGE,EDGE,376.8,405.56,376.8,376.8
660,Stable,81.0,19.0,29.0,3.0,EDGE,EDGE,344.40000000000003,378.7762962962963,344.40000000000003,344.40000000000003
661,Stable,84.0,21.0,38.0,7.0,EDGE,EDGE,879.2,838.3066666666666,879.2,879.2
662,Stable,85.0,23.0,32.0,3.0,EDGE,EDGE,355.2,369.19294117647064,355.2,355.2
663,Stable,76.0,23.0,21.0,2.0,EDGE,EDGE,210.39999999999998,275.20631578947365,210.39999999999998,210.39999999999998
664,Stable,81.0,21.0,22.0,6.0,EDGE,EDGE,638.4000000000001,738.8725925925926,638.4000000000001,638.4000000000001
665,Stable,84.0,24.0,30.0,1.0,EDGE,EDGE,116.0,140.43809523809523,116.0,116.0
666,Stable,85.0,22.0,34.0,8.0,EDGE,EDGE,966.4,945.8211764705882,966.4,966.4
667,Stable,78.0,23.0,37.0,7.0,EDGE,EDGE,870.8,891.3087179487179,870.8,870.8
668,Stable,81.0,20.0,38.0,7.0,EDGE,EDGE,879.2,861.998024691358,879.2,879.2
669,Stable,76.0,22.0,27.0,2.0,EDGE,EDGE,224.8,274.68631578947367,224.8,224.8
670,Stable,76.0,22.0,24.0,7.0,EDGE,EDGE,761.5999999999999,905.5621052631578,761.5999999999999,761.5999999999999
671,Stable,85.0,20.0,32.0,6.0,EDGE,EDGE,710.4,712.3858823529413,710.4,710.4
672,Stable,80.0,19.0,22.0,1.0,EDGE,EDGE,106.4,139.88,106.4,106.4
673,Stable,79.0,25.0,31.0,5.0,EDGE,EDGE,586.0,637.5291139240508,586.0,586.0
674,Stable,76.0,20.0,22.0,3.0,EDGE,EDGE,319.20000000000005,398.4294736842105,319.20000000000005,319.20000000000005
675,Stable,81.0,25.0,37.0,9.0,EDGE,EDGE,1119.6,1107.2088888888889,1119.6,1119.6
676,Stable,83.0,24.0,23.0,1.0,EDGE,EDGE,107.6,141.30554216867472,107.6,107.6
677,Stable,76.0,23.0,37.0,2.0,EDGE,EDGE,248.79999999999998,276.4863157894737,248.79999999999998,248.79999999999998
678,Stable,84.0,23.0,32.0,1.0,EDGE,EDGE,118.4,139.5180952380952,118.4,118.4
679,Stable,79.0,24.0,32.0,2.0,EDGE,EDGE,236.8,269.09164556962025,236.8,236.8
680,Stable,83.0,21.0,38.0,9.0,EDGE,EDGE,1130.4,1082.1498795180723,1130.4,1130.4
681,Stable,77.0,24.0,25.0,3.0,EDGE,EDGE,330.0,398.68831168831167,330.0,330.0
682,Stable,79.0,22.0,28.0,8.0,EDGE,EDGE,908.8,1001.086582278481,908.8,908.8
683,Stable,77.0,19.0,25.0,7.0,EDGE,EDGE,770.0,893.2727272727273,770.0,770.0
684,Stable,79.0,24.0,29.0,8.0,EDGE,EDGE,918.4000000000001,1003.406582278481,918.4000000000001,918.4000000000001
685,Stable,76.0,23.0,28.0,4.0,EDGE,EDGE,454.4,528.5326315789473,454.4,454.4
686,Stable,85.0,25.0,39.0,10.0,EDGE,EDGE,1268.0,1181.7764705882353,1268.0,1268.0
687,Stable,78.0,25.0,23.0,3.0,EDGE,EDGE,322.8,395.4523076923077,322.8,322.8
688,Stable,79.0,18.0,32.0,6.0,EDGE,EDGE,710.4,753.2749367088609,710.4,710.4
689,Stable,84.0,24.0,30.0,8.0,EDGE,EDGE,928.0,955.5047619047618,928.0,928.0
690,Stable,80.0,24.0,40.0,10.0,EDGE,EDGE,1280.0,1240.0,1280.0,1280.0
691,Stable,77.0,22.0,30.0,10.0,EDGE,EDGE,1160.0,1272.9610389610389,1160.0,1160.0
692,Stable,78.0,25.0,30.0,3.0,EDGE,EDGE,348.0,396.29230769230776,348.0,348.0
693,Stable,81.0,23.0,29.0,8.0,EDGE,EDGE,918.4000000000001,982.4034567901234,918.4000000000001,918.4000000000001
694,Stable,84.0,21.0,30.0,7.0,EDGE,EDGE,812.0,836.0666666666666,812.0,812.0
695,Stable,79.0,24.0,31.0,2.0,EDGE,EDGE,234.39999999999998,269.01164556962027,234.39999999999998,234.39999999999998
696,Stable,84.0,21.0,38.0,9.0,EDGE,EDGE,1130.4,1071.8228571428572,1130.4,1130.4
697,Stable,77.0,18.0,34.0,4.0,EDGE,EDGE,483.2,519.0244155844157,483.2,483.2
698,Stable,82.0,22.0,22.0,7.0,EDGE,EDGE,744.8000000000001,851.0868292682927,744.8000000000001,744.8000000000001
699,Stable,85.0,25.0,24.0,5.0,EDGE,EDGE,544.0,600.3882352941176,544.0,544.0
700,Stable,78.0,22.0,24.0,7.0,EDGE,EDGE,761.5999999999999,886.6687179487179,761.5999999999999,761.5999999999999
701,Stable,81.0,19.0,34.0,10.0,EDGE,EDGE,1208.0,1220.2543209876544,1208.0,1208.0
702,Stable,82.0,24.0,37.0,9.0,EDGE,EDGE,1119.6,1095.3687804878048,1119.6,1119.6
703,Stable,81.0,18.0,31.0,9.0,EDGE,EDGE,1054.8,1098.0488888888888,1054.8,1054.8
704,Stable,84.0,19.0,23.0,4.0,EDGE,EDGE,430.4,483.6323809523809,430.4,430.4
705,Stable,85.0,23.0,25.0,10.0,EDGE,EDGE,1100.0,1174.1764705882351,1100.0,1100.0
706,Stable,75.0,24.0,30.0,7.0,EDGE,EDGE,812.0,919.0666666666667,812.0,812.0
707,Stable,76.0,18.0,23.0,5.0,EDGE,EDGE,538.0,648.9157894736842,538.0,538.0
708,Stable,78.0,21.0,34.0,6.0,EDGE,EDGE,724.8,764.5446153846154,724.8,724.8
709,Stable,81.0,25.0,38.0,9.0,EDGE,EDGE,1130.4,1107.5688888888888,1130.4,1130.4
710,Stable,77.0,23.0,20.0,8.0,EDGE,EDGE,832.0,1020.5688311688313,832.0,832.0
711,Stable,76.0,22.0,33.0,2.0,EDGE,EDGE,239.20000000000002,275.1663157894737,239.20000000000002,239.20000000000002
712,Stable,76.0,20.0,31.0,5.0,EDGE,EDGE,586.0,652.5157894736842,586.0,586.0
713,Stable,80.0,25.0,26.0,9.0,EDGE,EDGE,1000.8000000000001,1114.3600000000001,1000.8000000000001,1000.8000000000001
714,Stable,82.0,23.0,35.0,2.0,EDGE,EDGE,244.0,260.9219512195122,244.0,244.0
715,Stable,82.0,25.0,30.0,2.0,EDGE,EDGE,232.0,262.5219512195122,232.0,232.0
716,Stable,79.0,18.0,23.0,1.0,EDGE,EDGE,107.6,140.1858227848101,107.6,107.6
717,Stable,80.0,19.0,25.0,4.0,EDGE,EDGE,440.0,503.0,440.0,440.0
718,Stable,83.0,20.0,37.0,3.0,EDGE,EDGE,373.2,373.5966265060241,373.2,373.2
719,Stable,80.0,24.0,34.0,4.0,EDGE,EDGE,483.2,509.44,483.2,483.2
720,Stable,81.0,20.0,25.0,7.0,EDGE,EDGE,770.0,858.358024691358,770.0,770.0
721,Stable,81.0,18.0,39.0,4.0,EDGE,EDGE,507.2,499.30172839506173,507.2,507.2
722,Stable,82.0,24.0,32.0,1.0,EDGE,EDGE,118.4,142.8409756097561,118.4,118.4
723,Stable,78.0,21.0,28.0,2.0,EDGE,EDGE,227.2,268.3682051282051,227.2,227.2
724,Stable,84.0,19.0,37.0,3.0,EDGE,EDGE,373.2,369.1542857142857,373.2,373.2
725,Stable,80.0,23.0,26.0,8.0,EDGE,EDGE,889.6000000000001,991.3199999999999,889.6000000000001,889.6000000000001
726,Stable,76.0,22.0,35.0,9.0,EDGE,EDGE,1098.0,1161.9684210526316,1098.0,1098.0
727,Stable,85.0,23.0,39.0,7.0,EDGE,EDGE,887.6,832.7435294117647,887.6,887.6
728,Stable,84.0,24.0,38.0,2.0,EDGE,EDGE,251.20000000000002,257.51619047619045,251.20000000000002,251.20000000000002
729,Stable,80.0,23.0,34.0,10.0,EDGE,EDGE,1208.0,1236.6,1208.0,1208.0
730,Stable,77.0,22.0,39.0,10.0,EDGE,EDGE,1268.0,1276.5610389610388,1268.0,1268.0
731,Stable,76.0,20.0,30.0,2.0,EDGE,EDGE,232.0,272.9263157894737,232.0,232.0
732,Stable,78.0,22.0,23.0,3.0,EDGE,EDGE,322.8,392.4523076923077,322.8,322.8
733,Stable,80.0,20.0,36.0,7.0,EDGE,EDGE,862.4,870.08,862.4,862.4
734,Stable,81.0,20.0,38.0,7.0,EDGE,EDGE,879.2,861.998024691358,879.2,879.2
735,Stable,81.0,20.0,35.0,9.0,EDGE,EDGE,1098.0,1101.4888888888888,1098.0,1098.0
736,Stable,85.0,20.0,37.0,3.0,EDGE,EDGE,373.2,366.7929411764706,373.2,373.2
737,Stable,82.0,22.0,24.0,3.0,EDGE,EDGE,326.4,377.5629268292683,326.4,326.4
738,Stable,80.0,25.0,39.0,1.0,EDGE,EDGE,126.8,146.56,126.8,126.8
739,Stable,80.0,18.0,35.0,3.0,EDGE,EDGE,366.0,382.2,366.0,366.0
740,Stable,78.0,24.0,37.0,9.0,EDGE,EDGE,1119.6,1140.396923076923,1119.6,1119.6
741,Stable,85.0,25.0,33.0,8.0,EDGE,EDGE,956.8000000000001,948.5011764705882,956.8000000000001,956.8000000000001
742,Stable,81.0,25.0,35.0,3.0,EDGE,EDGE,366.0,385.4962962962963,366.0,366.0
743,Stable,76.0,18.0,27.0,5.0,EDGE,EDGE,562.0,649.7157894736841,562.0,562.0
744,Stable,75.0,22.0,27.0,9.0,EDGE,EDGE,1011.6,1171.72,1011.6,1011.6
745,Stable,79.0,20.0,34.0,10.0,EDGE,EDGE,1208.0,1246.2582278481013,1208.0,1208.0
746,Stable,82.0,19.0,38.0,2.0,EDGE,EDGE,251.20000000000002,257.1619512195122,251.20000000000002,251.20000000000002
747,Stable,79.0,23.0,37.0,1.0,EDGE,EDGE,124.39999999999999,145.74582278481012,124.39999999999999,124.39999999999999
748,Stable,82.0,21.0,33.0,2.0,EDGE,EDGE,239.20000000000002,258.7619512195122,239.20000000000002,239.20000000000002
749,Stable,85.0,21.0,29.0,1.0,EDGE,EDGE,114.80000000000001,136.27764705882353,114.80000000000001,114.80000000000001
750,Stable,82.0,22.0,31.0,2.0,EDGE,EDGE,234.39999999999998,259.6019512195122,234.39999999999998,234.39999999999998
751,Stable,82.0,19.0,27.0,4.0,EDGE,EDGE,449.6,493.5639024390244,449.6,449.6
752,Stable,84.0,23.0,39.0,7.0,EDGE,EDGE,887.6,840.5866666666666,887.6,887.6
753,Stable,77.0,20.0,26.0,4.0,EDGE,EDGE,444.80000000000007,519.7444155844156,444.80000000000007,444.80000000000007
754,Stable,75.0,23.0,37.0,5.0,EDGE,EDGE,622.0,663.7333333333333,622.0,622.0
755,Stable,84.0,20.0,30.0,5.0,EDGE,EDGE,580.0,602.1904761904761,580.0,580.0
756,Stable,79.0,22.0,36.0,2.0,EDGE,EDGE,246.4,267.41164556962025,246.4,246.4
757,Stable,77.0,24.0,21.0,5.0,EDGE,EDGE,526.0,647.6805194805195,526.0,526.0
758,Stable,85.0,20.0,24.0,4.0,EDGE,EDGE,435.19999999999993,480.31058823529406,435.19999999999993,435.19999999999993
759,Stable,77.0,23.0,27.0,7.0,EDGE,EDGE,786.8000000000001,897.8327272727272,786.8000000000001,786.8000000000001
760,Stable,82.0,20.0,38.0,5.0,EDGE,EDGE,628.0,615.4048780487805,628.0,628.0
761,Stable,85.0,24.0,32.0,8.0,EDGE,EDGE,947.2,947.1811764705882,947.2,947.2
762,Stable,76.0,19.0,32.0,9.0,EDGE,EDGE,1065.6,1157.8884210526317,1065.6,1065.6
763,Stable,79.0,23.0,34.0,8.0,EDGE,EDGE,966.4,1004.006582278481,966.4,966.4
764,Stable,80.0,18.0,22.0,8.0,EDGE,EDGE,851.2,985.04,851.2,851.2
765,Stable,85.0,23.0,22.0,9.0,EDGE,EDGE,957.6,1057.9788235294118,957.6,957.6
766,Stable,81.0,21.0,33.0,4.0,EDGE,EDGE,478.40000000000003,501.34172839506175,478.40000000000003,478.40000000000003
767,Stable,82.0,22.0,30.0,5.0,EDGE,EDGE,580.0,615.8048780487804,580.0,580.0
768,Stable,80.0,20.0,38.0,8.0,EDGE,EDGE,1004.8000000000001,992.1600000000001,1004.8000000000001,1004.8000000000001
769,Stable,80.0,18.0,21.0,2.0,EDGE,EDGE,210.39999999999998,259.68,210.39999999999998,210.39999999999998
770,Stable,85.0,25.0,20.0,2.0,EDGE,EDGE,208.0,254.83529411764704,208.0,208.0
771,Stable,77.0,25.0,34.0,1.0,EDGE,EDGE,120.8,150.25610389610392,120.8,120.8
772,Stable,81.0,21.0,24.0,5.0,EDGE,EDGE,544.0,619.6271604938272,544.0,544.0
773,Stable,77.0,22.0,22.0,6.0,EDGE,EDGE,638.4000000000001,770.6566233766233,638.4000000000001,638.4000000000001
774,Stable,79.0,19.0,31.0,3.0,EDGE,EDGE,351.59999999999997,386.51746835443043,351.59999999999997,351.59999999999997
775,Stable,75.0,24.0,40.0,5.0,EDGE,EDGE,640.0,665.3333333333334,640.0,640.0
776,Stable,78.0,24.0,40.0,2.0,EDGE,EDGE,256.0,272.3282051282051,256.0,256.0
777,Stable,76.0,18.0,26.0,8.0,EDGE,EDGE,889.6000000000001,1028.4252631578947,889.6000000000001,889.6000000000001
778,Stable,76.0,20.0,38.0,4.0,EDGE,EDGE,502.40000000000003,527.1326315789473,502.40000000000003,502.40000000000003
779,Stable,83.0,25.0,20.0,1.0,EDGE,EDGE,104.0,142.18554216867471,104.0,104.0
780,Stable,80.0,19.0,33.0,3.0,EDGE,EDGE,358.8,382.96,358.8,358.8
781,Stable,82.0,19.0,27.0,7.0,EDGE,EDGE,786.8000000000001,849.4868292682927,786.8000000000001,786.8000000000001
782,Stable,76.0,19.0,23.0,6.0,EDGE,EDGE,645.6,776.098947368421,645.6,645.6
783,Stable,80.0,22.0,24.0,7.0,EDGE,EDGE,761.5999999999999,868.72,761.5999999999999,761.5999999999999
784,Stable,77.0,20.0,22.0,9.0,EDGE,EDGE,957.6,1142.9849350649351,957.6,957.6
785,Stable,84.0,18.0,39.0,3.0,EDGE,EDGE,380.4,368.39428571428573,380.4,380.4
786,Stable,82.0,23.0,26.0,3.0,EDGE,EDGE,333.6,378.8029268292683,333.6,333.6
787,Stable,81.0,25.0,26.0,2.0,EDGE,EDGE,222.40000000000003,264.6108641975309,222.40000000000003,222.40000000000003
788,Stable,76.0,20.0,23.0,10.0,EDGE,EDGE,1076.0,1281.8315789473684,1076.0,1076.0
789,Stable,81.0,23.0,33.0,6.0,EDGE,EDGE,717.6,743.5125925925926,717.6,717.6
790,Stable,77.0,21.0,28.0,2.0,EDGE,EDGE,227.2,271.0322077922078,227.2,227.2
791,Stable,78.0,22.0,20.0,5.0,EDGE,EDGE,520.0,638.8205128205128,520.0,520.0
792,Stable,78.0,21.0,32.0,5.0,EDGE,EDGE,592.0,640.2205128205128,592.0,592.0
793,Stable,85.0,18.0,27.0,8.0,EDGE,EDGE,899.2,939.5811764705882,899.2,899.2
794,Stable,81.0,19.0,27.0,8.0,EDGE,EDGE,899.2,977.7634567901234,899.2,899.2
795,Stable,85.0,19.0,36.0,1.0,EDGE,EDGE,123.2,134.55764705882353,123.2,123.2
796,Stable,80.0,23.0,24.0,7.0,EDGE,EDGE,761.5999999999999,869.72,761.5999999999999,761.5999999999999
797,Stable,84.0,24.0,31.0,9.0,EDGE,EDGE,1054.8,1072.3028571428572,1054.8,1054.8
798,Stable,85.0,20.0,35.0,2.0,EDGE,EDGE,244.0,251.03529411764706,244.0,244.0
799,Stable,75.0,19.0,20.0,5.0,EDGE,EDGE,520.0,656.3333333333334,520.0,520.0
800,Stable,78.0,18.0,21.0,7.0,EDGE,EDGE,736.4,881.8287179487179,736.4,736.4
801,Stable,83.0,22.0,40.0,9.0,EDGE,EDGE,1152.0,1083.8698795180724,1152.0,1152.0
802,Stable,81.0,24.0,32.0,2.0,EDGE,EDGE,236.8,264.0908641975309,236.8,236.8
803,Stable,85.0,20.0,28.0,2.0,EDGE,EDGE,227.2,250.47529411764705,227.2,227.2
804,Stable,79.0,19.0,36.0,4.0,EDGE,EDGE,492.8,509.8232911392405,492.8,492.8
805,Stable,77.0,23.0,32.0,10.0,EDGE,EDGE,1184.0,1274.7610389610388,1184.0,1184.0
806,Stable,85.0,19.0,29.0,7.0,EDGE,EDGE,803.6,825.9435294117648,803.6,803.6
807,Stable,78.0,18.0,27.0,2.0,EDGE,EDGE,224.8,265.2882051282051,224.8,224.8
808,Stable,81.0,19.0,34.0,10.0,EDGE,EDGE,1208.0,1220.2543209876544,1208.0,1208.0
809,Stable,84.0,18.0,29.0,3.0,EDGE,EDGE,344.40000000000003,367.19428571428574,344.40000000000003,344.40000000000003
810,Stable,76.0,18.0,24.0,1.0,EDGE,EDGE,108.79999999999998,144.22315789473683,108.79999999999998,108.79999999999998
811,Stable,77.0,25.0,31.0,9.0,EDGE,EDGE,1054.8,1151.2249350649352,1054.8,1054.8
812,Stable,83.0,22.0,25.0,6.0,EDGE,EDGE,660.0,726.3132530120482,660.0,660.0
813,Stable,77.0,22.0,23.0,1.0,EDGE,EDGE,107.6,146.81610389610393,107.6,107.6
814,Stable,80.0,24.0,28.0,9.0,EDGE,EDGE,1022.4,1114.08,1022.4,1022.4
815,Stable,76.0,22.0,38.0,2.0,EDGE,EDGE,251.20000000000002,275.56631578947366,251.20000000000002,251.20000000000002
816,Stable,82.0,25.0,36.0,6.0,EDGE,EDGE,739.2,739.0058536585366,739.2,739.2
817,Stable,75.0,25.0,38.0,3.0,EDGE,EDGE,376.8,409.56,376.8,376.8
818,Stable,80.0,20.0,28.0,2.0,EDGE,EDGE,227.2,262.24,227.2,227.2
819,Stable,84.0,19.0,27.0,9.0,EDGE,EDGE,1011.6,1065.8628571428571,1011.6,1011.6
820,Stable,75.0,18.0,20.0,4.0,EDGE,EDGE,416.0,527.8666666666667,416.0,416.0
821,Stable,75.0,25.0,31.0,7.0,EDGE,EDGE,820.3999999999999,920.3466666666668,820.3999999999999,820.3999999999999
822,Stable,77.0,20.0,21.0,9.0,EDGE,EDGE,946.8,1142.624935064935,946.8,946.8
823,Stable,85.0,24.0,27.0,6.0,EDGE,EDGE,674.4,715.1858823529412,674.4,674.4
824,Stable,78.0,24.0,30.0,5.0,EDGE,EDGE,580.0,642.8205128205128,580.0,580.0
825,Stable,76.0,23.0,23.0,9.0,EDGE,EDGE,968.4,1158.6484210526316,968.4,968.4
826,Stable,85.0,18.0,25.0,4.0,EDGE,EDGE,440.0,478.4705882352941,440.0,440.0
827,Stable,83.0,18.0,32.0,2.0,EDGE,EDGE,236.8,253.3310843373494,236.8,236.8
828,Stable,82.0,22.0,29.0,6.0,EDGE,EDGE,688.8000000000001,734.3258536585366,688.8000000000001,688.8000000000001
829,Stable,76.0,25.0,20.0,6.0,EDGE,EDGE,624.0,781.378947368421,624.0,624.0
830,Stable,78.0,22.0,38.0,5.0,EDGE,EDGE,628.0,642.4205128205128,628.0,628.0
831,Stable,84.0,21.0,34.0,6.0,EDGE,EDGE,724.8,720.5885714285714,724.8,724.8
832,Stable,84.0,25.0,26.0,9.0,EDGE,EDGE,1000.8000000000001,1071.502857142857,1000.8000000000001,1000.8000000000001
833,Stable,78.0,20.0,20.0,7.0,EDGE,EDGE,728.0,883.5487179487179,728.0,728.0
834,Stable,75.0,21.0,37.0,6.0,EDGE,EDGE,746.4,789.88,746.4,746.4
835,Stable,85.0,18.0,30.0,1.0,EDGE,EDGE,116.0,133.31764705882352,116.0,116.0
836,Stable,85.0,24.0,29.0,2.0,EDGE,EDGE,229.60000000000002,254.55529411764704,229.60000000000002,229.60000000000002
837,Stable,78.0,21.0,33.0,8.0,EDGE,EDGE,956.8000000000001,1012.0728205128205,956.8000000000001,956.8000000000001
838,Stable,75.0,20.0,28.0,2.0,EDGE,EDGE,227.2,275.5733333333333,227.2,227.2
839,Stable,75.0,21.0,36.0,7.0,EDGE,EDGE,862.4,917.7466666666668,862.4,862.4
840,Stable,80.0,25.0,22.0,10.0,EDGE,EDGE,1064.0,1233.8,1064.0,1064.0
841,Stable,76.0,20.0,40.0,7.0,EDGE,EDGE,896.0,908.0421052631579,896.0,896.0
842,Stable,76.0,18.0,33.0,3.0,EDGE,EDGE,358.8,397.7494736842105,358.8,358.8
843,Stable,78.0,22.0,28.0,6.0,EDGE,EDGE,681.5999999999999,764.1046153846155,681.5999999999999,681.5999999999999
844,Stable,81.0,23.0,30.0,8.0,EDGE,EDGE,928.0,982.7234567901235,928.0,928.0
845,Stable,79.0,21.0,22.0,4.0,EDGE,EDGE,425.6,509.5832911392405,425.6,425.6
846,Stable,77.0,19.0,24.0,2.0,EDGE,EDGE,217.59999999999997,268.71220779220783,217.59999999999997,217.59999999999997
847,Stable,77.0,25.0,34.0,6.0,EDGE,EDGE,724.8,776.5366233766233,724.8,724.8
848,Stable,81.0,19.0,37.0,6.0,EDGE,EDGE,746.4,740.4725925925926,746.4,746.4
849,Stable,78.0,25.0,29.0,8.0,EDGE,EDGE,918.4000000000001,1014.7928205128204,918.4000000000001,918.4000000000001
850,Stable,79.0,19.0,22.0,3.0,EDGE,EDGE,319.20000000000005,385.4374683544304,319.20000000000005,319.20000000000005
851,Stable,85.0,22.0,39.0,1.0,EDGE,EDGE,126.8,137.67764705882354,126.8,126.8
852,Stable,78.0,23.0,24.0,2.0,EDGE,EDGE,217.59999999999997,270.0482051282051,217.59999999999997,217.59999999999997
853,Stable,78.0,23.0,32.0,9.0,EDGE,EDGE,1065.6,1137.596923076923,1065.6,1065.6
854,Stable,75.0,22.0,28.0,3.0,EDGE,EDGE,340.79999999999995,405.36,340.79999999999995,340.79999999999995
855,Stable,75.0,24.0,34.0,9.0,EDGE,EDGE,1087.2,1176.24,1087.2,1087.2
856,Stable,83.0,21.0,23.0,8.0,EDGE,EDGE,860.8,959.4443373493976,860.8,860.8
857,Stable,76.0,20.0,23.0,1.0,EDGE,EDGE,107.6,146.18315789473684,107.6,107.6
858,Stable,75.0,21.0,24.0,4.0,EDGE,EDGE,435.19999999999993,531.5066666666667,435.19999999999993,435.19999999999993
859,Stable,81.0,23.0,40.0,2.0,EDGE,EDGE,256.0,263.7308641975309,256.0,256.0
860,Stable,84.0,22.0,22.0,1.0,EDGE,EDGE,106.4,138.11809523809524,106.4,106.4
861,Stable,76.0,21.0,40.0,8.0,EDGE,EDGE,1024.0,1035.9052631578948,1024.0,1024.0
862,Stable,77.0,19.0,30.0,2.0,EDGE,EDGE,232.0,269.1922077922078,232.0,232.0
863,Stable,75.0,25.0,21.0,3.0,EDGE,EDGE,315.59999999999997,407.52,315.59999999999997,315.59999999999997
864,Stable,84.0,24.0,32.0,8.0,EDGE,EDGE,947.2,956.1447619047618,947.2,947.2
865,Stable,75.0,24.0,33.0,3.0,EDGE,EDGE,358.8,407.96,358.8,358.8
866,Stable,80.0,21.0,25.0,5.0,EDGE,EDGE,550.0,626.0,550.0,550.0
867,Stable,79.0,25.0,24.0,1.0,EDGE,EDGE,108.79999999999998,147.22582278481013,108.79999999999998,108.79999999999998
868,Stable,84.0,21.0,40.0,5.0,EDGE,EDGE,640.0,605.1904761904761,640.0,640.0
869,Stable,82.0,24.0,37.0,8.0,EDGE,EDGE,995.1999999999999,976.3278048780488,995.1999999999999,995.1999999999999
870,Stable,75.0,19.0,28.0,7.0,EDGE,EDGE,795.1999999999999,913.5066666666668,795.1999999999999,795.1999999999999
871,Stable,77.0,24.0,26.0,9.0,EDGE,EDGE,1000.8000000000001,1148.4249350649352,1000.8000000000001,1000.8000000000001
872,Stable,78.0,18.0,32.0,6.0,EDGE,EDGE,710.4,761.0646153846155,710.4,710.4
873,Stable,82.0,25.0,31.0,10.0,EDGE,EDGE,1172.0,1213.009756097561,1172.0,1172.0
874,Stable,83.0,23.0,32.0,5.0,EDGE,EDGE,592.0,611.3277108433736,592.0,592.0
875,Stable,77.0,18.0,30.0,10.0,EDGE,EDGE,1160.0,1268.9610389610389,1160.0,1160.0
876,Stable,78.0,18.0,28.0,1.0,EDGE,EDGE,113.6,141.68410256410255,113.6,113.6
877,Stable,82.0,23.0,38.0,4.0,EDGE,EDGE,502.40000000000003,499.32390243902444,502.40000000000003,502.40000000000003
878,Stable,77.0,19.0,27.0,4.0,EDGE,EDGE,449.6,518.9044155844157,449.6,449.6
879,Stable,79.0,18.0,27.0,10.0,EDGE,EDGE,1124.0,1241.4582278481014,1124.0,1124.0
880,Stable,81.0,23.0,25.0,3.0,EDGE,EDGE,330.0,382.2962962962963,330.0,330.0
881,Stable,78.0,23.0,31.0,10.0,EDGE,EDGE,1172.0,1261.0410256410257,1172.0,1172.0
882,Stable,75.0,23.0,38.0,10.0,EDGE,EDGE,1256.0,1304.8666666666668,1256.0,1256.0
883,Stable,77.0,21.0,35.0,9.0,EDGE,EDGE,1098.0,1148.664935064935,1098.0,1098.0
884,Stable,79.0,20.0,35.0,1.0,EDGE,EDGE,122.0,142.66582278481013,122.0,122.0
885,Stable,76.0,18.0,27.0,10.0,EDGE,EDGE,1124.0,1281.4315789473683,1124.0,1124.0
886,Stable,78.0,18.0,36.0,8.0,EDGE,EDGE,985.6,1010.0328205128204,985.6,985.6
887,Stable,75.0,23.0,39.0,4.0,EDGE,EDGE,507.2,535.9066666666668,507.2,507.2
888,Stable,77.0,23.0,25.0,6.0,EDGE,EDGE,660.0,772.3766233766233,660.0,660.0
889,Stable,75.0,18.0,24.0,10.0,EDGE,EDGE,1088.0,1294.2666666666669,1088.0,1088.0
890,Stable,77.0,19.0,36.0,6.0,EDGE,EDGE,739.2,771.0166233766233,739.2,739.2
891,Stable,76.0,23.0,32.0,10.0,EDGE,EDGE,1184.0,1288.4315789473683,1184.0,1184.0
892,Stable,76.0,23.0,29.0,6.0,EDGE,EDGE,688.8000000000001,781.5389473684211,688.8000000000001,688.8000000000001
893,Stable,77.0,20.0,33.0,8.0,EDGE,EDGE,956.8000000000001,1021.7288311688312,956.8000000000001,956.8000000000001
894,Stable,85.0,23.0,25.0,9.0,EDGE,EDGE,990.0,1059.0588235294117,990.0,990.0
895,Stable,84.0,23.0,27.0,10.0,EDGE,EDGE,1124.0,1186.1809523809522,1124.0,1124.0
896,Stable,77.0,24.0,29.0,5.0,EDGE,EDGE,574.0,649.2805194805194,574.0,574.0
897,Stable,77.0,20.0,20.0,10.0,EDGE,EDGE,1040.0,1266.9610389610389,1040.0,1040.0
898,Stable,81.0,18.0,25.0,10.0,EDGE,EDGE,1100.0,1215.6543209876543,1100.0,1100.0
899,Stable,80.0,21.0,40.0,10.0,EDGE,EDGE,1280.0,1237.0,1280.0,1280.0
900,Stable,76.0,25.0,24.0,6.0,EDGE,EDGE,652.8,782.338947368421,652.8,652.8
901,Stable,76.0,21.0,31.0,6.0,EDGE,EDGE,703.1999999999999,780.0189473684211,703.1999999999999,703.1999999999999
902,Stable,77.0,19.0,40.0,6.0,EDGE,EDGE,768.0,771.9766233766234,768.0,768.0
903,Stable,82.0,18.0,28.0,4.0,EDGE,EDGE,454.4,492.7239024390244,454.4,454.4
904,Stable,78.0,19.0,31.0,5.0,EDGE,EDGE,586.0,638.0205128205129,586.0,586.0
905,Stable,76.0,18.0,21.0,7.0,EDGE,EDGE,736.4,900.7221052631578,736.4,736.4
906,Stable,82.0,24.0,25.0,7.0,EDGE,EDGE,770.0,853.9268292682927,770.0,770.0
907,Stable,82.0,24.0,31.0,9.0,EDGE,EDGE,1054.8,1093.208780487805,1054.8,1054.8
908,Stable,81.0,19.0,35.0,10.0,EDGE,EDGE,1220.0,1220.6543209876543,1220.0,1220.0
909,Stable,85.0,21.0,25.0,8.0,EDGE,EDGE,880.0,941.9411764705882,880.0,880.0
910,Stable,76.0,18.0,29.0,1.0,EDGE,EDGE,114.80000000000001,144.42315789473685,114.80000000000001,114.80000000000001
911,Stable,80.0,22.0,23.0,2.0,EDGE,EDGE,215.2,263.84000000000003,215.2,215.2
912,Stable,80.0,20.0,32.0,3.0,EDGE,EDGE,355.2,383.84000000000003,355.2,355.2
913,Stable,76.0,19.0,30.0,10.0,EDGE,EDGE,1160.0,1283.6315789473683,1160.0,1160.0
914,Stable,84.0,25.0,20.0,7.0,EDGE,EDGE,728.0,837.2666666666667,728.0,728.0
915,Stable,85.0,20.0,39.0,7.0,EDGE,EDGE,887.6,829.7435294117647,887.6,887.6
916,Stable,77.0,18.0,23.0,6.0,EDGE,EDGE,645.6,766.8966233766233,645.6,645.6
917,Stable,78.0,21.0,33.0,9.0,EDGE,EDGE,1076.4,1135.9569230769232,1076.4,1076.4
918,Stable,83.0,22.0,29.0,5.0,EDGE,EDGE,574.0,609.7277108433735,574.0,574.0
919,Stable,78.0,19.0,21.0,7.0,EDGE,EDGE,736.4,882.8287179487179,736.4,736.4
920,Stable,84.0,25.0,24.0,1.0,EDGE,EDGE,108.79999999999998,141.19809523809522,108.79999999999998,108.79999999999998
921,Stable,80.0,18.0,33.0,2.0,EDGE,EDGE,239.20000000000002,260.64,239.20000000000002,239.20000000000002
922,Stable,79.0,25.0,26.0,2.0,EDGE,EDGE,222.40000000000003,269.61164556962024,222.40000000000003,222.40000000000003
923,Stable,75.0,21.0,25.0,5.0,EDGE,EDGE,550.0,659.3333333333334,550.0,550.0
924,Stable,76.0,25.0,23.0,5.0,EDGE,EDGE,538.0,655.9157894736842,538.0,538.0
925,Stable,81.0,25.0,35.0,5.0,EDGE,EDGE,610.0,625.8271604938271,610.0,610.0
926,Stable,76.0,24.0,25.0,6.0,EDGE,EDGE,660.0,781.578947368421,660.0,660.0
927,Stable,81.0,23.0,25.0,8.0,EDGE,EDGE,880.0,981.1234567901234,880.0,880.0
928,Stable,75.0,22.0,34.0,8.0,EDGE,EDGE,966.4,1046.2133333333334,966.4,966.4
929,Stable,79.0,21.0,28.0,10.0,EDGE,EDGE,1136.0,1244.8582278481015,1136.0,1136.0
930,Stable,75.0,20.0,23.0,2.0,EDGE,EDGE,215.2,275.17333333333335,215.2,215.2
931,Stable,85.0,23.0,37.0,7.0,EDGE,EDGE,870.8,832.1835294117648,870.8,870.8
932,Stable,84.0,21.0,37.0,1.0,EDGE,EDGE,124.39999999999999,137.71809523809523,124.39999999999999,124.39999999999999
933,Stable,81.0,24.0,37.0,8.0,EDGE,EDGE,995.1999999999999,985.9634567901235,995.1999999999999,995.1999999999999
934,Stable,84.0,21.0,35.0,5.0,EDGE,EDGE,610.0,604.1904761904761,610.0,610.0
935,Stable,76.0,24.0,21.0,9.0,EDGE,EDGE,946.8,1158.9284210526316,946.8,946.8
936,Stable,84.0,20.0,23.0,8.0,EDGE,EDGE,860.8,949.2647619047618,860.8,860.8
937,Stable,77.0,20.0,26.0,4.0,EDGE,EDGE,444.80000000000007,519.7444155844156,444.80000000000007,444.80000000000007
938,Stable,77.0,18.0,33.0,2.0,EDGE,EDGE,239.20000000000002,268.4322077922078,239.20000000000002,239.20000000000002
939,Stable,85.0,24.0,26.0,3.0,EDGE,EDGE,333.6,369.4729411764706,333.6,333.6
940,Stable,84.0,22.0,30.0,2.0,EDGE,EDGE,232.0,254.87619047619046,232.0,232.0
941,Stable,76.0,24.0,37.0,7.0,EDGE,EDGE,870.8,911.2021052631578,870.8,870.8
942,Stable,83.0,23.0,28.0,9.0,EDGE,EDGE,1022.4,1080.5498795180722,1022.4,1022.4
943,Stable,82.0,18.0,39.0,10.0,EDGE,EDGE,1268.0,1209.209756097561,1268.0,1268.0
944,Stable,83.0,24.0,23.0,7.0,EDGE,EDGE,753.1999999999999,845.1387951807228,753.1999999999999,753.1999999999999
945,Stable,77.0,20.0,38.0,10.0,EDGE,EDGE,1256.0,1274.161038961039,1256.0,1256.0
946,Stable,84.0,19.0,23.0,10.0,EDGE,EDGE,1076.0,1180.5809523809523,1076.0,1076.0
947,Stable,76.0,22.0,37.0,6.0,EDGE,EDGE,746.4,782.458947368421,746.4,746.4
948,Stable,81.0,22.0,32.0,8.0,EDGE,EDGE,947.2,982.3634567901235,947.2,947.2
949,Stable,84.0,25.0,21.0,3.0,EDGE,EDGE,315.59999999999997,373.2342857142857,315.59999999999997,315.59999999999997
950,Stable,79.0,24.0,24.0,10.0,EDGE,EDGE,1088.0,1246.2582278481013,1088.0,1088.0
951,Stable,84.0,24.0,21.0,7.0,EDGE,EDGE,736.4,836.5466666666666,736.4,736.4
952,Stable,80.0,21.0,21.0,8.0,EDGE,EDGE,841.5999999999999,987.72,841.5999999999999,841.5999999999999
953,Stable,79.0,23.0,20.0,6.0,EDGE,EDGE,624.0,755.3949367088608,624.0,624.0
954,Stable,79.0,22.0,28.0,8.0,EDGE,EDGE,908.8,1001.086582278481,908.8,908.8
955,Stable,85.0,19.0,27.0,3.0,EDGE,EDGE,337.2,364.5929411764706,337.2,337.2
956,Stable,79.0,25.0,30.0,5.0,EDGE,EDGE,580.0,637.3291139240507,580.0,580.0
957,Stable,81.0,19.0,26.0,8.0,EDGE,EDGE,889.6000000000001,977.4434567901235,889.6000000000001,889.6000000000001
958,Stable,78.0,24.0,35.0,9.0,EDGE,EDGE,1098.0,1139.6769230769232,1098.0,1098.0
959,Stable,80.0,18.0,36.0,3.0,EDGE,EDGE,369.6,382.32,369.6,369.6
960,Stable,76.0,22.0,36.0,7.0,EDGE,EDGE,862.4,908.9221052631578,862.4,862.4
961,Stable,77.0,18.0,25.0,4.0,EDGE,EDGE,440.0,517.5844155844156,440.0,440.0
962,Stable,78.0,18.0,27.0,1.0,EDGE,EDGE,112.4,141.64410256410255,112.4,112.4
963,Stable,82.0,18.0,31.0,4.0,EDGE,EDGE,468.79999999999995,493.20390243902443,468.79999999999995,468.79999999999995
964,Stable,79.0,23.0,34.0,9.0,EDGE,EDGE,1087.2,1126.6324050632911,1087.2,1087.2
965,Stable,81.0,19.0,20.0,4.0,EDGE,EDGE,416.0,497.2617283950617,416.0,416.0
966,Stable,80.0,25.0,39.0,8.0,EDGE,EDGE,1014.4,997.48,1014.4,1014.4
967,Stable,77.0,25.0,38.0,9.0,EDGE,EDGE,1130.4,1153.7449350649351,1130.4,1130.4
968,Stable,80.0,23.0,25.0,5.0,EDGE,EDGE,550.0,628.0,550.0,550.0
969,Stable,76.0,22.0,20.0,7.0,EDGE,EDGE,728.0,904.4421052631578,728.0,728.0
970,Stable,75.0,20.0,38.0,4.0,EDGE,EDGE,502.40000000000003,532.7466666666667,502.40000000000003,502.40000000000003
971,Stable,78.0,21.0,26.0,5.0,EDGE,EDGE,556.0,639.0205128205129,556.0,556.0
972,Stable,85.0,24.0,36.0,1.0,EDGE,EDGE,123.2,139.55764705882353,123.2,123.2
973,Stable,85.0,18.0,35.0,3.0,EDGE,EDGE,366.0,364.5529411764706,366.0,366.0
974,Stable,85.0,20.0,39.0,1.0,EDGE,EDGE,126.8,135.67764705882354,126.8,126.8
975,Stable,78.0,22.0,39.0,5.0,EDGE,EDGE,634.0,642.6205128205129,634.0,634.0
976,Stable,85.0,22.0,33.0,7.0,EDGE,EDGE,837.2,830.0635294117648,837.2,837.2
977,Stable,80.0,25.0,28.0,4.0,EDGE,EDGE,454.4,509.48,454.4,454.4
978,Stable,82.0,22.0,36.0,10.0,EDGE,EDGE,1232.0,1212.009756097561,1232.0,1232.0
979,Stable,81.0,19.0,20.0,9.0,EDGE,EDGE,936.0,1095.0888888888887,936.0,936.0
980,Stable,85.0,23.0,37.0,10.0,EDGE,EDGE,1244.0,1178.9764705882353,1244.0,1244.0
981,Stable,84.0,22.0,29.0,2.0,EDGE,EDGE,229.60000000000002,254.79619047619045,229.60000000000002,229.60000000000002
982,Stable,82.0,19.0,30.0,5.0,EDGE,EDGE,580.0,612.8048780487804,580.0,580.0
983,Stable,85.0,23.0,28.0,5.0,EDGE,EDGE,568.0,599.1882352941176,568.0,568.0
984,Stable,85.0,22.0,26.0,3.0,EDGE,EDGE,333.6,367.4729411764706,333.6,333.6
985,Stable,83.0,21.0,21.0,10.0,EDGE,EDGE,1052.0,1193.255421686747,1052.0,1052.0
986,Stable,81.0,23.0,24.0,1.0,EDGE,EDGE,108.79999999999998,142.72543209876542,108.79999999999998,108.79999999999998
987,Stable,85.0,25.0,29.0,5.0,EDGE,EDGE,574.0,601.3882352941176,574.0,574.0
988,Stable,81.0,24.0,32.0,1.0,EDGE,EDGE,118.4,144.04543209876545,118.4,118.4
989,Stable,84.0,21.0,30.0,4.0,EDGE,EDGE,464.0,486.7523809523809,464.0,464.0
990,Stable,85.0,25.0,31.0,9.0,EDGE,EDGE,1054.8,1063.2188235294118,1054.8,1054.8
991,Stable,79.0,20.0,37.0,3.0,EDGE,EDGE,373.2,388.2374683544304,373.2,373.2
992,Stable,79.0,19.0,35.0,3.0,EDGE,EDGE,366.0,386.9974683544304,366.0,366.0
993,Stable,79.0,20.0,30.0,2.0,EDGE,EDGE,232.0,264.9316455696203,232.0,232.0
994,Stable,78.0,23.0,27.0,5.0,EDGE,EDGE,562.0,641.2205128205128,562.0,562.0
995,Stable,81.0,23.0,31.0,5.0,EDGE,EDGE,586.0,623.0271604938272,586.0,586.0
996,Stable,84.0,22.0,34.0,2.0,EDGE,EDGE,241.6,255.19619047619045,241.6,241.6
997,Stable,82.0,18.0,40.0,10.0,EDGE,EDGE,1280.0,1209.6097560975609,1280.0,1280.0
998,Stable,84.0,19.0,35.0,4.0,EDGE,EDGE,488.0,485.55238095238093,488.0,488.0
999,Stable,83.0,19.0,32.0,9.0,EDGE,EDGE,1065.6,1077.9898795180723,1065.6,1065.6
1000,Stable,79.0,24.0,21.0,3.0,EDGE,EDGE,315.59999999999997,390.3174683544304,315.59999999999997,315.59999999999997
1001,Fluctuating,48.0,55.0,51.0,7.0,CLOUD,EDGE,988.4000000000001,1375.9466666666667,1375.9466666666667,988.4000000000001
1002,Fluctuating,76.0,88.0,39.0,6.0,EDGE,EDGE,760.8,848.938947368421,760.8,760.8
1003,Fluctuating,85.0,53.0,79.0,2.0,CLOUD,EDGE,349.6,287.555294117647,287.555294117647,349.6
1004,Fluctuating,71.0,72.0,70.0,3.0,EDGE,EDGE,491.99999999999994,478.42816901408446,491.99999999999994,491.99999999999994
1005,Fluctuating,60.0,37.0,30.0,8.0,EDGE,EDGE,928.0,1273.2666666666669,928.0,928.0
1006,Fluctuating,57.0,56.0,78.0,3.0,CLOUD,CLOUD,520.8,546.4126315789474,546.4126315789474,546.4126315789474
1007,Fluctuating,76.0,50.0,61.0,2.0,EDGE,EDGE,306.4,305.40631578947364,306.4,306.4
1008,Fluctuating,48.0,85.0,70.0,7.0,CLOUD,CLOUD,1148.0,1411.2666666666667,1411.2666666666667,1411.2666666666667
1009,Fluctuating,65.0,84.0,60.0,7.0,CLOUD,CLOUD,1064.0,1102.3384615384616,1102.3384615384616,1102.3384615384616
1010,Fluctuating,40.0,34.0,64.0,4.0,EDGE,EDGE,627.2,924.24,627.2,627.2
1011,Fluctuating,86.0,77.0,30.0,6.0,EDGE,EDGE,696.0,762.339534883721,696.0,696.0
1012,Fluctuating,88.0,97.0,42.0,1.0,EDGE,EDGE,130.39999999999998,209.5890909090909,130.39999999999998,130.39999999999998
1013,Fluctuating,83.0,30.0,70.0,4.0,EDGE,EDGE,656.0,506.7421686746988,656.0,656.0
1014,Fluctuating,54.0,74.0,49.0,3.0,EDGE,EDGE,416.4,584.3244444444443,416.4,416.4
1015,Fluctuating,46.0,79.0,62.0,10.0,CLOUD,CLOUD,1544.0,2042.9304347826087,2042.9304347826087,2042.9304347826087
1016,Fluctuating,59.0,51.0,34.0,1.0,EDGE,EDGE,120.8,207.95322033898304,120.8,120.8
1017,Fluctuating,59.0,67.0,59.0,9.0,CLOUD,CLOUD,1357.2,1488.5789830508475,1488.5789830508475,1488.5789830508475
1018,Fluctuating,78.0,97.0,51.0,7.0,CLOUD,CLOUD,988.4000000000001,969.2287179487179,969.2287179487179,969.2287179487179
1019,Fluctuating,83.0,47.0,51.0,8.0,CLOUD,CLOUD,1129.6000000000001,994.4043373493977,994.4043373493977,994.4043373493977
1020,Fluctuating,62.0,54.0,40.0,7.0,EDGE,EDGE,896.0,1108.425806451613,896.0,896.0
1021,Fluctuating,41.0,59.0,44.0,3.0,EDGE,EDGE,398.40000000000003,709.6458536585366,398.40000000000003,398.40000000000003
1022,Fluctuating,53.0,32.0,67.0,9.0,CLOUD,CLOUD,1443.6,1594.6105660377357,1594.6105660377357,1594.6105660377357
1023,Fluctuating,50.0,45.0,53.0,1.0,EDGE,EDGE,143.6,227.12,143.6,143.6
1024,Fluctuating,64.0,62.0,79.0,9.0,CLOUD,CLOUD,1573.2,1395.44,1395.44,1395.44
1025,Fluctuating,79.0,36.0,68.0,1.0,EDGE,EDGE,161.6,159.98582278481013,161.6,161.6
1026,Fluctuating,82.0,43.0,71.0,1.0,EDGE,CLOUD,165.2,163.4009756097561,165.2,163.4009756097561
1027,Fluctuating,43.0,44.0,56.0,8.0,CLOUD,CLOUD,1177.6000000000001,1710.2920930232558,1710.2920930232558,1710.2920930232558
1028,Fluctuating,64.0,45.0,65.0,5.0,EDGE,CLOUD,790.0,783.0,790.0,783.0
1029,Fluctuating,70.0,49.0,43.0,1.0,EDGE,EDGE,131.6,185.00571428571428,131.6,131.6
1030,Fluctuating,59.0,83.0,72.0,2.0,CLOUD,CLOUD,332.8,399.9464406779661,399.9464406779661,399.9464406779661
1031,Fluctuating,82.0,96.0,47.0,10.0,CLOUD,CLOUD,1364.0,1290.4097560975608,1290.4097560975608,1290.4097560975608
1032,Fluctuating,78.0,47.0,56.0,2.0,EDGE,EDGE,294.40000000000003,296.6082051282051,294.40000000000003,294.40000000000003
1033,Fluctuating,72.0,45.0,48.0,2.0,EDGE,EDGE,275.2,311.0622222222222,275.2,275.2
1034,Fluctuating,90.0,43.0,61.0,4.0,EDGE,EDGE,612.8,488.31555555555553,612.8,612.8
1035,Fluctuating,78.0,55.0,79.0,5.0,CLOUD,CLOUD,874.0,683.6205128205128,683.6205128205128,683.6205128205128
1036,Fluctuating,73.0,55.0,52.0,7.0,CLOUD,CLOUD,996.8000000000001,976.6832876712328,976.6832876712328,976.6832876712328
1037,Fluctuating,58.0,50.0,32.0,9.0,EDGE,CLOUD,1065.6,1482.8993103448277,1065.6,1482.8993103448277
1038,Fluctuating,71.0,56.0,74.0,8.0,CLOUD,CLOUD,1350.3999999999999,1141.0884507042254,1141.0884507042254,1141.0884507042254
1039,Fluctuating,61.0,60.0,30.0,1.0,EDGE,EDGE,116.0,212.34754098360656,116.0,116.0
1040,Fluctuating,82.0,41.0,37.0,10.0,EDGE,CLOUD,1244.0,1231.409756097561,1244.0,1231.409756097561
1041,Fluctuating,82.0,93.0,39.0,2.0,EDGE,EDGE,253.6,331.2419512195122,253.6,253.6
1042,Fluctuating,89.0,95.0,34.0,2.0,EDGE,EDGE,241.6,317.49528089887644,241.6,241.6
1043,Fluctuating,56.0,59.0,59.0,5.0,CLOUD,CLOUD,754.0,885.0857142857143,885.0857142857143,885.0857142857143
1044,Fluctuating,56.0,89.0,33.0,2.0,EDGE,EDGE,239.20000000000002,417.3542857142857,239.20000000000002,239.20000000000002
1045,Fluctuating,51.0,35.0,48.0,6.0,EDGE,EDGE,825.6,1107.6964705882353,825.6,825.6
1046,Fluctuating,83.0,70.0,57.0,2.0,EDGE,EDGE,296.8,307.3310843373494,296.8,296.8
1047,Fluctuating,46.0,35.0,30.0,3.0,EDGE,EDGE,348.0,620.3391304347826,348.0,348.0
1048,Fluctuating,82.0,51.0,51.0,6.0,CLOUD,CLOUD,847.2,768.6058536585366,768.6058536585366,768.6058536585366
1049,Fluctuating,68.0,64.0,76.0,2.0,CLOUD,CLOUD,342.40000000000003,345.37411764705877,345.37411764705877,345.37411764705877
1050,Fluctuating,63.0,73.0,41.0,2.0,EDGE,EDGE,258.4,370.24825396825395,258.4,258.4
1051,Fluctuating,65.0,81.0,59.0,5.0,CLOUD,CLOUD,754.0,808.1846153846154,808.1846153846154,808.1846153846154
1052,Fluctuating,64.0,91.0,56.0,3.0,EDGE,EDGE,441.6,532.72,441.6,441.6
1053,Fluctuating,47.0,46.0,74.0,1.0,EDGE,CLOUD,168.79999999999998,239.1727659574468,168.79999999999998,239.1727659574468
1054,Fluctuating,50.0,43.0,56.0,10.0,CLOUD,CLOUD,1472.0,1865.4,1865.4,1865.4
1055,Fluctuating,70.0,86.0,41.0,10.0,CLOUD,CLOUD,1292.0,1445.257142857143,1445.257142857143,1445.257142857143
1056,Fluctuating,64.0,75.0,69.0,1.0,EDGE,EDGE,162.8,222.76,162.8,162.8
1057,Fluctuating,83.0,46.0,60.0,8.0,CLOUD,CLOUD,1216.0,996.2843373493977,996.2843373493977,996.2843373493977
1058,Fluctuating,47.0,82.0,58.0,1.0,EDGE,EDGE,149.6,274.5327659574468,149.6,149.6
1059,Fluctuating,44.0,63.0,71.0,6.0,CLOUD,CLOUD,991.1999999999999,1290.9490909090907,1290.9490909090907,1290.9490909090907
1060,Fluctuating,40.0,97.0,79.0,10.0,CLOUD,CLOUD,1748.0,2328.6,2328.6,2328.6
1061,Fluctuating,86.0,58.0,72.0,6.0,CLOUD,CLOUD,998.4000000000001,753.4195348837209,753.4195348837209,753.4195348837209
1062,Fluctuating,73.0,96.0,74.0,10.0,CLOUD,CLOUD,1688.0,1421.490410958904,1421.490410958904,1421.490410958904
1063,Fluctuating,46.0,85.0,72.0,4.0,CLOUD,CLOUD,665.6,872.1721739130435,872.1721739130435,872.1721739130435
1064,Fluctuating,70.0,74.0,72.0,7.0,CLOUD,CLOUD,1164.8,1034.16,1034.16,1034.16
1065,Fluctuating,49.0,36.0,30.0,3.0,EDGE,EDGE,348.0,589.395918367347,348.0,348.0
1066,Fluctuating,72.0,90.0,61.0,3.0,EDGE,EDGE,459.6,490.6533333333333,459.6,459.6
1067,Fluctuating,44.0,92.0,50.0,4.0,EDGE,EDGE,560.0,907.2727272727273,560.0,560.0
1068,Fluctuating,61.0,65.0,33.0,9.0,CLOUD,CLOUD,1076.4,1437.2078688524591,1437.2078688524591,1437.2078688524591
1069,Fluctuating,54.0,100.0,71.0,7.0,CLOUD,CLOUD,1156.3999999999999,1296.917037037037,1296.917037037037,1296.917037037037
1070,Fluctuating,65.0,60.0,35.0,8.0,CLOUD,CLOUD,976.0,1215.8153846153848,1215.8153846153848,1215.8153846153848
1071,Fluctuating,68.0,87.0,35.0,8.0,CLOUD,CLOUD,976.0,1199.3764705882352,1199.3764705882352,1199.3764705882352
1072,Fluctuating,68.0,70.0,37.0,8.0,CLOUD,CLOUD,995.1999999999999,1183.0164705882353,1183.0164705882353,1183.0164705882353
1073,Fluctuating,87.0,32.0,36.0,7.0,EDGE,EDGE,862.4,825.7581609195403,862.4,862.4
1074,Fluctuating,66.0,34.0,65.0,9.0,CLOUD,CLOUD,1422.0,1328.3090909090906,1328.3090909090906,1328.3090909090906
1075,Fluctuating,40.0,41.0,80.0,10.0,CLOUD,CLOUD,1760.0000000000002,2273.0,2273.0,2273.0
1076,Fluctuating,79.0,68.0,62.0,9.0,CLOUD,CLOUD,1389.6,1181.712405063291,1181.712405063291,1181.712405063291
1077,Fluctuating,53.0,88.0,51.0,6.0,CLOUD,CLOUD,847.2,1125.9003773584905,1125.9003773584905,1125.9003773584905
1078,Fluctuating,43.0,58.0,59.0,6.0,CLOUD,CLOUD,904.8,1308.4390697674419,1308.4390697674419,1308.4390697674419
1079,Fluctuating,75.0,90.0,75.0,6.0,CLOUD,CLOUD,1020.0,868.0,868.0,868.0
1080,Fluctuating,85.0,87.0,37.0,2.0,EDGE,EDGE,248.79999999999998,318.19529411764705,248.79999999999998,248.79999999999998
1081,Fluctuating,88.0,58.0,30.0,6.0,EDGE,EDGE,696.0,730.6545454545454,696.0,696.0
1082,Fluctuating,62.0,67.0,65.0,9.0,CLOUD,CLOUD,1422.0,1431.6903225806454,1431.6903225806454,1431.6903225806454
1083,Fluctuating,63.0,43.0,32.0,3.0,EDGE,EDGE,355.2,487.7923809523809,355.2,355.2
1084,Fluctuating,71.0,47.0,75.0,7.0,CLOUD,CLOUD,1190.0,996.7323943661971,996.7323943661971,996.7323943661971
1085,Fluctuating,46.0,62.0,69.0,4.0,EDGE,EDGE,651.2,848.6921739130435,651.2,651.2
1086,Fluctuating,52.0,45.0,55.0,4.0,EDGE,EDGE,584.0,749.1846153846154,584.0,584.0
1087,Fluctuating,69.0,54.0,75.0,6.0,CLOUD,CLOUD,1020.0,887.6521739130435,887.6521739130435,887.6521739130435
1088,Fluctuating,46.0,83.0,32.0,10.0,CLOUD,CLOUD,1184.0,2034.9304347826087,2034.9304347826087,2034.9304347826087
1089,Fluctuating,47.0,87.0,59.0,10.0,CLOUD,CLOUD,1508.0,2012.727659574468,2012.727659574468,2012.727659574468
1090,Fluctuating,72.0,47.0,61.0,1.0,EDGE,EDGE,153.2,180.55111111111108,153.2,153.2
1091,Fluctuating,73.0,36.0,65.0,7.0,EDGE,CLOUD,1106.0,961.3232876712327,1106.0,961.3232876712327
1092,Fluctuating,77.0,91.0,62.0,3.0,EDGE,EDGE,463.2,470.12831168831167,463.2,463.2
1093,Fluctuating,84.0,52.0,76.0,3.0,CLOUD,CLOUD,513.6,406.8342857142857,406.8342857142857,406.8342857142857
1094,Fluctuating,46.0,79.0,72.0,10.0,CLOUD,CLOUD,1664.0,2046.9304347826087,2046.9304347826087,2046.9304347826087
1095,Fluctuating,78.0,71.0,62.0,7.0,CLOUD,CLOUD,1080.8,946.3087179487179,946.3087179487179,946.3087179487179
1096,Fluctuating,66.0,61.0,47.0,7.0,EDGE,EDGE,954.8000000000001,1062.6448484848486,954.8000000000001,954.8000000000001
1097,Fluctuating,61.0,67.0,58.0,3.0,EDGE,EDGE,448.79999999999995,527.4026229508197,448.79999999999995,448.79999999999995
1098,Fluctuating,48.0,82.0,68.0,9.0,CLOUD,CLOUD,1454.4,1786.48,1786.48,1786.48
1099,Fluctuating,59.0,100.0,50.0,9.0,CLOUD,CLOUD,1260.0,1518.3389830508474,1518.3389830508474,1518.3389830508474
1100,Fluctuating,80.0,57.0,42.0,4.0,EDGE,EDGE,521.5999999999999,543.72,521.5999999999999,521.5999999999999
1101,Fluctuating,79.0,67.0,73.0,6.0,CLOUD,CLOUD,1005.5999999999999,812.1149367088608,812.1149367088608,812.1149367088608
1102,Fluctuating,83.0,46.0,75.0,3.0,EDGE,CLOUD,510.0,404.1566265060241,510.0,404.1566265060241
1103,Fluctuating,72.0,99.0,74.0,6.0,CLOUD,CLOUD,1012.8,903.4266666666666,903.4266666666666,903.4266666666666
1104,Fluctuating,85.0,44.0,78.0,6.0,CLOUD,CLOUD,1041.6,747.4258823529412,747.4258823529412,747.4258823529412
1105,Fluctuating,75.0,91.0,67.0,10.0,CLOUD,CLOUD,1604.0,1384.4666666666667,1384.4666666666667,1384.4666666666667
1106,Fluctuating,82.0,83.0,73.0,9.0,CLOUD,CLOUD,1508.3999999999999,1167.3287804878048,1167.3287804878048,1167.3287804878048
1107,Fluctuating,58.0,84.0,30.0,9.0,CLOUD,CLOUD,1044.0,1516.1793103448276,1516.1793103448276,1516.1793103448276
1108,Fluctuating,46.0,33.0,54.0,3.0,EDGE,EDGE,434.40000000000003,621.2191304347826,434.40000000000003,434.40000000000003
1109,Fluctuating,43.0,37.0,42.0,5.0,EDGE,EDGE,652.0,1075.632558139535,652.0,652.0
1110,Fluctuating,88.0,50.0,48.0,5.0,EDGE,EDGE,688.0,614.1454545454545,688.0,688.0
1111,Fluctuating,49.0,37.0,74.0,5.0,CLOUD,CLOUD,844.0,968.1265306122449,968.1265306122449,968.1265306122449
1112,Fluctuating,53.0,99.0,32.0,6.0,EDGE,EDGE,710.4,1132.3403773584905,710.4,710.4
1113,Fluctuating,68.0,43.0,69.0,9.0,CLOUD,CLOUD,1465.2,1306.6635294117646,1306.6635294117646,1306.6635294117646
1114,Fluctuating,54.0,79.0,45.0,9.0,CLOUD,CLOUD,1206.0,1608.5333333333333,1608.5333333333333,1608.5333333333333
1115,Fluctuating,90.0,66.0,74.0,1.0,CLOUD,CLOUD,168.79999999999998,177.8488888888889,177.8488888888889,177.8488888888889
1116,Fluctuating,64.0,79.0,56.0,6.0,CLOUD,CLOUD,883.2,962.44,962.44,962.44
1117,Fluctuating,75.0,36.0,30.0,5.0,EDGE,EDGE,580.0,675.3333333333334,580.0,580.0
1118,Fluctuating,52.0,86.0,44.0,6.0,EDGE,EDGE,796.8000000000001,1139.636923076923,796.8000000000001,796.8000000000001
1119,Fluctuating,88.0,99.0,77.0,10.0,CLOUD,CLOUD,1724.0000000000002,1238.890909090909,1238.890909090909,1238.890909090909
1120,Fluctuating,52.0,54.0,48.0,8.0,CLOUD,CLOUD,1100.8,1460.129230769231,1460.129230769231,1460.129230769231
1121,Fluctuating,51.0,39.0,41.0,3.0,EDGE,EDGE,387.6,574.5082352941176,387.6,387.6
1122,Fluctuating,87.0,95.0,37.0,7.0,EDGE,EDGE,870.8,889.0381609195402,870.8,870.8
1123,Fluctuating,42.0,84.0,47.0,9.0,CLOUD,CLOUD,1227.6000000000001,1995.2057142857143,1995.2057142857143,1995.2057142857143
1124,Fluctuating,56.0,46.0,40.0,10.0,EDGE,CLOUD,1280.0,1690.5714285714287,1280.0,1690.5714285714287
1125,Fluctuating,56.0,30.0,51.0,8.0,CLOUD,CLOUD,1129.6000000000001,1349.1771428571428,1349.1771428571428,1349.1771428571428
1126,Fluctuating,85.0,49.0,32.0,3.0,EDGE,EDGE,355.2,395.19294117647064,355.2,355.2
1127,Fluctuating,60.0,36.0,79.0,10.0,CLOUD,CLOUD,1748.0,1600.9333333333332,1600.9333333333332,1600.9333333333332
1128,Fluctuating,82.0,68.0,61.0,10.0,CLOUD,CLOUD,1532.0,1268.009756097561,1268.009756097561,1268.009756097561
1129,Fluctuating,75.0,75.0,34.0,6.0,EDGE,EDGE,724.8,843.16,724.8,724.8
1130,Fluctuating,73.0,58.0,41.0,9.0,CLOUD,CLOUD,1162.8,1239.0613698630136,1239.0613698630136,1239.0613698630136
1131,Fluctuating,44.0,94.0,40.0,7.0,EDGE,EDGE,896.0,1517.9272727272728,896.0,896.0
1132,Fluctuating,74.0,98.0,55.0,2.0,EDGE,EDGE,292.0,358.61621621621623,292.0,292.0
1133,Fluctuating,62.0,58.0,43.0,6.0,EDGE,EDGE,789.6,962.5135483870968,789.6,789.6
1134,Fluctuating,61.0,76.0,48.0,4.0,EDGE,EDGE,550.4,688.2701639344264,550.4,550.4
1135,Fluctuating,88.0,97.0,60.0,9.0,CLOUD,CLOUD,1368.0,1116.7818181818184,1116.7818181818184,1116.7818181818184
1136,Fluctuating,88.0,31.0,37.0,6.0,EDGE,EDGE,746.4,705.3345454545454,746.4,746.4
1137,Fluctuating,68.0,60.0,71.0,10.0,CLOUD,CLOUD,1652.0,1464.8705882352942,1464.8705882352942,1464.8705882352942
1138,Fluctuating,79.0,61.0,32.0,6.0,EDGE,EDGE,710.4,796.2749367088609,710.4,710.4
1139,Fluctuating,64.0,44.0,54.0,5.0,EDGE,CLOUD,724.0,779.8,724.0,779.8
1140,Fluctuating,74.0,66.0,31.0,9.0,CLOUD,CLOUD,1054.8,1230.132972972973,1230.132972972973,1230.132972972973
1141,Fluctuating,89.0,77.0,62.0,9.0,CLOUD,CLOUD,1389.6,1088.3087640449437,1088.3087640449437,1088.3087640449437
1142,Fluctuating,68.0,92.0,32.0,5.0,EDGE,EDGE,592.0,786.635294117647,592.0,592.0
1143,Fluctuating,81.0,54.0,50.0,9.0,CLOUD,CLOUD,1260.0,1140.888888888889,1140.888888888889,1140.888888888889
1144,Fluctuating,45.0,42.0,40.0,9.0,EDGE,CLOUD,1152.0,1836.4,1152.0,1836.4
1145,Fluctuating,74.0,30.0,70.0,2.0,EDGE,EDGE,328.0,291.8162162162162,328.0,328.0
1146,Fluctuating,53.0,57.0,73.0,7.0,CLOUD,CLOUD,1173.1999999999998,1274.0437735849057,1274.0437735849057,1274.0437735849057
1147,Fluctuating,46.0,56.0,64.0,7.0,CLOUD,CLOUD,1097.6,1431.3113043478263,1431.3113043478263,1431.3113043478263
1148,Fluctuating,81.0,39.0,77.0,3.0,EDGE,CLOUD,517.2,404.5362962962963,517.2,404.5362962962963
1149,Fluctuating,41.0,88.0,75.0,6.0,CLOUD,CLOUD,1020.0,1396.7317073170732,1396.7317073170732,1396.7317073170732
1150,Fluctuating,42.0,41.0,34.0,1.0,EDGE,EDGE,120.8,252.83619047619044,120.8,120.8
1151,Fluctuating,51.0,62.0,65.0,2.0,EDGE,EDGE,316.0,420.92549019607844,316.0,316.0
1152,Fluctuating,76.0,59.0,46.0,7.0,EDGE,EDGE,946.4,948.7221052631578,946.4,946.4
1153,Fluctuating,64.0,87.0,70.0,7.0,CLOUD,CLOUD,1148.0,1121.6,1121.6,1121.6
1154,Fluctuating,67.0,70.0,31.0,7.0,EDGE,EDGE,820.3999999999999,1054.500895522388,820.3999999999999,820.3999999999999
1155,Fluctuating,83.0,45.0,64.0,1.0,EDGE,EDGE,156.8,163.9455421686747,156.8,156.8
1156,Fluctuating,81.0,38.0,78.0,10.0,CLOUD,CLOUD,1736.0,1256.8543209876543,1256.8543209876543,1256.8543209876543
1157,Fluctuating,42.0,39.0,52.0,9.0,CLOUD,CLOUD,1281.6,1952.0057142857142,1952.0057142857142,1952.0057142857142
1158,Fluctuating,46.0,67.0,80.0,5.0,CLOUD,CLOUD,880.0000000000001,1052.5652173913045,1052.5652173913045,1052.5652173913045
1159,Fluctuating,78.0,41.0,48.0,8.0,EDGE,CLOUD,1100.8,1036.8728205128205,1100.8,1036.8728205128205
1160,Fluctuating,64.0,80.0,72.0,1.0,CLOUD,CLOUD,166.4,227.88,227.88,227.88
1161,Fluctuating,70.0,50.0,64.0,4.0,EDGE,EDGE,627.2,597.3828571428571,627.2,627.2
1162,Fluctuating,48.0,80.0,80.0,9.0,CLOUD,CLOUD,1584.0000000000002,1788.8,1788.8,1788.8
1163,Fluctuating,58.0,48.0,49.0,6.0,EDGE,EDGE,832.8,1007.3462068965517,832.8,832.8
1164,Fluctuating,40.0,100.0,65.0,3.0,EDGE,EDGE,474.0,767.8,474.0,474.0
1165,Fluctuating,47.0,35.0,30.0,10.0,EDGE,CLOUD,1160.0,1949.127659574468,1160.0,1949.127659574468
1166,Fluctuating,78.0,80.0,64.0,9.0,CLOUD,CLOUD,1411.2,1206.116923076923,1206.116923076923,1206.116923076923
1167,Fluctuating,45.0,69.0,43.0,6.0,EDGE,EDGE,789.6,1265.9866666666667,789.6,789.6
1168,Fluctuating,53.0,82.0,71.0,9.0,CLOUD,CLOUD,1486.8,1646.0505660377357,1646.0505660377357,1646.0505660377357
1169,Fluctuating,49.0,50.0,41.0,4.0,EDGE,EDGE,516.8,789.6212244897958,516.8,516.8
1170,Fluctuating,79.0,62.0,42.0,2.0,EDGE,EDGE,260.79999999999995,307.89164556962027,260.79999999999995,260.79999999999995
1171,Fluctuating,51.0,36.0,78.0,9.0,CLOUD,CLOUD,1562.3999999999999,1655.8447058823529,1655.8447058823529,1655.8447058823529
1172,Fluctuating,69.0,100.0,34.0,5.0,EDGE,EDGE,604.0,786.5101449275362,604.0,604.0
1173,Fluctuating,82.0,38.0,46.0,2.0,EDGE,EDGE,270.4,276.8019512195122,270.4,270.4
1174,Fluctuating,52.0,92.0,51.0,6.0,CLOUD,CLOUD,847.2,1147.316923076923,1147.316923076923,1147.316923076923
1175,Fluctuating,48.0,60.0,36.0,5.0,EDGE,EDGE,616.0,1000.5333333333334,616.0,616.0
1176,Fluctuating,79.0,38.0,42.0,6.0,EDGE,EDGE,782.4,775.6749367088609,782.4,782.4
1177,Fluctuating,71.0,87.0,51.0,10.0,CLOUD,CLOUD,1412.0,1434.160563380282,1434.160563380282,1434.160563380282
1178,Fluctuating,82.0,69.0,74.0,10.0,CLOUD,CLOUD,1688.0,1274.2097560975608,1274.2097560975608,1274.2097560975608
1179,Fluctuating,49.0,76.0,50.0,7.0,EDGE,EDGE,980.0,1372.857142857143,980.0,980.0
1180,Fluctuating,50.0,30.0,50.0,4.0,EDGE,EDGE,560.0,758.0,560.0,560.0
1181,Fluctuating,90.0,58.0,75.0,7.0,CLOUD,CLOUD,1190.0,841.2222222222223,841.2222222222223,841.2222222222223
1182,Fluctuating,57.0,76.0,38.0,6.0,EDGE,EDGE,753.6,1047.2252631578947,753.6,753.6
1183,Fluctuating,70.0,89.0,58.0,6.0,CLOUD,CLOUD,897.5999999999999,908.6342857142856,908.6342857142856,908.6342857142856
1184,Fluctuating,89.0,69.0,61.0,9.0,CLOUD,CLOUD,1378.8,1079.9487640449438,1079.9487640449438,1079.9487640449438
1185,Fluctuating,46.0,52.0,71.0,10.0,CLOUD,CLOUD,1652.0,2019.5304347826086,2019.5304347826086,2019.5304347826086
1186,Fluctuating,45.0,65.0,38.0,9.0,CLOUD,CLOUD,1130.4,1858.68,1858.68,1858.68
1187,Fluctuating,52.0,63.0,76.0,2.0,CLOUD,CLOUD,342.40000000000003,416.7723076923077,416.7723076923077,416.7723076923077
1188,Fluctuating,86.0,39.0,31.0,9.0,EDGE,CLOUD,1054.8,1067.3693023255814,1054.8,1067.3693023255814
1189,Fluctuating,80.0,33.0,67.0,10.0,CLOUD,CLOUD,1604.0,1259.8,1259.8,1259.8
1190,Fluctuating,65.0,57.0,32.0,9.0,CLOUD,CLOUD,1065.6,1356.2123076923078,1356.2123076923078,1356.2123076923078
1191,Fluctuating,56.0,99.0,64.0,8.0,CLOUD,CLOUD,1254.4,1422.337142857143,1422.337142857143,1422.337142857143
1192,Fluctuating,81.0,49.0,53.0,7.0,EDGE,CLOUD,1005.1999999999999,895.198024691358,1005.1999999999999,895.198024691358
1193,Fluctuating,54.0,67.0,38.0,8.0,CLOUD,CLOUD,1004.8000000000001,1424.3451851851853,1424.3451851851853,1424.3451851851853
1194,Fluctuating,72.0,95.0,35.0,7.0,EDGE,EDGE,854.0,1022.5777777777778,854.0,854.0
1195,Fluctuating,63.0,94.0,30.0,4.0,EDGE,EDGE,464.0,686.7365079365079,464.0,464.0
1196,Fluctuating,79.0,51.0,78.0,9.0,CLOUD,CLOUD,1562.3999999999999,1170.472405063291,1170.472405063291,1170.472405063291
1197,Fluctuating,48.0,87.0,40.0,3.0,EDGE,EDGE,384.0,651.8,384.0,384.0
1198,Fluctuating,76.0,48.0,77.0,8.0,CLOUD,CLOUD,1379.2000000000003,1074.7452631578947,1074.7452631578947,1074.7452631578947
1199,Fluctuating,62.0,35.0,44.0,8.0,EDGE,CLOUD,1062.4,1241.338064516129,1062.4,1241.338064516129
1200,Fluctuating,54.0,38.0,46.0,6.0,EDGE,EDGE,811.1999999999999,1057.9288888888889,811.1999999999999,811.1999999999999
1201,Fluctuating,54.0,35.0,72.0,4.0,EDGE,CLOUD,665.6,719.1125925925926,665.6,719.1125925925926
1202,Fluctuating,73.0,76.0,54.0,8.0,CLOUD,CLOUD,1158.4,1129.9923287671234,1129.9923287671234,1129.9923287671234
1203,Fluctuating,69.0,35.0,32.0,6.0,EDGE,EDGE,710.4,858.3321739130436,710.4,710.4
1204,Fluctuating,46.0,96.0,70.0,5.0,CLOUD,CLOUD,819.9999999999999,1079.5652173913043,1079.5652173913043,1079.5652173913043
1205,Fluctuating,87.0,63.0,67.0,9.0,CLOUD,CLOUD,1443.6,1094.7062068965517,1094.7062068965517,1094.7062068965517
1206,Fluctuating,76.0,52.0,54.0,7.0,CLOUD,CLOUD,1013.6,943.9621052631578,943.9621052631578,943.9621052631578
1207,Fluctuating,63.0,39.0,63.0,5.0,EDGE,CLOUD,778.0,786.520634920635,778.0,786.520634920635
1208,Fluctuating,64.0,58.0,63.0,7.0,CLOUD,CLOUD,1089.2,1090.6399999999999,1090.6399999999999,1090.6399999999999
1209,Fluctuating,62.0,74.0,61.0,8.0,CLOUD,CLOUD,1225.6,1285.778064516129,1285.778064516129,1285.778064516129
1210,Fluctuating,78.0,30.0,62.0,3.0,EDGE,EDGE,463.2,405.13230769230773,463.2,463.2
1211,Fluctuating,68.0,51.0,44.0,2.0,EDGE,EDGE,265.6,329.81411764705877,265.6,265.6
1212,Fluctuating,72.0,65.0,43.0,3.0,EDGE,EDGE,394.8,463.49333333333334,394.8,394.8
1213,Fluctuating,51.0,50.0,53.0,10.0,CLOUD,CLOUD,1436.0,1839.827450980392,1839.827450980392,1839.827450980392
1214,Fluctuating,85.0,45.0,72.0,4.0,EDGE,CLOUD,665.6,512.9905882352941,665.6,512.9905882352941
1215,Fluctuating,66.0,72.0,76.0,2.0,CLOUD,CLOUD,342.40000000000003,360.5042424242424,360.5042424242424,360.5042424242424
1216,Fluctuating,70.0,91.0,60.0,4.0,EDGE,EDGE,608.0,637.7428571428571,608.0,608.0
1217,Fluctuating,77.0,50.0,71.0,7.0,CLOUD,CLOUD,1156.3999999999999,937.1527272727272,937.1527272727272,937.1527272727272
1218,Fluctuating,41.0,61.0,32.0,3.0,EDGE,EDGE,355.2,710.2058536585366,355.2,355.2
1219,Fluctuating,76.0,50.0,38.0,9.0,EDGE,CLOUD,1130.4,1191.0484210526315,1130.4,1191.0484210526315
1220,Fluctuating,42.0,48.0,33.0,3.0,EDGE,EDGE,358.8,683.3885714285715,358.8,358.8
1221,Fluctuating,56.0,53.0,63.0,7.0,CLOUD,CLOUD,1089.2,1210.6399999999999,1210.6399999999999,1210.6399999999999
1222,Fluctuating,78.0,32.0,76.0,5.0,CLOUD,CLOUD,856.0,660.0205128205129,660.0205128205129,660.0205128205129
1223,Fluctuating,45.0,57.0,58.0,10.0,CLOUD,CLOUD,1496.0,2057.9777777777776,2057.9777777777776,2057.9777777777776
1224,Fluctuating,70.0,91.0,40.0,4.0,EDGE,EDGE,512.0,634.5428571428571,512.0,512.0
1225,Fluctuating,66.0,48.0,80.0,10.0,CLOUD,CLOUD,1760.0000000000002,1492.1212121212122,1492.1212121212122,1492.1212121212122
1226,Fluctuating,89.0,53.0,69.0,9.0,CLOUD,CLOUD,1465.2,1066.8287640449437,1066.8287640449437,1066.8287640449437
1227,Fluctuating,56.0,51.0,76.0,6.0,CLOUD,CLOUD,1027.2,1046.3828571428571,1046.3828571428571,1046.3828571428571
1228,Fluctuating,69.0,38.0,44.0,7.0,EDGE,EDGE,929.6000000000001,1001.9142028985508,929.6000000000001,929.6000000000001
1229,Fluctuating,64.0,46.0,36.0,1.0,EDGE,EDGE,123.2,192.44,123.2,123.2
1230,Fluctuating,52.0,96.0,62.0,7.0,CLOUD,CLOUD,1080.8,1330.2830769230768,1330.2830769230768,1330.2830769230768
1231,Fluctuating,49.0,42.0,41.0,8.0,EDGE,CLOUD,1033.6,1521.2424489795917,1033.6,1521.2424489795917
1232,Fluctuating,79.0,34.0,80.0,9.0,CLOUD,CLOUD,1584.0000000000002,1154.192405063291,1154.192405063291,1154.192405063291
1233,Fluctuating,72.0,45.0,35.0,8.0,EDGE,CLOUD,976.0,1105.0888888888887,976.0,1105.0888888888887
1234,Fluctuating,82.0,46.0,68.0,9.0,CLOUD,CLOUD,1454.4,1128.5287804878049,1128.5287804878049,1128.5287804878049
1235,Fluctuating,40.0,85.0,63.0,7.0,CLOUD,CLOUD,1089.2,1642.6399999999999,1642.6399999999999,1642.6399999999999
1236,Fluctuating,63.0,35.0,74.0,9.0,CLOUD,CLOUD,1519.1999999999998,1384.497142857143,1384.497142857143,1384.497142857143
1237,Fluctuating,67.0,59.0,60.0,7.0,CLOUD,CLOUD,1064.0,1051.620895522388,1051.620895522388,1051.620895522388
1238,Fluctuating,62.0,42.0,57.0,3.0,EDGE,EDGE,445.2,495.93677419354833,445.2,445.2
1239,Fluctuating,56.0,91.0,79.0,4.0,CLOUD,CLOUD,699.2,755.0685714285714,755.0685714285714,755.0685714285714
1240,Fluctuating,45.0,66.0,68.0,9.0,CLOUD,CLOUD,1454.4,1870.48,1870.48,1870.48
1241,Fluctuating,66.0,62.0,42.0,1.0,EDGE,EDGE,130.39999999999998,204.89212121212122,130.39999999999998,130.39999999999998
1242,Fluctuating,85.0,30.0,66.0,9.0,CLOUD,CLOUD,1432.8,1080.8188235294117,1080.8188235294117,1080.8188235294117
1243,Fluctuating,47.0,96.0,30.0,7.0,EDGE,EDGE,812.0,1435.8893617021276,812.0,812.0
1244,Fluctuating,81.0,56.0,74.0,6.0,CLOUD,CLOUD,1012.8,786.3525925925926,786.3525925925926,786.3525925925926
1245,Fluctuating,66.0,76.0,36.0,3.0,EDGE,EDGE,369.6,503.9563636363636,369.6,369.6
1246,Fluctuating,67.0,62.0,46.0,9.0,CLOUD,CLOUD,1216.8,1333.1868656716417,1333.1868656716417,1333.1868656716417
1247,Fluctuating,67.0,76.0,69.0,5.0,CLOUD,CLOUD,814.0,786.8149253731342,786.8149253731342,786.8149253731342
1248,Fluctuating,83.0,80.0,78.0,4.0,CLOUD,CLOUD,694.4,558.0221686746988,558.0221686746988,558.0221686746988
1249,Fluctuating,66.0,100.0,80.0,9.0,CLOUD,CLOUD,1584.0000000000002,1399.7090909090907,1399.7090909090907,1399.7090909090907
1250,Fluctuating,70.0,52.0,53.0,9.0,CLOUD,CLOUD,1292.3999999999999,1279.6514285714284,1279.6514285714284,1279.6514285714284
1251,Fluctuating,75.0,91.0,46.0,5.0,EDGE,EDGE,676.0,733.5333333333334,676.0,676.0
1252,Fluctuating,76.0,74.0,79.0,7.0,CLOUD,CLOUD,1223.6000000000001,972.9621052631578,972.9621052631578,972.9621052631578
1253,Fluctuating,87.0,47.0,72.0,2.0,EDGE,CLOUD,332.8,276.6680459770115,332.8,276.6680459770115
1254,Fluctuating,87.0,59.0,58.0,3.0,EDGE,EDGE,448.79999999999995,401.82206896551725,448.79999999999995,448.79999999999995
1255,Fluctuating,46.0,57.0,62.0,7.0,CLOUD,CLOUD,1080.8,1431.7513043478261,1431.7513043478261,1431.7513043478261
1256,Fluctuating,90.0,73.0,65.0,10.0,CLOUD,CLOUD,1580.0,1187.8888888888887,1187.8888888888887,1187.8888888888887
1257,Fluctuating,84.0,36.0,40.0,7.0,EDGE,EDGE,896.0,853.8666666666667,896.0,896.0
1258,Fluctuating,80.0,30.0,35.0,3.0,EDGE,EDGE,366.0,394.2,366.0,366.0
1259,Fluctuating,70.0,85.0,35.0,2.0,EDGE,EDGE,244.0,356.37142857142857,244.0,244.0
1260,Fluctuating,56.0,58.0,53.0,2.0,EDGE,EDGE,287.2,387.95428571428573,287.2,287.2
1261,Fluctuating,78.0,34.0,76.0,7.0,CLOUD,CLOUD,1198.4,913.228717948718,913.228717948718,913.228717948718
1262,Fluctuating,65.0,96.0,48.0,10.0,CLOUD,CLOUD,1376.0,1545.969230769231,1545.969230769231,1545.969230769231
1263,Fluctuating,43.0,52.0,70.0,8.0,CLOUD,CLOUD,1312.0,1722.7720930232558,1722.7720930232558,1722.7720930232558
1264,Fluctuating,68.0,31.0,42.0,9.0,EDGE,CLOUD,1173.6,1284.9435294117648,1173.6,1284.9435294117648
1265,Fluctuating,58.0,54.0,32.0,10.0,CLOUD,CLOUD,1184.0,1646.1103448275862,1646.1103448275862,1646.1103448275862
1266,Fluctuating,72.0,96.0,74.0,4.0,CLOUD,CLOUD,675.1999999999999,632.2844444444444,632.2844444444444,632.2844444444444
1267,Fluctuating,79.0,51.0,73.0,1.0,CLOUD,CLOUD,167.59999999999997,175.1858227848101,175.1858227848101,175.1858227848101
1268,Fluctuating,63.0,60.0,71.0,1.0,CLOUD,CLOUD,165.2,209.824126984127,209.824126984127,209.824126984127
1269,Fluctuating,50.0,41.0,47.0,7.0,EDGE,EDGE,954.8000000000001,1314.16,954.8000000000001,954.8000000000001
1270,Fluctuating,62.0,80.0,55.0,10.0,CLOUD,CLOUD,1460.0000000000002,1592.3225806451612,1592.3225806451612,1592.3225806451612
1271,Fluctuating,52.0,96.0,30.0,2.0,EDGE,EDGE,232.0,446.0923076923077,232.0,232.0
1272,Fluctuating,45.0,100.0,48.0,9.0,CLOUD,CLOUD,1238.4,1897.28,1897.28,1897.28
1273,Fluctuating,77.0,74.0,52.0,5.0,CLOUD,CLOUD,712.0,703.8805194805194,703.8805194805194,703.8805194805194
1274,Fluctuating,54.0,54.0,59.0,7.0,CLOUD,CLOUD,1055.6,1247.557037037037,1247.557037037037,1247.557037037037
1275,Fluctuating,76.0,30.0,46.0,3.0,EDGE,EDGE,405.59999999999997,411.3094736842105,405.59999999999997,405.59999999999997
1276,Fluctuating,66.0,94.0,36.0,9.0,CLOUD,CLOUD,1108.8,1377.8690909090908,1377.8690909090908,1377.8690909090908
1277,Fluctuating,44.0,94.0,48.0,6.0,EDGE,EDGE,825.6,1316.4290909090907,825.6,825.6
1278,Fluctuating,47.0,95.0,46.0,9.0,CLOUD,CLOUD,1216.8,1823.4748936170213,1823.4748936170213,1823.4748936170213
1279,Fluctuating,90.0,62.0,74.0,8.0,CLOUD,CLOUD,1350.3999999999999,956.791111111111,956.791111111111,956.791111111111
1280,Fluctuating,64.0,91.0,79.0,4.0,CLOUD,CLOUD,699.2,683.64,683.64,683.64
1281,Fluctuating,88.0,73.0,79.0,8.0,CLOUD,CLOUD,1398.4,985.5527272727272,985.5527272727272,985.5527272727272
1282,Fluctuating,83.0,88.0,67.0,1.0,EDGE,EDGE,160.39999999999998,207.0655421686747,160.39999999999998,160.39999999999998
1283,Fluctuating,70.0,44.0,46.0,2.0,EDGE,EDGE,270.4,316.25142857142856,270.4,270.4
1284,Fluctuating,64.0,58.0,73.0,4.0,CLOUD,CLOUD,670.3999999999999,649.68,649.68,649.68
1285,Fluctuating,60.0,82.0,52.0,9.0,CLOUD,CLOUD,1281.6,1480.72,1480.72,1480.72
1286,Fluctuating,74.0,31.0,74.0,5.0,CLOUD,CLOUD,844.0,686.3405405405405,686.3405405405405,686.3405405405405
1287,Fluctuating,55.0,66.0,35.0,7.0,EDGE,EDGE,854.0,1233.981818181818,854.0,854.0
1288,Fluctuating,83.0,73.0,34.0,9.0,CLOUD,CLOUD,1087.2,1132.7098795180723,1132.7098795180723,1132.7098795180723
1289,Fluctuating,51.0,90.0,50.0,6.0,EDGE,EDGE,840.0,1163.1764705882351,840.0,840.0
1290,Fluctuating,53.0,64.0,41.0,4.0,EDGE,EDGE,516.8,754.3335849056602,516.8,516.8
1291,Fluctuating,71.0,55.0,45.0,4.0,EDGE,EDGE,536.0,592.9042253521127,536.0,536.0
1292,Fluctuating,56.0,56.0,44.0,4.0,EDGE,EDGE,531.2,714.4685714285714,531.2,531.2
1293,Fluctuating,55.0,75.0,39.0,2.0,EDGE,EDGE,253.6,409.0290909090909,253.6,253.6
1294,Fluctuating,47.0,40.0,73.0,8.0,CLOUD,CLOUD,1340.7999999999997,1585.0621276595743,1585.0621276595743,1585.0621276595743
1295,Fluctuating,79.0,30.0,78.0,9.0,CLOUD,CLOUD,1562.3999999999999,1149.472405063291,1149.472405063291,1149.472405063291
1296,Fluctuating,42.0,91.0,53.0,10.0,CLOUD,CLOUD,1436.0,2216.9619047619044,2216.9619047619044,2216.9619047619044
1297,Fluctuating,60.0,93.0,66.0,5.0,CLOUD,CLOUD,796.0,872.8666666666667,872.8666666666667,872.8666666666667
1298,Fluctuating,71.0,53.0,78.0,9.0,CLOUD,CLOUD,1562.3999999999999,1275.1645070422533,1275.1645070422533,1275.1645070422533
1299,Fluctuating,57.0,80.0,44.0,10.0,CLOUD,CLOUD,1328.0,1701.1087719298243,1701.1087719298243,1701.1087719298243
1300,Fluctuating,48.0,36.0,63.0,7.0,EDGE,CLOUD,1089.2,1360.3066666666668,1089.2,1360.3066666666668
1301,Fluctuating,70.0,99.0,32.0,9.0,CLOUD,CLOUD,1065.6,1319.0914285714284,1319.0914285714284,1319.0914285714284
1302,Fluctuating,62.0,80.0,73.0,3.0,CLOUD,CLOUD,502.79999999999995,535.8567741935483,535.8567741935483,535.8567741935483
1303,Fluctuating,69.0,45.0,74.0,9.0,CLOUD,CLOUD,1519.1999999999998,1295.1182608695653,1295.1182608695653,1295.1182608695653
1304,Fluctuating,69.0,70.0,74.0,1.0,CLOUD,CLOUD,168.79999999999998,208.90202898550726,208.90202898550726,208.90202898550726
1305,Fluctuating,40.0,56.0,54.0,10.0,CLOUD,CLOUD,1448.0,2277.6,2277.6,2277.6
1306,Fluctuating,46.0,71.0,53.0,10.0,CLOUD,CLOUD,1436.0,2031.3304347826088,2031.3304347826088,2031.3304347826088
1307,Fluctuating,56.0,53.0,65.0,5.0,CLOUD,CLOUD,790.0,880.2857142857143,880.2857142857143,880.2857142857143
1308,Fluctuating,55.0,64.0,60.0,10.0,CLOUD,CLOUD,1520.0,1742.5454545454545,1742.5454545454545,1742.5454545454545
1309,Fluctuating,61.0,76.0,41.0,8.0,CLOUD,CLOUD,1033.6,1298.3003278688525,1298.3003278688525,1298.3003278688525
1310,Fluctuating,67.0,56.0,56.0,6.0,CLOUD,CLOUD,883.2,905.8579104477612,905.8579104477612,905.8579104477612
1311,Fluctuating,63.0,81.0,47.0,8.0,CLOUD,CLOUD,1091.2,1271.9130158730159,1271.9130158730159,1271.9130158730159
1312,Fluctuating,51.0,46.0,66.0,4.0,EDGE,EDGE,636.8,764.0109803921569,636.8,636.8
1313,Fluctuating,46.0,64.0,45.0,9.0,CLOUD,CLOUD,1206.0,1825.417391304348,1825.417391304348,1825.417391304348
1314,Fluctuating,67.0,78.0,42.0,3.0,EDGE,EDGE,391.2,501.2489552238806,391.2,391.2
1315,Fluctuating,87.0,49.0,60.0,1.0,EDGE,EDGE,152.0,163.35402298850576,152.0,152.0
1316,Fluctuating,51.0,83.0,61.0,3.0,EDGE,EDGE,459.6,620.9082352941175,459.6,459.6
1317,Fluctuating,80.0,96.0,64.0,6.0,CLOUD,CLOUD,940.8,831.36,831.36,831.36
1318,Fluctuating,90.0,92.0,49.0,5.0,EDGE,EDGE,694.0,646.2444444444443,694.0,694.0
1319,Fluctuating,75.0,36.0,55.0,2.0,EDGE,EDGE,292.0,293.73333333333335,292.0,292.0
1320,Fluctuating,84.0,50.0,33.0,4.0,EDGE,EDGE,478.40000000000003,516.2323809523809,478.40000000000003,478.40000000000003
1321,Fluctuating,56.0,90.0,70.0,2.0,EDGE,EDGE,328.0,421.3142857142857,328.0,328.0
1322,Fluctuating,68.0,72.0,46.0,6.0,EDGE,EDGE,811.1999999999999,908.9223529411765,811.1999999999999,811.1999999999999
1323,Fluctuating,63.0,62.0,52.0,1.0,EDGE,EDGE,142.4,211.064126984127,142.4,142.4
1324,Fluctuating,66.0,45.0,52.0,10.0,CLOUD,CLOUD,1424.0,1477.9212121212122,1477.9212121212122,1477.9212121212122
1325,Fluctuating,52.0,98.0,41.0,5.0,EDGE,EDGE,646.0,975.4307692307693,646.0,646.0
1326,Fluctuating,62.0,71.0,73.0,9.0,CLOUD,CLOUD,1508.3999999999999,1438.5703225806453,1438.5703225806453,1438.5703225806453
1327,Fluctuating,71.0,87.0,35.0,7.0,EDGE,EDGE,854.0,1025.5323943661972,854.0,854.0
1328,Fluctuating,79.0,66.0,59.0,3.0,EDGE,EDGE,452.4,436.8774683544304,452.4,452.4
1329,Fluctuating,50.0,73.0,56.0,10.0,CLOUD,CLOUD,1472.0,1895.4,1895.4,1895.4
1330,Fluctuating,76.0,81.0,34.0,2.0,EDGE,EDGE,241.6,334.24631578947367,241.6,241.6
1331,Fluctuating,50.0,73.0,44.0,6.0,EDGE,EDGE,796.8000000000001,1163.56,796.8000000000001,796.8000000000001
1332,Fluctuating,60.0,67.0,75.0,5.0,CLOUD,CLOUD,850.0,848.6666666666666,848.6666666666666,848.6666666666666
1333,Fluctuating,78.0,80.0,47.0,8.0,CLOUD,CLOUD,1091.2,1075.5528205128205,1075.5528205128205,1075.5528205128205
1334,Fluctuating,89.0,76.0,77.0,10.0,CLOUD,CLOUD,1724.0000000000002,1205.676404494382,1205.676404494382,1205.676404494382
1335,Fluctuating,73.0,87.0,56.0,3.0,EDGE,EDGE,441.6,482.48712328767124,441.6,441.6
1336,Fluctuating,51.0,32.0,38.0,4.0,EDGE,EDGE,502.40000000000003,745.530980392157,502.40000000000003,502.40000000000003
1337,Fluctuating,82.0,62.0,77.0,2.0,CLOUD,CLOUD,344.80000000000007,303.28195121951217,303.28195121951217,303.28195121951217
1338,Fluctuating,53.0,51.0,55.0,2.0,EDGE,EDGE,292.0,397.2867924528301,292.0,292.0
1339,Fluctuating,46.0,38.0,60.0,9.0,CLOUD,CLOUD,1368.0,1804.817391304348,1804.817391304348,1804.817391304348
1340,Fluctuating,43.0,33.0,79.0,7.0,CLOUD,CLOUD,1223.6000000000001,1497.4455813953489,1497.4455813953489,1497.4455813953489
1341,Fluctuating,73.0,40.0,36.0,5.0,EDGE,EDGE,616.0,695.1452054794521,616.0,616.0
1342,Fluctuating,79.0,49.0,35.0,7.0,EDGE,EDGE,854.0,907.6607594936709,854.0,854.0
1343,Fluctuating,59.0,59.0,45.0,5.0,EDGE,EDGE,670.0,845.9661016949152,670.0,670.0
1344,Fluctuating,68.0,46.0,38.0,9.0,EDGE,CLOUD,1130.4,1298.5035294117647,1130.4,1298.5035294117647
1345,Fluctuating,50.0,33.0,32.0,6.0,EDGE,EDGE,710.4,1120.68,710.4,710.4
1346,Fluctuating,60.0,90.0,59.0,9.0,CLOUD,CLOUD,1357.2,1491.24,1491.24,1491.24
1347,Fluctuating,57.0,100.0,58.0,3.0,EDGE,EDGE,448.79999999999995,588.0126315789473,448.79999999999995,448.79999999999995
1348,Fluctuating,84.0,99.0,41.0,10.0,CLOUD,CLOUD,1292.0,1267.7809523809524,1267.7809523809524,1267.7809523809524
1349,Fluctuating,78.0,88.0,70.0,10.0,CLOUD,CLOUD,1639.9999999999998,1341.6410256410256,1341.6410256410256,1341.6410256410256
1350,Fluctuating,67.0,97.0,70.0,9.0,CLOUD,CLOUD,1475.9999999999998,1376.8268656716418,1376.8268656716418,1376.8268656716418
1351,Fluctuating,59.0,74.0,60.0,9.0,CLOUD,CLOUD,1368.0,1495.9389830508476,1495.9389830508476,1495.9389830508476
1352,Fluctuating,54.0,41.0,58.0,5.0,EDGE,CLOUD,748.0,893.3407407407407,748.0,893.3407407407407
1353,Fluctuating,63.0,82.0,46.0,3.0,EDGE,EDGE,405.59999999999997,528.472380952381,405.59999999999997,405.59999999999997
1354,Fluctuating,59.0,31.0,30.0,9.0,EDGE,CLOUD,1044.0,1442.1389830508474,1044.0,1442.1389830508474
1355,Fluctuating,88.0,47.0,52.0,5.0,EDGE,CLOUD,712.0,611.9454545454545,712.0,611.9454545454545
1356,Fluctuating,70.0,98.0,30.0,8.0,CLOUD,CLOUD,928.0,1181.8857142857141,1181.8857142857141,1181.8857142857141
1357,Fluctuating,88.0,91.0,49.0,1.0,EDGE,EDGE,138.79999999999998,203.86909090909091,138.79999999999998,138.79999999999998
1358,Fluctuating,89.0,85.0,48.0,10.0,CLOUD,CLOUD,1376.0,1203.076404494382,1203.076404494382,1203.076404494382
1359,Fluctuating,54.0,30.0,65.0,6.0,EDGE,CLOUD,948.0,1054.4888888888888,948.0,1054.4888888888888
1360,Fluctuating,52.0,82.0,65.0,7.0,CLOUD,CLOUD,1106.0,1317.123076923077,1317.123076923077,1317.123076923077
1361,Fluctuating,65.0,61.0,40.0,7.0,EDGE,EDGE,896.0,1073.7384615384615,896.0,896.0
1362,Fluctuating,64.0,58.0,46.0,2.0,EDGE,EDGE,270.4,351.68,270.4,270.4
1363,Fluctuating,67.0,60.0,63.0,10.0,CLOUD,CLOUD,1556.0,1479.2298507462685,1479.2298507462685,1479.2298507462685
1364,Fluctuating,84.0,64.0,48.0,9.0,CLOUD,CLOUD,1238.4,1118.422857142857,1118.422857142857,1118.422857142857
1365,Fluctuating,57.0,82.0,42.0,2.0,EDGE,EDGE,260.79999999999995,406.0617543859649,260.79999999999995,260.79999999999995
1366,Fluctuating,51.0,47.0,48.0,2.0,EDGE,EDGE,275.2,404.5654901960785,275.2,275.2
1367,Fluctuating,80.0,88.0,69.0,8.0,CLOUD,CLOUD,1302.4,1070.08,1070.08,1070.08
1368,Fluctuating,57.0,92.0,42.0,6.0,EDGE,EDGE,782.4,1064.1852631578947,782.4,782.4
1369,Fluctuating,41.0,49.0,33.0,9.0,EDGE,CLOUD,1076.4,1996.9775609756098,1076.4,1996.9775609756098
1370,Fluctuating,41.0,53.0,36.0,5.0,EDGE,EDGE,616.0,1135.809756097561,616.0,616.0
1371,Fluctuating,57.0,46.0,75.0,8.0,CLOUD,CLOUD,1360.0,1352.8070175438595,1352.8070175438595,1352.8070175438595
1372,Fluctuating,86.0,31.0,44.0,2.0,EDGE,EDGE,265.6,260.56651162790695,265.6,265.6
1373,Fluctuating,49.0,31.0,61.0,4.0,EDGE,EDGE,612.8,773.8212244897959,612.8,612.8
1374,Fluctuating,61.0,83.0,49.0,8.0,CLOUD,CLOUD,1110.3999999999999,1307.8603278688527,1307.8603278688527,1307.8603278688527
1375,Fluctuating,63.0,89.0,74.0,1.0,CLOUD,CLOUD,168.79999999999998,238.944126984127,238.944126984127,238.944126984127
1376,Fluctuating,61.0,40.0,78.0,3.0,EDGE,CLOUD,520.8,502.8026229508197,520.8,502.8026229508197
1377,Fluctuating,43.0,64.0,79.0,7.0,CLOUD,CLOUD,1223.6000000000001,1528.4455813953489,1528.4455813953489,1528.4455813953489
1378,Fluctuating,44.0,99.0,60.0,3.0,EDGE,EDGE,456.0,711.6545454545454,456.0,456.0
1379,Fluctuating,52.0,62.0,54.0,1.0,EDGE,EDGE,144.8,238.00615384615386,144.8,144.8
1380,Fluctuating,47.0,61.0,54.0,8.0,CLOUD,CLOUD,1158.4,1599.9821276595744,1599.9821276595744,1599.9821276595744
1381,Fluctuating,55.0,34.0,42.0,8.0,EDGE,CLOUD,1043.1999999999998,1371.0763636363636,1043.1999999999998,1371.0763636363636
1382,Fluctuating,87.0,42.0,63.0,4.0,EDGE,EDGE,622.4,499.89609195402295,622.4,622.4
1383,Fluctuating,70.0,79.0,73.0,5.0,CLOUD,CLOUD,837.9999999999999,765.0285714285715,765.0285714285715,765.0285714285715
1384,Fluctuating,60.0,50.0,70.0,1.0,EDGE,EDGE,164.0,206.13333333333333,164.0,164.0
1385,Fluctuating,87.0,100.0,63.0,2.0,EDGE,EDGE,311.2,328.9480459770115,311.2,311.2
1386,Fluctuating,56.0,91.0,70.0,5.0,CLOUD,CLOUD,819.9999999999999,919.2857142857143,919.2857142857143,919.2857142857143
1387,Fluctuating,52.0,76.0,33.0,4.0,EDGE,EDGE,478.40000000000003,776.6646153846154,478.40000000000003,478.40000000000003
1388,Fluctuating,47.0,60.0,70.0,7.0,CLOUD,CLOUD,1148.0,1411.0893617021275,1411.0893617021275,1411.0893617021275
1389,Fluctuating,60.0,31.0,40.0,5.0,EDGE,EDGE,640.0,805.6666666666666,640.0,640.0
1390,Fluctuating,77.0,45.0,55.0,4.0,EDGE,EDGE,584.0,549.3844155844156,584.0,584.0
1391,Fluctuating,40.0,35.0,67.0,8.0,CLOUD,CLOUD,1283.1999999999998,1816.44,1816.44,1816.44
1392,Fluctuating,84.0,49.0,53.0,2.0,EDGE,EDGE,287.2,283.71619047619043,287.2,287.2
1393,Fluctuating,55.0,50.0,61.0,2.0,EDGE,EDGE,306.4,385.7890909090909,306.4,306.4
1394,Fluctuating,83.0,73.0,78.0,1.0,CLOUD,CLOUD,173.6,192.5055421686747,192.5055421686747,192.5055421686747
1395,Fluctuating,43.0,75.0,71.0,3.0,CLOUD,CLOUD,495.59999999999997,701.6595348837209,701.6595348837209,701.6595348837209
1396,Fluctuating,84.0,98.0,80.0,2.0,CLOUD,CLOUD,352.0,334.87619047619046,334.87619047619046,334.87619047619046
1397,Fluctuating,48.0,92.0,44.0,6.0,EDGE,EDGE,796.8000000000001,1222.56,796.8000000000001,796.8000000000001
1398,Fluctuating,75.0,74.0,58.0,4.0,EDGE,EDGE,598.4,589.9466666666667,598.4,598.4
1399,Fluctuating,41.0,78.0,52.0,3.0,EDGE,EDGE,427.2,729.6058536585366,427.2,427.2
1400,Fluctuating,56.0,35.0,61.0,8.0,CLOUD,CLOUD,1225.6,1357.3771428571429,1357.3771428571429,1357.3771428571429
1401,Fluctuating,75.0,67.0,64.0,8.0,CLOUD,CLOUD,1254.4,1100.8133333333335,1100.8133333333335,1100.8133333333335
1402,Fluctuating,52.0,53.0,64.0,6.0,CLOUD,CLOUD,940.8,1111.436923076923,1111.436923076923,1111.436923076923
1403,Fluctuating,60.0,89.0,47.0,10.0,CLOUD,CLOUD,1364.0,1641.1333333333332,1641.1333333333332,1641.1333333333332
1404,Fluctuating,75.0,50.0,34.0,9.0,EDGE,CLOUD,1087.2,1202.24,1087.2,1202.24
1405,Fluctuating,49.0,87.0,48.0,5.0,EDGE,EDGE,688.0,1012.926530612245,688.0,688.0
1406,Fluctuating,74.0,76.0,59.0,1.0,EDGE,EDGE,150.8,206.46810810810814,150.8,150.8
1407,Fluctuating,89.0,94.0,54.0,3.0,EDGE,EDGE,434.40000000000003,430.14292134831464,434.40000000000003,434.40000000000003
1408,Fluctuating,41.0,76.0,79.0,10.0,CLOUD,CLOUD,1748.0,2258.819512195122,2258.819512195122,2258.819512195122
1409,Fluctuating,55.0,71.0,76.0,2.0,CLOUD,CLOUD,342.40000000000003,407.98909090909086,407.98909090909086,407.98909090909086
1410,Fluctuating,82.0,98.0,54.0,4.0,EDGE,EDGE,579.2,576.8839024390244,579.2,579.2
1411,Fluctuating,73.0,93.0,79.0,9.0,CLOUD,CLOUD,1573.2,1287.7413698630137,1287.7413698630137,1287.7413698630137
1412,Fluctuating,49.0,66.0,50.0,7.0,EDGE,EDGE,980.0,1362.857142857143,980.0,980.0
1413,Fluctuating,81.0,71.0,37.0,2.0,EDGE,EDGE,248.79999999999998,311.4908641975308,248.79999999999998,248.79999999999998
1414,Fluctuating,73.0,38.0,32.0,3.0,EDGE,EDGE,355.2,430.60712328767124,355.2,355.2
1415,Fluctuating,51.0,34.0,42.0,2.0,EDGE,EDGE,260.79999999999995,391.08549019607847,260.79999999999995,260.79999999999995
1416,Fluctuating,71.0,54.0,36.0,1.0,EDGE,EDGE,123.2,188.11605633802816,123.2,123.2
1417,Fluctuating,76.0,79.0,72.0,8.0,CLOUD,CLOUD,1331.2,1104.1452631578948,1104.1452631578948,1104.1452631578948
1418,Fluctuating,73.0,62.0,33.0,6.0,EDGE,EDGE,717.6,847.4542465753424,717.6,717.6
1419,Fluctuating,54.0,39.0,30.0,4.0,EDGE,EDGE,464.0,716.3925925925926,464.0,464.0
1420,Fluctuating,81.0,92.0,35.0,8.0,CLOUD,CLOUD,976.0,1053.3234567901234,1053.3234567901234,1053.3234567901234
1421,Fluctuating,80.0,37.0,53.0,9.0,CLOUD,CLOUD,1292.3999999999999,1136.08,1136.08,1136.08
1422,Fluctuating,87.0,83.0,53.0,1.0,EDGE,EDGE,143.6,197.07402298850576,143.6,143.6
1423,Fluctuating,79.0,64.0,63.0,1.0,EDGE,EDGE,155.6,187.78582278481014,155.6,155.6
1424,Fluctuating,86.0,39.0,49.0,2.0,EDGE,EDGE,277.59999999999997,268.966511627907,277.59999999999997,277.59999999999997
1425,Fluctuating,53.0,96.0,36.0,2.0,EDGE,EDGE,246.4,440.76679245283015,246.4,246.4
1426,Fluctuating,86.0,59.0,64.0,7.0,CLOUD,CLOUD,1097.6,868.0827906976745,868.0827906976745,868.0827906976745
1427,Fluctuating,52.0,54.0,63.0,4.0,EDGE,EDGE,622.4,759.4646153846154,622.4,622.4
1428,Fluctuating,76.0,52.0,65.0,9.0,CLOUD,CLOUD,1422.0,1202.7684210526315,1202.7684210526315,1202.7684210526315
1429,Fluctuating,66.0,43.0,79.0,10.0,CLOUD,CLOUD,1748.0,1486.7212121212121,1486.7212121212121,1486.7212121212121
1430,Fluctuating,62.0,88.0,74.0,7.0,CLOUD,CLOUD,1181.6,1151.945806451613,1151.945806451613,1151.945806451613
1431,Fluctuating,46.0,51.0,80.0,3.0,CLOUD,CLOUD,528.0,642.3391304347826,642.3391304347826,642.3391304347826
1432,Fluctuating,75.0,81.0,62.0,6.0,CLOUD,CLOUD,926.4,855.88,855.88,855.88
1433,Fluctuating,82.0,50.0,64.0,10.0,CLOUD,CLOUD,1568.0,1251.2097560975608,1251.2097560975608,1251.2097560975608
1434,Fluctuating,68.0,75.0,50.0,9.0,CLOUD,CLOUD,1260.0,1331.8235294117646,1331.8235294117646,1331.8235294117646
1435,Fluctuating,60.0,77.0,56.0,7.0,CLOUD,CLOUD,1030.4,1166.0133333333333,1166.0133333333333,1166.0133333333333
1436,Fluctuating,86.0,71.0,68.0,4.0,EDGE,EDGE,646.4,533.9730232558139,646.4,646.4
1437,Fluctuating,76.0,99.0,43.0,7.0,EDGE,EDGE,921.2,987.8821052631579,921.2,921.2
1438,Fluctuating,89.0,100.0,77.0,5.0,CLOUD,CLOUD,862.0000000000001,664.8382022471909,664.8382022471909,664.8382022471909
1439,Fluctuating,63.0,87.0,58.0,7.0,CLOUD,CLOUD,1047.2,1132.128888888889,1132.128888888889,1132.128888888889
1440,Fluctuating,40.0,34.0,48.0,10.0,EDGE,CLOUD,1376.0,2253.2,1376.0,2253.2
1441,Fluctuating,41.0,96.0,38.0,5.0,EDGE,EDGE,628.0,1179.2097560975608,628.0,628.0
1442,Fluctuating,40.0,68.0,44.0,4.0,EDGE,EDGE,531.2,955.04,531.2,531.2
1443,Fluctuating,60.0,32.0,79.0,5.0,CLOUD,CLOUD,874.0,814.4666666666666,814.4666666666666,814.4666666666666
1444,Fluctuating,75.0,95.0,65.0,10.0,CLOUD,CLOUD,1580.0,1387.6666666666667,1387.6666666666667,1387.6666666666667
1445,Fluctuating,76.0,49.0,36.0,1.0,EDGE,EDGE,123.2,175.70315789473682,123.2,123.2
1446,Fluctuating,69.0,75.0,39.0,3.0,EDGE,EDGE,380.4,487.50608695652176,380.4,380.4
1447,Fluctuating,56.0,76.0,67.0,4.0,EDGE,EDGE,641.5999999999999,738.1485714285715,641.5999999999999,641.5999999999999
1448,Fluctuating,54.0,62.0,49.0,2.0,EDGE,EDGE,277.59999999999997,402.2162962962963,277.59999999999997,277.59999999999997
1449,Fluctuating,76.0,81.0,66.0,4.0,EDGE,EDGE,636.8,592.6126315789473,636.8,636.8
1450,Fluctuating,86.0,39.0,76.0,6.0,CLOUD,CLOUD,1027.2,735.3795348837209,735.3795348837209,735.3795348837209
1451,Fluctuating,90.0,91.0,41.0,8.0,CLOUD,CLOUD,1033.6,975.2311111111111,975.2311111111111,975.2311111111111
1452,Fluctuating,84.0,42.0,68.0,5.0,EDGE,CLOUD,808.0,631.7904761904762,808.0,631.7904761904762
1453,Fluctuating,42.0,78.0,35.0,1.0,EDGE,EDGE,122.0,289.87619047619046,122.0,122.0
1454,Fluctuating,89.0,72.0,52.0,7.0,CLOUD,CLOUD,996.8000000000001,855.7734831460673,855.7734831460673,855.7734831460673
1455,Fluctuating,66.0,45.0,79.0,4.0,EDGE,CLOUD,699.2,622.4884848484849,699.2,622.4884848484849
1456,Fluctuating,87.0,31.0,70.0,7.0,EDGE,CLOUD,1148.0,834.2781609195403,1148.0,834.2781609195403
1457,Fluctuating,43.0,69.0,63.0,1.0,EDGE,EDGE,155.6,277.56651162790695,155.6,155.6
1458,Fluctuating,60.0,99.0,66.0,3.0,EDGE,EDGE,477.6,566.92,477.6,477.6
1459,Fluctuating,60.0,94.0,74.0,4.0,CLOUD,CLOUD,675.1999999999999,719.1733333333334,719.1733333333334,719.1733333333334
1460,Fluctuating,49.0,36.0,73.0,7.0,CLOUD,CLOUD,1173.1999999999998,1339.297142857143,1339.297142857143,1339.297142857143
1461,Fluctuating,68.0,94.0,35.0,4.0,EDGE,EDGE,488.0,650.1882352941176,488.0,488.0
1462,Fluctuating,67.0,67.0,80.0,7.0,CLOUD,CLOUD,1232.0,1065.220895522388,1065.220895522388,1065.220895522388
1463,Fluctuating,49.0,46.0,51.0,2.0,EDGE,EDGE,282.40000000000003,416.61061224489794,282.40000000000003,282.40000000000003
1464,Fluctuating,70.0,36.0,65.0,7.0,EDGE,CLOUD,1106.0,994.2,1106.0,994.2
1465,Fluctuating,56.0,40.0,55.0,9.0,CLOUD,CLOUD,1314.0000000000002,1525.5142857142857,1525.5142857142857,1525.5142857142857
1466,Fluctuating,67.0,46.0,78.0,3.0,EDGE,CLOUD,520.8,473.5689552238806,520.8,473.5689552238806
1467,Fluctuating,70.0,55.0,61.0,7.0,CLOUD,CLOUD,1072.4,1012.0799999999999,1012.0799999999999,1012.0799999999999
1468,Fluctuating,81.0,55.0,65.0,10.0,CLOUD,CLOUD,1580.0,1268.6543209876543,1268.6543209876543,1268.6543209876543
1469,Fluctuating,87.0,97.0,45.0,4.0,EDGE,EDGE,536.0,552.016091954023,536.0,536.0
1470,Fluctuating,44.0,64.0,79.0,7.0,CLOUD,CLOUD,1223.6000000000001,1498.8472727272726,1498.8472727272726,1498.8472727272726
1471,Fluctuating,60.0,41.0,37.0,7.0,EDGE,EDGE,870.8,1124.6933333333334,870.8,870.8
1472,Fluctuating,67.0,76.0,52.0,4.0,EDGE,EDGE,569.6,641.9319402985076,569.6,569.6
1473,Fluctuating,60.0,74.0,68.0,1.0,EDGE,EDGE,161.6,230.05333333333334,161.6,161.6
1474,Fluctuating,89.0,69.0,40.0,6.0,EDGE,EDGE,768.0,737.9258426966293,768.0,768.0
1475,Fluctuating,79.0,86.0,69.0,3.0,EDGE,EDGE,488.40000000000003,458.0774683544304,488.40000000000003,488.40000000000003
1476,Fluctuating,68.0,35.0,44.0,4.0,EDGE,EDGE,531.2,592.6282352941176,531.2,531.2
1477,Fluctuating,83.0,77.0,39.0,2.0,EDGE,EDGE,253.6,312.8910843373494,253.6,253.6
1478,Fluctuating,47.0,36.0,45.0,10.0,EDGE,CLOUD,1340.0,1956.127659574468,1340.0,1956.127659574468
1479,Fluctuating,49.0,66.0,30.0,6.0,EDGE,EDGE,696.0,1172.791836734694,696.0,696.0
1480,Fluctuating,84.0,44.0,49.0,8.0,EDGE,CLOUD,1110.3999999999999,981.5847619047618,1110.3999999999999,981.5847619047618
1481,Fluctuating,70.0,32.0,51.0,4.0,EDGE,EDGE,564.8000000000001,577.3028571428571,564.8000000000001,564.8000000000001
1482,Fluctuating,87.0,98.0,43.0,4.0,EDGE,EDGE,526.4,552.696091954023,526.4,526.4
1483,Fluctuating,74.0,96.0,78.0,5.0,CLOUD,CLOUD,868.0,752.1405405405405,752.1405405405405,752.1405405405405
1484,Fluctuating,75.0,91.0,69.0,3.0,EDGE,EDGE,488.40000000000003,479.28,488.40000000000003,488.40000000000003
1485,Fluctuating,84.0,32.0,54.0,10.0,CLOUD,CLOUD,1448.0,1205.9809523809522,1205.9809523809522,1205.9809523809522
1486,Fluctuating,82.0,97.0,32.0,5.0,EDGE,EDGE,592.0,691.2048780487804,592.0,592.0
1487,Fluctuating,50.0,37.0,48.0,4.0,EDGE,EDGE,550.4,764.6800000000001,550.4,550.4
1488,Fluctuating,90.0,64.0,33.0,8.0,CLOUD,CLOUD,956.8000000000001,945.671111111111,945.671111111111,945.671111111111
1489,Fluctuating,81.0,31.0,34.0,7.0,EDGE,EDGE,845.6,871.878024691358,845.6,845.6
1490,Fluctuating,82.0,64.0,72.0,6.0,CLOUD,CLOUD,998.4000000000001,786.6458536585366,786.6458536585366,786.6458536585366
1491,Fluctuating,46.0,32.0,48.0,7.0,EDGE,EDGE,963.1999999999999,1402.8313043478263,963.1999999999999,963.1999999999999
1492,Fluctuating,54.0,78.0,62.0,2.0,EDGE,EDGE,308.8,419.25629629629634,308.8,308.8
1493,Fluctuating,60.0,92.0,68.0,9.0,CLOUD,CLOUD,1454.4,1496.48,1496.48,1496.48
1494,Fluctuating,45.0,53.0,42.0,9.0,CLOUD,CLOUD,1173.6,1848.12,1848.12,1848.12
1495,Fluctuating,69.0,32.0,32.0,4.0,EDGE,EDGE,473.6,580.888115942029,473.6,473.6
1496,Fluctuating,73.0,69.0,51.0,8.0,CLOUD,CLOUD,1129.6000000000001,1122.0323287671233,1122.0323287671233,1122.0323287671233
1497,Fluctuating,65.0,50.0,31.0,6.0,EDGE,EDGE,703.1999999999999,915.9015384615385,703.1999999999999,703.1999999999999
1498,Fluctuating,83.0,75.0,52.0,5.0,CLOUD,CLOUD,712.0,667.3277108433734,667.3277108433734,667.3277108433734
1499,Fluctuating,55.0,94.0,47.0,1.0,EDGE,EDGE,136.4,261.33454545454543,136.4,136.4
1500,Fluctuating,80.0,62.0,54.0,1.0,EDGE,EDGE,144.8,184.16,144.8,144.8
1501,Fluctuating,75.0,65.0,44.0,3.0,EDGE,EDGE,398.40000000000003,450.28,398.40000000000003,398.40000000000003
1502,Fluctuating,61.0,80.0,72.0,3.0,CLOUD,CLOUD,499.20000000000005,542.0826229508197,542.0826229508197,542.0826229508197
1503,Fluctuating,45.0,78.0,63.0,10.0,CLOUD,CLOUD,1556.0,2080.9777777777776,2080.9777777777776,2080.9777777777776
1504,Fluctuating,80.0,59.0,56.0,4.0,EDGE,EDGE,588.8000000000001,547.96,588.8000000000001,588.8000000000001
1505,Fluctuating,76.0,49.0,57.0,5.0,EDGE,CLOUD,742.0,686.7157894736841,742.0,686.7157894736841
1506,Fluctuating,78.0,72.0,58.0,9.0,CLOUD,CLOUD,1346.3999999999999,1195.9569230769232,1195.9569230769232,1195.9569230769232
1507,Fluctuating,48.0,56.0,71.0,3.0,CLOUD,CLOUD,495.59999999999997,624.52,624.52,624.52
1508,Fluctuating,77.0,99.0,73.0,4.0,CLOUD,CLOUD,670.3999999999999,606.2644155844156,606.2644155844156,606.2644155844156
1509,Fluctuating,48.0,69.0,74.0,9.0,CLOUD,CLOUD,1519.1999999999998,1775.6399999999999,1775.6399999999999,1775.6399999999999
1510,Fluctuating,48.0,85.0,79.0,3.0,CLOUD,CLOUD,524.4,654.48,654.48,654.48
1511,Fluctuating,81.0,50.0,50.0,2.0,EDGE,EDGE,280.0,291.53086419753083,280.0,280.0
1512,Fluctuating,75.0,98.0,76.0,2.0,CLOUD,CLOUD,342.40000000000003,357.41333333333336,357.41333333333336,357.41333333333336
1513,Fluctuating,51.0,70.0,39.0,1.0,EDGE,EDGE,126.8,248.42274509803923,126.8,126.8
1514,Fluctuating,88.0,70.0,56.0,7.0,CLOUD,CLOUD,1030.4,862.0436363636363,862.0436363636363,862.0436363636363
1515,Fluctuating,59.0,86.0,77.0,5.0,CLOUD,CLOUD,862.0000000000001,879.3661016949152,879.3661016949152,879.3661016949152
1516,Fluctuating,49.0,54.0,36.0,3.0,EDGE,EDGE,369.6,608.115918367347,369.6,369.6
1517,Fluctuating,51.0,33.0,78.0,10.0,CLOUD,CLOUD,1736.0,1832.827450980392,1832.827450980392,1832.827450980392
1518,Fluctuating,79.0,64.0,68.0,10.0,CLOUD,CLOUD,1616.0,1303.8582278481015,1303.8582278481015,1303.8582278481015
1519,Fluctuating,79.0,59.0,68.0,4.0,EDGE,EDGE,646.4,554.9432911392405,646.4,646.4
1520,Fluctuating,54.0,33.0,52.0,2.0,EDGE,EDGE,284.8,373.45629629629633,284.8,284.8
1521,Fluctuating,84.0,91.0,38.0,9.0,CLOUD,CLOUD,1130.4,1141.8228571428572,1141.8228571428572,1141.8228571428572
1522,Fluctuating,78.0,90.0,75.0,6.0,CLOUD,CLOUD,1020.0,843.3846153846155,843.3846153846155,843.3846153846155
1523,Fluctuating,51.0,79.0,61.0,8.0,CLOUD,CLOUD,1225.6,1513.4219607843138,1513.4219607843138,1513.4219607843138
1524,Fluctuating,48.0,50.0,42.0,4.0,EDGE,EDGE,521.5999999999999,803.3866666666667,521.5999999999999,521.5999999999999
1525,Fluctuating,42.0,82.0,78.0,1.0,CLOUD,CLOUD,173.6,295.5961904761905,295.5961904761905,295.5961904761905
1526,Fluctuating,57.0,82.0,44.0,4.0,EDGE,EDGE,531.2,730.4435087719297,531.2,531.2
1527,Fluctuating,88.0,56.0,34.0,3.0,EDGE,EDGE,362.4,392.8072727272727,362.4,362.4
1528,Fluctuating,68.0,92.0,74.0,6.0,CLOUD,CLOUD,1012.8,935.6423529411765,935.6423529411765,935.6423529411765
1529,Fluctuating,69.0,61.0,57.0,7.0,CLOUD,CLOUD,1038.8,1028.5542028985508,1028.5542028985508,1028.5542028985508
1530,Fluctuating,89.0,35.0,68.0,7.0,EDGE,CLOUD,1131.2,823.2534831460673,1131.2,823.2534831460673
1531,Fluctuating,86.0,70.0,55.0,10.0,CLOUD,CLOUD,1460.0000000000002,1222.2325581395348,1222.2325581395348,1222.2325581395348
1532,Fluctuating,87.0,98.0,63.0,1.0,EDGE,EDGE,155.6,212.47402298850574,155.6,155.6
1533,Fluctuating,73.0,43.0,58.0,8.0,CLOUD,CLOUD,1196.8,1098.2723287671233,1098.2723287671233,1098.2723287671233
1534,Fluctuating,42.0,61.0,63.0,9.0,CLOUD,CLOUD,1400.4,1977.9657142857143,1977.9657142857143,1977.9657142857143
1535,Fluctuating,65.0,35.0,65.0,7.0,EDGE,CLOUD,1106.0,1054.7384615384615,1106.0,1054.7384615384615
1536,Fluctuating,73.0,36.0,42.0,5.0,EDGE,EDGE,652.0,692.345205479452,652.0,652.0
1537,Fluctuating,68.0,80.0,49.0,5.0,EDGE,EDGE,694.0,778.035294117647,694.0,694.0
1538,Fluctuating,69.0,51.0,57.0,5.0,CLOUD,CLOUD,742.0,742.1101449275362,742.1101449275362,742.1101449275362
1539,Fluctuating,79.0,36.0,74.0,9.0,CLOUD,CLOUD,1519.1999999999998,1154.0324050632912,1154.0324050632912,1154.0324050632912
1540,Fluctuating,49.0,89.0,71.0,8.0,CLOUD,CLOUD,1321.6,1577.8424489795918,1577.8424489795918,1577.8424489795918
1541,Fluctuating,45.0,94.0,37.0,3.0,EDGE,EDGE,373.2,691.7733333333333,373.2,373.2
1542,Fluctuating,89.0,99.0,38.0,7.0,EDGE,EDGE,879.2,878.8534831460673,879.2,879.2
1543,Fluctuating,66.0,71.0,58.0,1.0,EDGE,EDGE,149.6,214.5321212121212,149.6,149.6
1544,Fluctuating,51.0,88.0,67.0,4.0,EDGE,EDGE,641.5999999999999,806.1709803921569,641.5999999999999,641.5999999999999
1545,Fluctuating,69.0,41.0,46.0,6.0,EDGE,EDGE,811.1999999999999,867.6921739130435,811.1999999999999,811.1999999999999
1546,Fluctuating,84.0,50.0,75.0,2.0,EDGE,CLOUD,340.0,286.4761904761905,340.0,286.4761904761905
1547,Fluctuating,45.0,44.0,75.0,8.0,CLOUD,CLOUD,1360.0,1650.2222222222222,1650.2222222222222,1650.2222222222222
1548,Fluctuating,80.0,76.0,35.0,9.0,CLOUD,CLOUD,1098.0,1168.6,1168.6,1168.6
1549,Fluctuating,85.0,79.0,76.0,9.0,CLOUD,CLOUD,1540.8000000000002,1133.4188235294118,1133.4188235294118,1133.4188235294118
1550,Fluctuating,79.0,50.0,54.0,9.0,CLOUD,CLOUD,1303.2,1160.8324050632912,1160.8324050632912,1160.8324050632912
1551,Fluctuating,64.0,35.0,79.0,3.0,EDGE,CLOUD,524.4,479.48,524.4,479.48
1552,Fluctuating,61.0,49.0,40.0,3.0,EDGE,EDGE,384.0,507.2426229508197,384.0,384.0
1553,Fluctuating,51.0,36.0,56.0,5.0,EDGE,CLOUD,736.0,931.5137254901961,736.0,931.5137254901961
1554,Fluctuating,59.0,87.0,48.0,3.0,EDGE,EDGE,412.8,559.5396610169493,412.8,412.8
1555,Fluctuating,47.0,46.0,42.0,1.0,EDGE,EDGE,130.39999999999998,237.8927659574468,130.39999999999998,130.39999999999998
1556,Fluctuating,79.0,62.0,30.0,8.0,CLOUD,CLOUD,928.0,1041.7265822784811,1041.7265822784811,1041.7265822784811
1557,Fluctuating,71.0,93.0,64.0,1.0,EDGE,EDGE,156.8,228.23605633802816,156.8,156.8
1558,Fluctuating,78.0,93.0,45.0,4.0,EDGE,EDGE,536.0,590.4564102564102,536.0,536.0
1559,Fluctuating,77.0,90.0,59.0,7.0,CLOUD,CLOUD,1055.6,973.7927272727272,973.7927272727272,973.7927272727272
1560,Fluctuating,68.0,40.0,68.0,10.0,CLOUD,CLOUD,1616.0,1443.6705882352942,1443.6705882352942,1443.6705882352942
1561,Fluctuating,40.0,61.0,65.0,5.0,CLOUD,CLOUD,790.0,1174.0,1174.0,1174.0
1562,Fluctuating,79.0,56.0,33.0,3.0,EDGE,EDGE,358.8,423.7574683544304,358.8,358.8
1563,Fluctuating,49.0,37.0,71.0,6.0,CLOUD,CLOUD,991.1999999999999,1153.631836734694,1153.631836734694,1153.631836734694
1564,Fluctuating,42.0,48.0,32.0,10.0,EDGE,CLOUD,1184.0,2165.5619047619048,1184.0,2165.5619047619048
1565,Fluctuating,78.0,68.0,51.0,2.0,EDGE,EDGE,282.40000000000003,317.20820512820507,282.40000000000003,282.40000000000003
1566,Fluctuating,43.0,43.0,56.0,3.0,EDGE,EDGE,441.6,667.8595348837209,441.6,441.6
1567,Fluctuating,50.0,66.0,69.0,10.0,CLOUD,CLOUD,1628.0,1893.6,1893.6,1893.6
1568,Fluctuating,76.0,52.0,59.0,10.0,CLOUD,CLOUD,1508.0,1328.2315789473682,1328.2315789473682,1328.2315789473682
1569,Fluctuating,63.0,34.0,35.0,5.0,EDGE,EDGE,610.0,775.9206349206349,610.0,610.0
1570,Fluctuating,60.0,77.0,54.0,2.0,EDGE,EDGE,289.6,387.9866666666667,289.6,289.6
1571,Fluctuating,88.0,84.0,65.0,2.0,EDGE,EDGE,316.0,311.0181818181818,316.0,316.0
1572,Fluctuating,58.0,90.0,38.0,2.0,EDGE,EDGE,251.20000000000002,408.90206896551723,251.20000000000002,251.20000000000002
1573,Fluctuating,84.0,65.0,51.0,9.0,CLOUD,CLOUD,1270.8000000000002,1120.502857142857,1120.502857142857,1120.502857142857
1574,Fluctuating,66.0,97.0,43.0,4.0,EDGE,EDGE,526.4,668.7284848484849,526.4,526.4
1575,Fluctuating,79.0,37.0,36.0,10.0,EDGE,CLOUD,1232.0,1264.0582278481015,1232.0,1264.0582278481015
1576,Fluctuating,86.0,97.0,35.0,8.0,CLOUD,CLOUD,976.0,1012.3860465116279,1012.3860465116279,1012.3860465116279
1577,Fluctuating,86.0,66.0,57.0,10.0,CLOUD,CLOUD,1484.0,1219.0325581395348,1219.0325581395348,1219.0325581395348
1578,Fluctuating,60.0,63.0,63.0,10.0,CLOUD,CLOUD,1556.0,1621.5333333333333,1621.5333333333333,1621.5333333333333
1579,Fluctuating,79.0,75.0,38.0,10.0,CLOUD,CLOUD,1256.0,1302.8582278481015,1302.8582278481015,1302.8582278481015
1580,Fluctuating,76.0,93.0,63.0,8.0,CLOUD,CLOUD,1244.8,1115.2652631578947,1115.2652631578947,1115.2652631578947
1581,Fluctuating,71.0,53.0,69.0,4.0,EDGE,EDGE,651.2,594.7442253521127,651.2,651.2
1582,Fluctuating,85.0,67.0,42.0,1.0,EDGE,EDGE,130.39999999999998,182.79764705882354,130.39999999999998,130.39999999999998
1583,Fluctuating,47.0,33.0,59.0,2.0,EDGE,EDGE,301.6,418.1455319148936,301.6,301.6
1584,Fluctuating,87.0,56.0,69.0,7.0,CLOUD,CLOUD,1139.6000000000001,858.9981609195402,858.9981609195402,858.9981609195402
1585,Fluctuating,66.0,35.0,51.0,6.0,EDGE,CLOUD,847.2,894.5127272727273,847.2,894.5127272727273
1586,Fluctuating,75.0,57.0,30.0,4.0,EDGE,EDGE,464.0,568.4666666666667,464.0,464.0
1587,Fluctuating,84.0,66.0,46.0,2.0,EDGE,EDGE,270.4,300.1561904761905,270.4,270.4
1588,Fluctuating,59.0,68.0,62.0,9.0,CLOUD,CLOUD,1389.6,1490.6589830508474,1490.6589830508474,1490.6589830508474
1589,Fluctuating,60.0,30.0,37.0,6.0,EDGE,EDGE,746.4,958.88,746.4,746.4
1590,Fluctuating,61.0,80.0,76.0,10.0,CLOUD,CLOUD,1712.0,1621.8754098360655,1621.8754098360655,1621.8754098360655
1591,Fluctuating,79.0,33.0,41.0,4.0,EDGE,EDGE,516.8,524.6232911392406,516.8,516.8
1592,Fluctuating,61.0,73.0,73.0,8.0,CLOUD,CLOUD,1340.7999999999997,1305.5403278688525,1305.5403278688525,1305.5403278688525
1593,Fluctuating,70.0,34.0,71.0,3.0,EDGE,CLOUD,495.59999999999997,445.3771428571428,495.59999999999997,445.3771428571428
1594,Fluctuating,70.0,49.0,70.0,8.0,CLOUD,CLOUD,1312.0,1145.6857142857143,1145.6857142857143,1145.6857142857143
1595,Fluctuating,74.0,72.0,59.0,7.0,CLOUD,CLOUD,1055.6,985.2767567567568,985.2767567567568,985.2767567567568
1596,Fluctuating,87.0,37.0,63.0,5.0,EDGE,CLOUD,778.0,609.3701149425287,778.0,609.3701149425287
1597,Fluctuating,76.0,70.0,65.0,9.0,CLOUD,CLOUD,1422.0,1220.7684210526315,1220.7684210526315,1220.7684210526315
1598,Fluctuating,41.0,56.0,66.0,6.0,CLOUD,CLOUD,955.2,1362.571707317073,1362.571707317073,1362.571707317073
1599,Fluctuating,90.0,75.0,34.0,3.0,EDGE,EDGE,362.4,405.74666666666667,362.4,362.4
1600,Fluctuating,57.0,33.0,51.0,7.0,EDGE,CLOUD,988.4000000000001,1169.7361403508771,988.4000000000001,1169.7361403508771
1601,Fluctuating,80.0,98.0,40.0,10.0,CLOUD,CLOUD,1280.0,1314.0,1314.0,1314.0
1602,Fluctuating,78.0,79.0,41.0,10.0,CLOUD,CLOUD,1292.0,1321.0410256410257,1321.0410256410257,1321.0410256410257
1603,Fluctuating,47.0,69.0,75.0,6.0,CLOUD,CLOUD,1020.0,1228.276595744681,1228.276595744681,1228.276595744681
1604,Fluctuating,85.0,34.0,47.0,7.0,EDGE,EDGE,954.8000000000001,845.9835294117647,954.8000000000001,954.8000000000001
1605,Fluctuating,45.0,93.0,45.0,6.0,EDGE,EDGE,804.0,1290.4666666666667,804.0,804.0
1606,Fluctuating,68.0,68.0,43.0,9.0,CLOUD,CLOUD,1184.4,1322.3035294117647,1322.3035294117647,1322.3035294117647
1607,Fluctuating,59.0,52.0,37.0,6.0,EDGE,EDGE,746.4,994.4393220338984,746.4,746.4
1608,Fluctuating,90.0,34.0,79.0,4.0,EDGE,CLOUD,699.2,482.19555555555553,699.2,482.19555555555553
1609,Fluctuating,45.0,86.0,62.0,1.0,EDGE,EDGE,154.4,286.2577777777778,154.4,154.4
1610,Fluctuating,70.0,94.0,39.0,4.0,EDGE,EDGE,507.2,637.3828571428571,507.2,507.2
1611,Fluctuating,61.0,91.0,76.0,9.0,CLOUD,CLOUD,1540.8000000000002,1478.687868852459,1478.687868852459,1478.687868852459
1612,Fluctuating,59.0,71.0,39.0,2.0,EDGE,EDGE,253.6,385.3064406779661,253.6,253.6
1613,Fluctuating,73.0,46.0,43.0,1.0,EDGE,EDGE,131.6,177.30904109589042,131.6,131.6
1614,Fluctuating,69.0,79.0,75.0,9.0,CLOUD,CLOUD,1530.0,1329.4782608695652,1329.4782608695652,1329.4782608695652
1615,Fluctuating,47.0,30.0,49.0,1.0,EDGE,EDGE,138.79999999999998,222.1727659574468,138.79999999999998,138.79999999999998
1616,Fluctuating,83.0,41.0,51.0,8.0,CLOUD,CLOUD,1129.6000000000001,988.4043373493977,988.4043373493977,988.4043373493977
1617,Fluctuating,42.0,43.0,63.0,5.0,EDGE,CLOUD,778.0,1107.9809523809522,778.0,1107.9809523809522
1618,Fluctuating,41.0,69.0,70.0,4.0,EDGE,EDGE,656.0,940.6878048780488,656.0,656.0
1619,Fluctuating,60.0,55.0,42.0,5.0,EDGE,EDGE,652.0,830.0666666666666,652.0,652.0
1620,Fluctuating,57.0,98.0,50.0,8.0,CLOUD,CLOUD,1120.0,1396.8070175438595,1396.8070175438595,1396.8070175438595
1621,Fluctuating,82.0,45.0,47.0,3.0,EDGE,EDGE,409.20000000000005,403.3229268292683,409.20000000000005,409.20000000000005
1622,Fluctuating,50.0,65.0,37.0,1.0,EDGE,EDGE,124.39999999999999,246.48,124.39999999999999,124.39999999999999
1623,Fluctuating,79.0,95.0,36.0,4.0,EDGE,EDGE,492.8,585.8232911392405,492.8,492.8
1624,Fluctuating,74.0,74.0,65.0,6.0,CLOUD,CLOUD,948.0,858.2486486486487,858.2486486486487,858.2486486486487
1625,Fluctuating,57.0,48.0,75.0,5.0,CLOUD,CLOUD,850.0,864.7543859649122,864.7543859649122,864.7543859649122
1626,Fluctuating,76.0,61.0,40.0,2.0,EDGE,EDGE,256.0,314.72631578947363,256.0,256.0
1627,Fluctuating,59.0,73.0,64.0,8.0,CLOUD,CLOUD,1254.4,1338.2257627118645,1338.2257627118645,1338.2257627118645
1628,Fluctuating,43.0,46.0,31.0,8.0,EDGE,CLOUD,937.5999999999999,1704.2920930232558,937.5999999999999,1704.2920930232558
1629,Fluctuating,83.0,36.0,36.0,7.0,EDGE,EDGE,862.4,860.7787951807229,862.4,862.4
1630,Fluctuating,43.0,41.0,57.0,7.0,EDGE,CLOUD,1038.8,1499.285581395349,1038.8,1499.285581395349
1631,Fluctuating,51.0,87.0,69.0,6.0,CLOUD,CLOUD,976.8000000000001,1164.736470588235,1164.736470588235,1164.736470588235
1632,Fluctuating,59.0,72.0,42.0,9.0,CLOUD,CLOUD,1173.6,1487.4589830508476,1487.4589830508476,1487.4589830508476
1633,Fluctuating,45.0,89.0,66.0,3.0,EDGE,EDGE,477.6,690.2533333333333,477.6,477.6
1634,Fluctuating,45.0,89.0,36.0,8.0,CLOUD,CLOUD,985.6,1682.7422222222222,1682.7422222222222,1682.7422222222222
1635,Fluctuating,59.0,89.0,60.0,4.0,EDGE,EDGE,608.0,720.9728813559323,608.0,608.0
1636,Fluctuating,54.0,48.0,69.0,5.0,EDGE,CLOUD,814.0,902.5407407407406,814.0,902.5407407407406
1637,Fluctuating,63.0,80.0,41.0,6.0,EDGE,EDGE,775.2,971.7447619047618,775.2,775.2
1638,Fluctuating,90.0,71.0,59.0,8.0,CLOUD,CLOUD,1206.4,960.9911111111111,960.9911111111111,960.9911111111111
1639,Fluctuating,41.0,38.0,60.0,2.0,EDGE,EDGE,304.0,473.0439024390244,304.0,304.0
1640,Fluctuating,62.0,91.0,59.0,3.0,EDGE,EDGE,452.4,545.1767741935483,452.4,452.4
1641,Fluctuating,58.0,74.0,68.0,10.0,CLOUD,CLOUD,1616.0,1680.5103448275863,1680.5103448275863,1680.5103448275863
1642,Fluctuating,48.0,95.0,36.0,7.0,EDGE,EDGE,862.4,1411.7466666666667,862.4,862.4
1643,Fluctuating,85.0,43.0,50.0,9.0,EDGE,CLOUD,1260.0,1088.0588235294117,1260.0,1088.0588235294117
1644,Fluctuating,81.0,39.0,80.0,5.0,CLOUD,CLOUD,880.0000000000001,648.8271604938271,648.8271604938271,648.8271604938271
1645,Fluctuating,74.0,89.0,55.0,10.0,CLOUD,CLOUD,1460.0000000000002,1392.081081081081,1392.081081081081,1392.081081081081
1646,Fluctuating,66.0,60.0,69.0,4.0,EDGE,EDGE,651.2,635.8884848484848,651.2,651.2
1647,Fluctuating,75.0,50.0,60.0,7.0,EDGE,CLOUD,1064.0,953.4666666666667,1064.0,953.4666666666667
1648,Fluctuating,44.0,73.0,43.0,10.0,CLOUD,CLOUD,1316.0,2108.381818181818,2108.381818181818,2108.381818181818
1649,Fluctuating,67.0,85.0,66.0,6.0,CLOUD,CLOUD,955.2,937.2579104477612,937.2579104477612,937.2579104477612
1650,Fluctuating,74.0,60.0,41.0,2.0,EDGE,EDGE,258.4,319.4962162162162,258.4,258.4
1651,Fluctuating,87.0,92.0,37.0,10.0,CLOUD,CLOUD,1244.0,1226.3402298850574,1226.3402298850574,1226.3402298850574
1652,Fluctuating,78.0,89.0,50.0,9.0,CLOUD,CLOUD,1260.0,1210.076923076923,1210.076923076923,1210.076923076923
1653,Fluctuating,46.0,86.0,41.0,5.0,EDGE,EDGE,646.0,1063.7652173913043,646.0,646.0
1654,Fluctuating,65.0,38.0,68.0,2.0,EDGE,EDGE,323.2,329.5938461538462,323.2,323.2
1655,Fluctuating,83.0,78.0,50.0,8.0,CLOUD,CLOUD,1120.0,1025.0843373493976,1025.0843373493976,1025.0843373493976
1656,Fluctuating,81.0,37.0,35.0,4.0,EDGE,EDGE,488.0,517.6617283950617,488.0,488.0
1657,Fluctuating,48.0,30.0,78.0,3.0,EDGE,CLOUD,520.8,599.36,520.8,599.36
1658,Fluctuating,82.0,49.0,58.0,9.0,CLOUD,CLOUD,1346.3999999999999,1127.928780487805,1127.928780487805,1127.928780487805
1659,Fluctuating,58.0,79.0,69.0,10.0,CLOUD,CLOUD,1628.0,1685.9103448275862,1685.9103448275862,1685.9103448275862
1660,Fluctuating,68.0,55.0,43.0,6.0,EDGE,EDGE,789.6,891.2023529411765,789.6,789.6
1661,Fluctuating,59.0,68.0,57.0,6.0,CLOUD,CLOUD,890.4,1015.2393220338984,1015.2393220338984,1015.2393220338984
1662,Fluctuating,45.0,31.0,69.0,9.0,CLOUD,CLOUD,1465.2,1835.84,1835.84,1835.84
1663,Fluctuating,65.0,46.0,48.0,1.0,EDGE,EDGE,137.6,190.9969230769231,137.6,137.6
1664,Fluctuating,63.0,100.0,33.0,1.0,EDGE,EDGE,119.60000000000001,248.30412698412698,119.60000000000001,119.60000000000001
1665,Fluctuating,85.0,75.0,37.0,5.0,EDGE,EDGE,622.0,652.9882352941175,622.0,622.0
1666,Fluctuating,41.0,60.0,57.0,10.0,CLOUD,CLOUD,1484.0,2234.019512195122,2234.019512195122,2234.019512195122
1667,Fluctuating,65.0,70.0,75.0,7.0,CLOUD,CLOUD,1190.0,1092.5384615384614,1092.5384615384614,1092.5384615384614
1668,Fluctuating,65.0,78.0,57.0,9.0,CLOUD,CLOUD,1335.6,1386.2123076923078,1386.2123076923078,1386.2123076923078
1669,Fluctuating,53.0,52.0,60.0,3.0,EDGE,EDGE,456.0,572.0301886792453,456.0,456.0
1670,Fluctuating,52.0,79.0,53.0,7.0,CLOUD,CLOUD,1005.1999999999999,1310.7630769230768,1310.7630769230768,1310.7630769230768
1671,Fluctuating,49.0,66.0,72.0,3.0,CLOUD,CLOUD,499.20000000000005,624.435918367347,624.435918367347,624.435918367347
1672,Fluctuating,48.0,31.0,34.0,1.0,EDGE,EDGE,120.8,219.02666666666664,120.8,120.8
1673,Fluctuating,49.0,92.0,72.0,7.0,CLOUD,CLOUD,1164.8,1395.017142857143,1395.017142857143,1395.017142857143
1674,Fluctuating,48.0,40.0,38.0,7.0,EDGE,EDGE,879.2,1357.3066666666668,879.2,879.2
1675,Fluctuating,69.0,84.0,69.0,3.0,EDGE,EDGE,488.40000000000003,500.1060869565217,488.40000000000003,488.40000000000003
1676,Fluctuating,69.0,95.0,57.0,9.0,CLOUD,CLOUD,1335.6,1338.9982608695652,1338.9982608695652,1338.9982608695652
1677,Fluctuating,68.0,79.0,52.0,4.0,EDGE,EDGE,569.6,637.9082352941176,569.6,569.6
1678,Fluctuating,51.0,84.0,68.0,1.0,EDGE,EDGE,161.6,263.58274509803925,161.6,161.6
1679,Fluctuating,76.0,93.0,76.0,4.0,CLOUD,CLOUD,684.8000000000001,606.2126315789473,606.2126315789473,606.2126315789473
1680,Fluctuating,85.0,94.0,47.0,7.0,EDGE,EDGE,954.8000000000001,905.9835294117647,954.8000000000001,954.8000000000001
1681,Fluctuating,74.0,76.0,32.0,1.0,EDGE,EDGE,118.4,205.38810810810813,118.4,118.4
1682,Fluctuating,76.0,91.0,75.0,6.0,CLOUD,CLOUD,1020.0,860.578947368421,860.578947368421,860.578947368421
1683,Fluctuating,47.0,91.0,74.0,2.0,CLOUD,CLOUD,337.59999999999997,477.3455319148936,477.3455319148936,477.3455319148936
1684,Fluctuating,49.0,97.0,78.0,5.0,CLOUD,CLOUD,868.0,1028.926530612245,1028.926530612245,1028.926530612245
1685,Fluctuating,69.0,96.0,35.0,9.0,CLOUD,CLOUD,1098.0,1332.0782608695654,1332.0782608695654,1332.0782608695654
1686,Fluctuating,79.0,41.0,45.0,8.0,EDGE,CLOUD,1072.0,1025.526582278481,1072.0,1025.526582278481
1687,Fluctuating,80.0,39.0,73.0,9.0,CLOUD,CLOUD,1508.3999999999999,1145.28,1145.28,1145.28
1688,Fluctuating,77.0,69.0,69.0,1.0,EDGE,EDGE,162.8,195.6561038961039,162.8,162.8
1689,Fluctuating,61.0,98.0,79.0,1.0,CLOUD,CLOUD,174.8,252.30754098360657,252.30754098360657,252.30754098360657
1690,Fluctuating,70.0,88.0,62.0,8.0,CLOUD,CLOUD,1235.2,1182.1257142857144,1182.1257142857144,1182.1257142857144
1691,Fluctuating,76.0,72.0,56.0,6.0,CLOUD,CLOUD,883.2,837.0189473684211,837.0189473684211,837.0189473684211
1692,Fluctuating,58.0,67.0,40.0,1.0,EDGE,EDGE,128.0,226.5310344827586,128.0,128.0
1693,Fluctuating,84.0,68.0,76.0,10.0,CLOUD,CLOUD,1712.0,1250.7809523809524,1250.7809523809524,1250.7809523809524
1694,Fluctuating,56.0,37.0,70.0,8.0,CLOUD,CLOUD,1312.0,1362.2571428571428,1362.2571428571428,1362.2571428571428
1695,Fluctuating,77.0,51.0,66.0,1.0,EDGE,EDGE,159.2,177.5361038961039,159.2,159.2
1696,Fluctuating,82.0,67.0,77.0,10.0,CLOUD,CLOUD,1724.0000000000002,1273.4097560975608,1273.4097560975608,1273.4097560975608
1697,Fluctuating,41.0,66.0,61.0,2.0,EDGE,EDGE,306.4,501.1239024390244,306.4,306.4
1698,Fluctuating,48.0,94.0,34.0,5.0,EDGE,EDGE,604.0,1034.1333333333334,604.0,604.0
1699,Fluctuating,56.0,46.0,69.0,5.0,EDGE,CLOUD,814.0,874.0857142857143,814.0,874.0857142857143
1700,Fluctuating,57.0,62.0,30.0,2.0,EDGE,EDGE,232.0,385.1017543859649,232.0,232.0
1701,Fluctuating,78.0,52.0,67.0,3.0,EDGE,EDGE,481.2,427.7323076923077,481.2,481.2
1702,Fluctuating,82.0,87.0,53.0,3.0,EDGE,EDGE,430.79999999999995,446.0429268292683,430.79999999999995,430.79999999999995
1703,Fluctuating,56.0,60.0,61.0,3.0,EDGE,EDGE,459.6,555.8914285714286,459.6,459.6
1704,Fluctuating,73.0,34.0,51.0,2.0,EDGE,EDGE,282.40000000000003,297.25808219178083,282.40000000000003,282.40000000000003
1705,Fluctuating,49.0,49.0,61.0,7.0,EDGE,CLOUD,1072.4,1348.9371428571428,1072.4,1348.9371428571428
1706,Fluctuating,89.0,79.0,45.0,8.0,CLOUD,CLOUD,1072.0,972.5011235955055,972.5011235955055,972.5011235955055
1707,Fluctuating,86.0,51.0,43.0,10.0,CLOUD,CLOUD,1316.0,1198.4325581395349,1198.4325581395349,1198.4325581395349
1708,Fluctuating,86.0,74.0,33.0,5.0,EDGE,EDGE,598.0,645.7162790697674,598.0,598.0
1709,Fluctuating,88.0,44.0,33.0,3.0,EDGE,EDGE,358.8,380.68727272727267,358.8,358.8
1710,Fluctuating,69.0,81.0,60.0,5.0,CLOUD,CLOUD,760.0,772.7101449275362,772.7101449275362,772.7101449275362
1711,Fluctuating,70.0,98.0,44.0,7.0,EDGE,EDGE,929.6000000000001,1050.32,929.6000000000001,929.6000000000001
1712,Fluctuating,83.0,79.0,60.0,5.0,CLOUD,CLOUD,760.0,672.9277108433735,672.9277108433735,672.9277108433735
1713,Fluctuating,49.0,97.0,57.0,1.0,EDGE,EDGE,148.4,282.54530612244895,148.4,148.4
1714,Fluctuating,58.0,87.0,54.0,6.0,CLOUD,CLOUD,868.8000000000001,1047.5462068965517,1047.5462068965517,1047.5462068965517
1715,Fluctuating,73.0,35.0,36.0,9.0,EDGE,CLOUD,1108.8,1214.2613698630137,1108.8,1214.2613698630137
1716,Fluctuating,80.0,75.0,57.0,10.0,CLOUD,CLOUD,1484.0,1297.8,1297.8,1297.8
1717,Fluctuating,81.0,64.0,51.0,5.0,CLOUD,CLOUD,706.0,668.0271604938272,668.0271604938272,668.0271604938272
1718,Fluctuating,57.0,42.0,46.0,10.0,EDGE,CLOUD,1352.0,1663.9087719298245,1352.0,1663.9087719298245
1719,Fluctuating,65.0,89.0,79.0,4.0,CLOUD,CLOUD,699.2,673.9476923076924,673.9476923076924,673.9476923076924
1720,Fluctuating,86.0,54.0,63.0,6.0,CLOUD,CLOUD,933.6,747.2595348837209,747.2595348837209,747.2595348837209
1721,Fluctuating,83.0,53.0,50.0,9.0,CLOUD,CLOUD,1260.0,1118.4698795180723,1118.4698795180723,1118.4698795180723
1722,Fluctuating,40.0,31.0,34.0,1.0,EDGE,EDGE,120.8,252.36,120.8,120.8
1723,Fluctuating,66.0,42.0,63.0,2.0,EDGE,EDGE,311.2,329.46424242424246,311.2,311.2
1724,Fluctuating,83.0,87.0,52.0,4.0,EDGE,EDGE,569.6,560.8621686746989,569.6,569.6
1725,Fluctuating,86.0,66.0,46.0,4.0,EDGE,EDGE,540.8,525.453023255814,540.8,540.8
1726,Fluctuating,42.0,33.0,69.0,2.0,EDGE,EDGE,325.6,459.4723809523809,325.6,325.6
1727,Fluctuating,43.0,57.0,68.0,2.0,EDGE,EDGE,323.2,474.53302325581393,323.2,323.2
1728,Fluctuating,85.0,45.0,35.0,10.0,EDGE,CLOUD,1220.0,1200.1764705882351,1220.0,1200.1764705882351
1729,Fluctuating,48.0,78.0,72.0,10.0,CLOUD,CLOUD,1664.0,1973.4666666666667,1973.4666666666667,1973.4666666666667
1730,Fluctuating,51.0,44.0,74.0,3.0,EDGE,CLOUD,506.4,583.4682352941176,506.4,583.4682352941176
1731,Fluctuating,56.0,67.0,59.0,2.0,EDGE,EDGE,301.6,397.4342857142857,301.6,301.6
1732,Fluctuating,80.0,88.0,47.0,7.0,EDGE,EDGE,954.8000000000001,941.1600000000001,954.8000000000001,954.8000000000001
1733,Fluctuating,84.0,71.0,46.0,3.0,EDGE,EDGE,405.59999999999997,422.23428571428576,405.59999999999997,405.59999999999997
1734,Fluctuating,89.0,39.0,47.0,1.0,EDGE,EDGE,136.4,150.7676404494382,136.4,136.4
1735,Fluctuating,64.0,79.0,51.0,1.0,EDGE,EDGE,141.20000000000002,226.04,141.20000000000002,141.20000000000002
1736,Fluctuating,56.0,63.0,41.0,8.0,CLOUD,CLOUD,1033.6,1378.977142857143,1378.977142857143,1378.977142857143
1737,Fluctuating,44.0,92.0,42.0,10.0,CLOUD,CLOUD,1304.0,2126.981818181818,2126.981818181818,2126.981818181818
1738,Fluctuating,65.0,52.0,71.0,8.0,CLOUD,CLOUD,1321.6,1219.3353846153848,1219.3353846153848,1219.3353846153848
1739,Fluctuating,46.0,48.0,64.0,7.0,EDGE,CLOUD,1097.6,1423.3113043478263,1097.6,1423.3113043478263
1740,Fluctuating,53.0,43.0,58.0,5.0,EDGE,CLOUD,748.0,909.3169811320755,748.0,909.3169811320755
1741,Fluctuating,46.0,34.0,34.0,2.0,EDGE,EDGE,241.6,424.5460869565218,241.6,241.6
1742,Fluctuating,76.0,62.0,79.0,8.0,CLOUD,CLOUD,1398.4,1089.3852631578948,1089.3852631578948,1089.3852631578948
1743,Fluctuating,41.0,93.0,39.0,1.0,EDGE,EDGE,126.8,309.6819512195122,126.8,126.8
1744,Fluctuating,42.0,79.0,47.0,3.0,EDGE,EDGE,409.20000000000005,716.0685714285714,409.20000000000005,409.20000000000005
1745,Fluctuating,84.0,72.0,55.0,10.0,CLOUD,CLOUD,1460.0000000000002,1246.3809523809523,1246.3809523809523,1246.3809523809523
1746,Fluctuating,40.0,95.0,75.0,8.0,CLOUD,CLOUD,1360.0,1879.0,1879.0,1879.0
1747,Fluctuating,70.0,85.0,55.0,2.0,EDGE,EDGE,292.0,357.97142857142853,292.0,292.0
1748,Fluctuating,74.0,58.0,30.0,7.0,EDGE,EDGE,812.0,963.1567567567567,812.0,812.0
1749,Fluctuating,84.0,91.0,37.0,10.0,CLOUD,CLOUD,1244.0,1258.1809523809522,1258.1809523809522,1258.1809523809522
1750,Fluctuating,74.0,75.0,51.0,5.0,CLOUD,CLOUD,706.0,725.7405405405406,725.7405405405406,725.7405405405406
1751,Fluctuating,65.0,37.0,70.0,2.0,EDGE,EDGE,328.0,328.7538461538462,328.0,328.0
1752,Fluctuating,63.0,98.0,51.0,2.0,EDGE,EDGE,282.40000000000003,396.04825396825396,282.40000000000003,282.40000000000003
1753,Fluctuating,69.0,67.0,71.0,4.0,CLOUD,CLOUD,660.8,622.128115942029,622.128115942029,622.128115942029
1754,Fluctuating,51.0,100.0,32.0,7.0,EDGE,EDGE,828.8,1346.9992156862747,828.8,828.8
1755,Fluctuating,82.0,54.0,49.0,7.0,EDGE,EDGE,971.5999999999999,890.6468292682928,971.5999999999999,971.5999999999999
1756,Fluctuating,46.0,75.0,61.0,2.0,EDGE,EDGE,306.4,467.70608695652174,306.4,306.4
1757,Fluctuating,80.0,86.0,77.0,4.0,CLOUD,CLOUD,689.6000000000001,578.3199999999999,578.3199999999999,578.3199999999999
1758,Fluctuating,48.0,34.0,42.0,1.0,EDGE,EDGE,130.39999999999998,222.34666666666666,130.39999999999998,130.39999999999998
1759,Fluctuating,86.0,60.0,61.0,7.0,CLOUD,CLOUD,1072.4,868.2427906976745,868.2427906976745,868.2427906976745
1760,Fluctuating,44.0,99.0,71.0,5.0,CLOUD,CLOUD,826.0,1122.290909090909,1122.290909090909,1122.290909090909
1761,Fluctuating,71.0,98.0,58.0,1.0,EDGE,EDGE,149.6,232.99605633802815,149.6,149.6
1762,Fluctuating,42.0,73.0,33.0,6.0,EDGE,EDGE,717.6,1343.777142857143,717.6,717.6
1763,Fluctuating,90.0,35.0,55.0,2.0,EDGE,EDGE,292.0,257.1777777777778,292.0,292.0
1764,Fluctuating,53.0,96.0,59.0,9.0,CLOUD,CLOUD,1357.2,1655.7305660377358,1655.7305660377358,1655.7305660377358
1765,Fluctuating,49.0,59.0,34.0,1.0,EDGE,EDGE,120.8,243.625306122449,120.8,120.8
1766,Fluctuating,87.0,48.0,61.0,1.0,EDGE,EDGE,153.2,162.39402298850575,153.2,153.2
1767,Fluctuating,70.0,35.0,45.0,3.0,EDGE,EDGE,402.0,443.25714285714287,402.0,402.0
1768,Fluctuating,40.0,52.0,70.0,1.0,EDGE,EDGE,164.0,274.8,164.0,164.0
1769,Fluctuating,59.0,42.0,59.0,10.0,CLOUD,CLOUD,1508.0,1621.5322033898303,1621.5322033898303,1621.5322033898303
1770,Fluctuating,50.0,38.0,36.0,2.0,EDGE,EDGE,246.4,400.88,246.4,246.4
1771,Fluctuating,71.0,58.0,34.0,4.0,EDGE,EDGE,483.2,594.1442253521127,483.2,483.2
1772,Fluctuating,67.0,73.0,77.0,7.0,CLOUD,CLOUD,1206.8000000000002,1070.380895522388,1070.380895522388,1070.380895522388
1773,Fluctuating,60.0,45.0,73.0,10.0,CLOUD,CLOUD,1675.9999999999998,1607.5333333333333,1607.5333333333333,1607.5333333333333
1774,Fluctuating,74.0,47.0,50.0,4.0,EDGE,EDGE,560.0,567.4324324324325,560.0,560.0
1775,Fluctuating,88.0,35.0,67.0,3.0,EDGE,EDGE,481.2,375.7672727272727,481.2,481.2
1776,Fluctuating,61.0,38.0,37.0,5.0,EDGE,EDGE,622.0,801.1377049180327,622.0,622.0
1777,Fluctuating,49.0,83.0,40.0,6.0,EDGE,EDGE,768.0,1192.1918367346939,768.0,768.0
1778,Fluctuating,75.0,51.0,58.0,4.0,EDGE,EDGE,598.4,566.9466666666667,598.4,598.4
1779,Fluctuating,77.0,35.0,38.0,2.0,EDGE,EDGE,251.20000000000002,285.83220779220784,251.20000000000002,251.20000000000002
1780,Fluctuating,90.0,78.0,79.0,3.0,CLOUD,CLOUD,524.4,414.14666666666665,414.14666666666665,414.14666666666665
1781,Fluctuating,41.0,92.0,35.0,1.0,EDGE,EDGE,122.0,308.5219512195122,122.0,122.0
1782,Fluctuating,40.0,52.0,35.0,10.0,CLOUD,CLOUD,1220.0,2266.0,2266.0,2266.0
1783,Fluctuating,58.0,83.0,74.0,8.0,CLOUD,CLOUD,1350.3999999999999,1370.128275862069,1370.128275862069,1370.128275862069
1784,Fluctuating,84.0,46.0,43.0,3.0,EDGE,EDGE,394.8,396.87428571428575,394.8,394.8
1785,Fluctuating,80.0,64.0,63.0,8.0,CLOUD,CLOUD,1244.8,1044.1599999999999,1044.1599999999999,1044.1599999999999
1786,Fluctuating,66.0,60.0,41.0,10.0,CLOUD,CLOUD,1292.0,1488.5212121212123,1488.5212121212123,1488.5212121212123
1787,Fluctuating,84.0,34.0,68.0,3.0,EDGE,EDGE,484.8,387.87428571428575,484.8,484.8
1788,Fluctuating,85.0,93.0,69.0,2.0,EDGE,EDGE,325.6,326.75529411764705,325.6,325.6
1789,Fluctuating,80.0,68.0,52.0,7.0,CLOUD,CLOUD,996.8000000000001,922.56,922.56,922.56
1790,Fluctuating,40.0,60.0,42.0,2.0,EDGE,EDGE,260.79999999999995,503.36,260.79999999999995,260.79999999999995
1791,Fluctuating,73.0,42.0,69.0,6.0,EDGE,CLOUD,976.8000000000001,836.0942465753424,976.8000000000001,836.0942465753424
1792,Fluctuating,88.0,99.0,62.0,4.0,EDGE,EDGE,617.6,552.5563636363636,617.6,617.6
1793,Fluctuating,69.0,56.0,47.0,1.0,EDGE,EDGE,136.4,193.82202898550725,136.4,136.4
1794,Fluctuating,52.0,44.0,80.0,3.0,EDGE,CLOUD,528.0,575.1384615384616,528.0,575.1384615384616
1795,Fluctuating,83.0,90.0,61.0,3.0,EDGE,EDGE,459.6,446.4766265060241,459.6,459.6
1796,Fluctuating,50.0,35.0,33.0,6.0,EDGE,EDGE,717.6,1122.92,717.6,717.6
1797,Fluctuating,58.0,56.0,57.0,5.0,CLOUD,CLOUD,742.0,857.0551724137931,857.0551724137931,857.0551724137931
1798,Fluctuating,61.0,88.0,32.0,2.0,EDGE,EDGE,236.8,392.85508196721315,236.8,236.8
1799,Fluctuating,87.0,36.0,64.0,3.0,EDGE,EDGE,470.4,379.5420689655172,470.4,470.4
1800,Fluctuating,50.0,33.0,61.0,9.0,CLOUD,CLOUD,1378.8,1674.96,1674.96,1674.96
1801,Fluctuating,47.0,39.0,45.0,8.0,EDGE,CLOUD,1072.0,1575.1021276595745,1072.0,1575.1021276595745
1802,Fluctuating,77.0,71.0,56.0,4.0,EDGE,EDGE,588.8000000000001,575.5444155844157,588.8000000000001,588.8000000000001
1803,Fluctuating,87.0,71.0,44.0,2.0,EDGE,EDGE,265.6,298.4280459770115,265.6,265.6
1804,Fluctuating,60.0,59.0,36.0,4.0,EDGE,EDGE,492.8,678.0933333333334,492.8,492.8
1805,Fluctuating,87.0,82.0,42.0,7.0,EDGE,EDGE,912.8,877.4381609195402,912.8,912.8
1806,Fluctuating,54.0,39.0,60.0,10.0,CLOUD,CLOUD,1520.0,1744.4814814814813,1744.4814814814813,1744.4814814814813
1807,Fluctuating,71.0,36.0,57.0,3.0,EDGE,EDGE,445.2,440.86816901408446,445.2,445.2
1808,Fluctuating,53.0,88.0,41.0,7.0,EDGE,EDGE,904.4,1296.0837735849057,904.4,904.4
1809,Fluctuating,63.0,47.0,59.0,4.0,EDGE,EDGE,603.2,644.376507936508,603.2,603.2
1810,Fluctuating,80.0,75.0,47.0,4.0,EDGE,EDGE,545.6,562.52,545.6,545.6
1811,Fluctuating,61.0,46.0,32.0,10.0,EDGE,CLOUD,1184.0,1570.2754098360654,1184.0,1570.2754098360654
1812,Fluctuating,43.0,65.0,38.0,2.0,EDGE,EDGE,251.20000000000002,480.13302325581395,251.20000000000002,251.20000000000002
1813,Fluctuating,69.0,88.0,56.0,3.0,EDGE,EDGE,441.6,502.5460869565218,441.6,441.6
1814,Fluctuating,88.0,73.0,44.0,5.0,EDGE,EDGE,664.0,636.3454545454545,664.0,664.0
1815,Fluctuating,78.0,50.0,80.0,10.0,CLOUD,CLOUD,1760.0000000000002,1307.6410256410256,1307.6410256410256,1307.6410256410256
1816,Fluctuating,50.0,100.0,44.0,2.0,EDGE,EDGE,265.6,463.52,265.6,265.6
1817,Fluctuating,66.0,96.0,61.0,4.0,EDGE,EDGE,612.8,670.6084848484849,612.8,612.8
1818,Fluctuating,77.0,90.0,59.0,5.0,CLOUD,CLOUD,754.0,721.2805194805194,721.2805194805194,721.2805194805194
1819,Fluctuating,40.0,84.0,77.0,4.0,CLOUD,CLOUD,689.6000000000001,976.3199999999999,976.3199999999999,976.3199999999999
1820,Fluctuating,55.0,71.0,57.0,10.0,CLOUD,CLOUD,1484.0,1748.3454545454545,1748.3454545454545,1748.3454545454545
1821,Fluctuating,54.0,49.0,66.0,1.0,EDGE,EDGE,159.2,219.78814814814814,159.2,159.2
1822,Fluctuating,66.0,35.0,32.0,8.0,EDGE,CLOUD,947.2,1174.9369696969698,947.2,1174.9369696969698
1823,Fluctuating,86.0,94.0,32.0,7.0,EDGE,EDGE,828.8,894.1227906976745,828.8,828.8
1824,Fluctuating,73.0,80.0,60.0,2.0,EDGE,EDGE,304.0,343.97808219178086,304.0,304.0
1825,Fluctuating,68.0,93.0,45.0,2.0,EDGE,EDGE,268.0,371.8941176470588,268.0,268.0
1826,Fluctuating,75.0,31.0,74.0,7.0,CLOUD,CLOUD,1181.6,938.3866666666668,938.3866666666668,938.3866666666668
1827,Fluctuating,53.0,46.0,52.0,5.0,EDGE,CLOUD,712.0,911.1169811320755,712.0,911.1169811320755
1828,Fluctuating,55.0,41.0,31.0,8.0,EDGE,CLOUD,937.5999999999999,1374.5563636363636,937.5999999999999,1374.5563636363636
1829,Fluctuating,82.0,69.0,40.0,8.0,CLOUD,CLOUD,1024.0,1022.2878048780487,1022.2878048780487,1022.2878048780487
1830,Fluctuating,76.0,33.0,59.0,8.0,CLOUD,CLOUD,1206.4,1053.9852631578947,1053.9852631578947,1053.9852631578947
1831,Fluctuating,89.0,47.0,75.0,7.0,CLOUD,CLOUD,1190.0,837.2134831460673,837.2134831460673,837.2134831460673
1832,Fluctuating,51.0,77.0,70.0,8.0,CLOUD,CLOUD,1312.0,1514.301960784314,1514.301960784314,1514.301960784314
1833,Fluctuating,85.0,30.0,70.0,2.0,EDGE,EDGE,328.0,263.83529411764704,328.0,328.0
1834,Fluctuating,64.0,72.0,63.0,1.0,EDGE,EDGE,155.6,219.51999999999998,155.6,155.6
1835,Fluctuating,58.0,84.0,78.0,5.0,CLOUD,CLOUD,868.0,889.2551724137932,889.2551724137932,889.2551724137932
1836,Fluctuating,84.0,99.0,66.0,4.0,EDGE,EDGE,636.8,570.5123809523809,636.8,636.8
1837,Fluctuating,90.0,40.0,69.0,6.0,EDGE,CLOUD,976.8000000000001,709.8933333333334,976.8000000000001,709.8933333333334
1838,Fluctuating,87.0,37.0,62.0,6.0,EDGE,CLOUD,926.4,723.6041379310344,926.4,723.6041379310344
1839,Fluctuating,43.0,44.0,54.0,6.0,EDGE,CLOUD,868.8000000000001,1293.2390697674418,868.8000000000001,1293.2390697674418
1840,Fluctuating,69.0,35.0,53.0,6.0,EDGE,CLOUD,861.5999999999999,863.3721739130435,861.5999999999999,863.3721739130435
1841,Fluctuating,51.0,38.0,65.0,4.0,EDGE,EDGE,632.0,755.8509803921569,632.0,632.0
1842,Fluctuating,48.0,72.0,45.0,9.0,CLOUD,CLOUD,1206.0,1768.2,1768.2,1768.2
1843,Fluctuating,47.0,91.0,77.0,10.0,CLOUD,CLOUD,1724.0000000000002,2023.927659574468,2023.927659574468,2023.927659574468
1844,Fluctuating,84.0,56.0,78.0,4.0,CLOUD,CLOUD,694.4,529.432380952381,529.432380952381,529.432380952381
1845,Fluctuating,60.0,75.0,47.0,9.0,CLOUD,CLOUD,1227.6000000000001,1471.92,1471.92,1471.92
1846,Fluctuating,83.0,84.0,47.0,1.0,EDGE,EDGE,136.4,202.2655421686747,136.4,136.4
1847,Fluctuating,44.0,77.0,52.0,8.0,CLOUD,CLOUD,1139.2,1708.1854545454546,1708.1854545454546,1708.1854545454546
1848,Fluctuating,71.0,94.0,63.0,2.0,EDGE,EDGE,311.2,364.3921126760563,311.2,311.2
1849,Fluctuating,70.0,98.0,73.0,9.0,CLOUD,CLOUD,1508.3999999999999,1332.8514285714284,1332.8514285714284,1332.8514285714284
1850,Fluctuating,58.0,87.0,69.0,6.0,CLOUD,CLOUD,976.8000000000001,1051.1462068965518,1051.1462068965518,1051.1462068965518
1851,Fluctuating,83.0,38.0,42.0,8.0,EDGE,CLOUD,1043.1999999999998,982.5243373493977,1043.1999999999998,982.5243373493977
1852,Fluctuating,45.0,40.0,55.0,3.0,EDGE,EDGE,438.00000000000006,639.9333333333334,438.00000000000006,438.00000000000006
1853,Fluctuating,58.0,39.0,36.0,3.0,EDGE,EDGE,369.6,517.1131034482759,369.6,369.6
1854,Fluctuating,57.0,44.0,74.0,3.0,EDGE,CLOUD,506.4,533.9326315789474,506.4,533.9326315789474
1855,Fluctuating,71.0,49.0,43.0,9.0,EDGE,CLOUD,1184.4,1258.5645070422534,1184.4,1258.5645070422534
1856,Fluctuating,80.0,32.0,48.0,7.0,EDGE,EDGE,963.1999999999999,885.44,963.1999999999999,963.1999999999999
1857,Fluctuating,83.0,99.0,38.0,8.0,CLOUD,CLOUD,1004.8000000000001,1042.2443373493977,1042.2443373493977,1042.2443373493977
1858,Fluctuating,62.0,83.0,58.0,1.0,EDGE,EDGE,149.6,234.35225806451612,149.6,149.6
1859,Fluctuating,58.0,54.0,34.0,1.0,EDGE,EDGE,120.8,213.29103448275862,120.8,120.8
1860,Fluctuating,54.0,96.0,71.0,6.0,CLOUD,CLOUD,991.1999999999999,1121.9288888888889,1121.9288888888889,1121.9288888888889
1861,Fluctuating,66.0,73.0,71.0,6.0,CLOUD,CLOUD,991.1999999999999,937.3127272727272,937.3127272727272,937.3127272727272
1862,Fluctuating,71.0,97.0,65.0,8.0,CLOUD,CLOUD,1264.0,1179.2084507042255,1179.2084507042255,1179.2084507042255
1863,Fluctuating,69.0,68.0,66.0,3.0,EDGE,EDGE,477.6,483.74608695652176,477.6,477.6
1864,Fluctuating,90.0,69.0,40.0,5.0,EDGE,EDGE,640.0,621.4444444444443,640.0,640.0
1865,Fluctuating,54.0,91.0,53.0,5.0,CLOUD,CLOUD,718.0,942.3407407407407,942.3407407407407,942.3407407407407
1866,Fluctuating,89.0,36.0,39.0,6.0,EDGE,EDGE,760.8,704.6858426966293,760.8,760.8
1867,Fluctuating,58.0,88.0,40.0,10.0,CLOUD,CLOUD,1280.0,1683.3103448275863,1683.3103448275863,1683.3103448275863
1868,Fluctuating,50.0,98.0,48.0,3.0,EDGE,EDGE,412.8,643.76,412.8,412.8
1869,Fluctuating,51.0,49.0,40.0,4.0,EDGE,EDGE,512.0,762.8509803921569,512.0,512.0
1870,Fluctuating,47.0,35.0,50.0,10.0,EDGE,CLOUD,1400.0,1957.127659574468,1400.0,1957.127659574468
1871,Fluctuating,48.0,86.0,46.0,6.0,EDGE,EDGE,811.1999999999999,1217.04,811.1999999999999,811.1999999999999
1872,Fluctuating,51.0,56.0,65.0,1.0,EDGE,EDGE,158.0,235.46274509803922,158.0,158.0
1873,Fluctuating,82.0,70.0,52.0,3.0,EDGE,EDGE,427.2,428.9229268292683,427.2,427.2
1874,Fluctuating,63.0,87.0,64.0,3.0,EDGE,EDGE,470.4,535.6323809523809,470.4,470.4
1875,Fluctuating,74.0,68.0,37.0,1.0,EDGE,EDGE,124.39999999999999,197.58810810810812,124.39999999999999,124.39999999999999
1876,Fluctuating,65.0,93.0,79.0,3.0,CLOUD,CLOUD,524.4,531.7107692307692,531.7107692307692,531.7107692307692
1877,Fluctuating,69.0,70.0,39.0,1.0,EDGE,EDGE,126.8,207.50202898550725,126.8,126.8
1878,Fluctuating,87.0,99.0,62.0,6.0,CLOUD,CLOUD,926.4,785.6041379310344,785.6041379310344,785.6041379310344
1879,Fluctuating,81.0,67.0,60.0,5.0,CLOUD,CLOUD,760.0,672.8271604938271,672.8271604938271,672.8271604938271
1880,Fluctuating,88.0,48.0,66.0,8.0,CLOUD,CLOUD,1273.6,956.3927272727273,956.3927272727273,956.3927272727273
1881,Fluctuating,61.0,44.0,76.0,8.0,CLOUD,CLOUD,1369.6000000000001,1277.5003278688525,1277.5003278688525,1277.5003278688525
1882,Fluctuating,42.0,47.0,73.0,9.0,CLOUD,CLOUD,1508.3999999999999,1967.5657142857142,1967.5657142857142,1967.5657142857142
1883,Fluctuating,47.0,69.0,31.0,7.0,EDGE,EDGE,820.3999999999999,1409.1693617021276,820.3999999999999,820.3999999999999
1884,Fluctuating,79.0,58.0,58.0,6.0,CLOUD,CLOUD,897.5999999999999,799.5149367088609,799.5149367088609,799.5149367088609
1885,Fluctuating,45.0,71.0,33.0,10.0,CLOUD,CLOUD,1196.0,2061.9777777777776,2061.9777777777776,2061.9777777777776
1886,Fluctuating,81.0,54.0,67.0,9.0,CLOUD,CLOUD,1443.6,1147.0088888888888,1147.0088888888888,1147.0088888888888
1887,Fluctuating,54.0,65.0,42.0,1.0,EDGE,EDGE,130.39999999999998,234.82814814814816,130.39999999999998,130.39999999999998
1888,Fluctuating,45.0,98.0,58.0,2.0,EDGE,EDGE,299.2,498.19555555555553,299.2,299.2
1889,Fluctuating,72.0,80.0,42.0,8.0,CLOUD,CLOUD,1043.1999999999998,1142.3288888888887,1142.3288888888887,1142.3288888888887
1890,Fluctuating,60.0,95.0,33.0,6.0,EDGE,EDGE,717.6,1022.92,717.6,717.6
1891,Fluctuating,65.0,48.0,75.0,7.0,CLOUD,CLOUD,1190.0,1070.5384615384614,1070.5384615384614,1070.5384615384614
1892,Fluctuating,63.0,79.0,53.0,1.0,EDGE,EDGE,143.6,228.104126984127,143.6,143.6
1893,Fluctuating,58.0,74.0,52.0,5.0,CLOUD,CLOUD,712.0,874.0551724137931,874.0551724137931,874.0551724137931
1894,Fluctuating,68.0,41.0,43.0,8.0,EDGE,CLOUD,1052.8,1155.9364705882354,1052.8,1155.9364705882354
1895,Fluctuating,87.0,83.0,58.0,5.0,CLOUD,CLOUD,748.0,654.3701149425287,654.3701149425287,654.3701149425287
1896,Fluctuating,50.0,84.0,76.0,7.0,CLOUD,CLOUD,1198.4,1365.28,1365.28,1365.28
1897,Fluctuating,48.0,41.0,39.0,4.0,EDGE,EDGE,507.2,793.9066666666666,507.2,507.2
1898,Fluctuating,59.0,90.0,63.0,6.0,CLOUD,CLOUD,933.6,1038.6793220338984,1038.6793220338984,1038.6793220338984
1899,Fluctuating,44.0,78.0,35.0,1.0,EDGE,EDGE,122.0,281.2181818181818,122.0,122.0
1900,Fluctuating,66.0,64.0,56.0,3.0,EDGE,EDGE,441.6,494.35636363636365,441.6,441.6
1901,Fluctuating,75.0,89.0,75.0,10.0,CLOUD,CLOUD,1700.0,1385.6666666666667,1385.6666666666667,1385.6666666666667
1902,Fluctuating,88.0,47.0,42.0,3.0,EDGE,EDGE,391.2,384.7672727272727,391.2,391.2
1903,Fluctuating,64.0,67.0,65.0,8.0,CLOUD,CLOUD,1264.0,1247.8,1247.8,1247.8
1904,Fluctuating,42.0,68.0,67.0,5.0,CLOUD,CLOUD,802.0,1133.7809523809524,1133.7809523809524,1133.7809523809524
1905,Fluctuating,71.0,89.0,44.0,1.0,EDGE,EDGE,132.8,223.43605633802815,132.8,132.8
1906,Fluctuating,90.0,30.0,39.0,5.0,EDGE,EDGE,634.0,582.2444444444444,634.0,634.0
1907,Fluctuating,59.0,90.0,37.0,5.0,EDGE,EDGE,622.0,875.3661016949152,622.0,622.0
1908,Fluctuating,66.0,52.0,61.0,4.0,EDGE,EDGE,612.8,626.6084848484849,612.8,612.8
1909,Fluctuating,41.0,45.0,78.0,5.0,CLOUD,CLOUD,868.0,1136.209756097561,1136.209756097561,1136.209756097561
1910,Fluctuating,71.0,38.0,68.0,6.0,EDGE,CLOUD,969.6,850.376338028169,969.6,850.376338028169
1911,Fluctuating,77.0,91.0,66.0,7.0,CLOUD,CLOUD,1114.4,976.7527272727273,976.7527272727273,976.7527272727273
1912,Fluctuating,56.0,90.0,74.0,2.0,CLOUD,CLOUD,337.59999999999997,421.63428571428574,421.63428571428574,421.63428571428574
1913,Fluctuating,63.0,95.0,76.0,10.0,CLOUD,CLOUD,1712.0,1595.24126984127,1595.24126984127,1595.24126984127
1914,Fluctuating,41.0,63.0,40.0,10.0,CLOUD,CLOUD,1280.0,2230.2195121951218,2230.2195121951218,2230.2195121951218
1915,Fluctuating,43.0,48.0,50.0,8.0,EDGE,CLOUD,1120.0,1712.3720930232557,1120.0,1712.3720930232557
1916,Fluctuating,84.0,47.0,52.0,3.0,EDGE,EDGE,427.2,398.95428571428573,427.2,427.2
1917,Fluctuating,43.0,64.0,53.0,7.0,CLOUD,CLOUD,1005.1999999999999,1521.165581395349,1521.165581395349,1521.165581395349
1918,Fluctuating,80.0,75.0,33.0,5.0,EDGE,EDGE,598.0,681.6,598.0,598.0
1919,Fluctuating,58.0,97.0,70.0,2.0,EDGE,EDGE,328.0,418.46206896551723,328.0,328.0
1920,Fluctuating,72.0,54.0,79.0,3.0,CLOUD,CLOUD,524.4,456.8133333333333,456.8133333333333,456.8133333333333
1921,Fluctuating,88.0,42.0,68.0,3.0,EDGE,EDGE,484.8,382.8872727272727,484.8,484.8
1922,Fluctuating,74.0,71.0,50.0,5.0,EDGE,EDGE,700.0,721.5405405405405,700.0,700.0
1923,Fluctuating,57.0,76.0,36.0,9.0,CLOUD,CLOUD,1108.8,1532.1178947368421,1532.1178947368421,1532.1178947368421
1924,Fluctuating,77.0,75.0,39.0,1.0,EDGE,EDGE,126.8,200.4561038961039,126.8,126.8
1925,Fluctuating,48.0,96.0,48.0,6.0,EDGE,EDGE,825.6,1227.52,825.6,825.6
1926,Fluctuating,89.0,92.0,56.0,6.0,CLOUD,CLOUD,883.2,764.7658426966293,764.7658426966293,764.7658426966293
1927,Fluctuating,50.0,43.0,43.0,3.0,EDGE,EDGE,394.8,588.16,394.8,394.8
1928,Fluctuating,72.0,58.0,42.0,9.0,CLOUD,CLOUD,1173.6,1253.12,1253.12,1253.12
1929,Fluctuating,79.0,97.0,64.0,9.0,CLOUD,CLOUD,1411.2,1211.432405063291,1211.432405063291,1211.432405063291
1930,Fluctuating,84.0,44.0,56.0,8.0,CLOUD,CLOUD,1177.6000000000001,983.8247619047618,983.8247619047618,983.8247619047618
1931,Fluctuating,44.0,44.0,38.0,1.0,EDGE,EDGE,125.60000000000001,247.33818181818182,125.60000000000001,125.60000000000001
1932,Fluctuating,70.0,74.0,49.0,6.0,EDGE,EDGE,832.8,891.4742857142857,832.8,832.8
1933,Fluctuating,48.0,86.0,68.0,9.0,CLOUD,CLOUD,1454.4,1790.48,1790.48,1790.48
1934,Fluctuating,88.0,73.0,41.0,5.0,EDGE,EDGE,646.0,635.7454545454545,646.0,646.0
1935,Fluctuating,41.0,45.0,44.0,3.0,EDGE,EDGE,398.40000000000003,695.6458536585366,398.40000000000003,398.40000000000003
1936,Fluctuating,84.0,48.0,74.0,4.0,EDGE,CLOUD,675.1999999999999,520.7923809523809,675.1999999999999,520.7923809523809
1937,Fluctuating,59.0,46.0,43.0,3.0,EDGE,EDGE,394.8,517.9396610169492,394.8,394.8
1938,Fluctuating,45.0,84.0,74.0,2.0,CLOUD,CLOUD,337.59999999999997,485.47555555555556,485.47555555555556,485.47555555555556
1939,Fluctuating,44.0,32.0,79.0,8.0,CLOUD,CLOUD,1398.4,1671.8254545454545,1671.8254545454545,1671.8254545454545
1940,Fluctuating,88.0,85.0,32.0,4.0,EDGE,EDGE,473.6,533.7563636363636,473.6,473.6
1941,Fluctuating,46.0,34.0,80.0,9.0,CLOUD,CLOUD,1584.0000000000002,1808.017391304348,1808.017391304348,1808.017391304348
1942,Fluctuating,77.0,37.0,60.0,2.0,EDGE,EDGE,304.0,289.59220779220783,304.0,304.0
1943,Fluctuating,56.0,35.0,34.0,5.0,EDGE,EDGE,604.0,856.0857142857144,604.0,604.0
1944,Fluctuating,82.0,31.0,78.0,2.0,EDGE,CLOUD,347.2,272.3619512195122,347.2,272.3619512195122
1945,Fluctuating,90.0,45.0,68.0,4.0,EDGE,EDGE,646.4,491.43555555555554,646.4,646.4
1946,Fluctuating,77.0,55.0,41.0,6.0,EDGE,EDGE,775.2,808.2166233766234,775.2,775.2
1947,Fluctuating,41.0,41.0,39.0,5.0,EDGE,EDGE,634.0,1124.409756097561,634.0,634.0
1948,Fluctuating,77.0,74.0,52.0,3.0,EDGE,EDGE,427.2,451.9283116883117,427.2,427.2
1949,Fluctuating,72.0,60.0,62.0,10.0,CLOUD,CLOUD,1544.0,1395.911111111111,1395.911111111111,1395.911111111111
1950,Fluctuating,44.0,42.0,67.0,1.0,EDGE,EDGE,160.39999999999998,246.49818181818182,160.39999999999998,160.39999999999998
1951,Fluctuating,73.0,57.0,75.0,4.0,CLOUD,CLOUD,680.0,587.3561643835617,587.3561643835617,587.3561643835617
1952,Fluctuating,58.0,51.0,78.0,9.0,CLOUD,CLOUD,1562.3999999999999,1500.4593103448276,1500.4593103448276,1500.4593103448276
1953,Fluctuating,40.0,42.0,43.0,9.0,EDGE,CLOUD,1184.4,2037.48,1184.4,2037.48
1954,Fluctuating,85.0,90.0,53.0,10.0,CLOUD,CLOUD,1436.0,1252.3764705882352,1252.3764705882352,1252.3764705882352
1955,Fluctuating,51.0,86.0,73.0,2.0,CLOUD,CLOUD,335.19999999999993,445.56549019607843,445.56549019607843,445.56549019607843
1956,Fluctuating,51.0,75.0,54.0,7.0,CLOUD,CLOUD,1013.6,1328.1592156862748,1328.1592156862748,1328.1592156862748
1957,Fluctuating,53.0,95.0,44.0,7.0,EDGE,EDGE,929.6000000000001,1303.9237735849056,929.6000000000001,929.6000000000001
1958,Fluctuating,47.0,70.0,37.0,8.0,CLOUD,CLOUD,995.1999999999999,1603.5421276595744,1603.5421276595744,1603.5421276595744
1959,Fluctuating,47.0,96.0,38.0,8.0,CLOUD,CLOUD,1004.8000000000001,1629.8621276595745,1629.8621276595745,1629.8621276595745
1960,Fluctuating,88.0,76.0,75.0,5.0,CLOUD,CLOUD,850.0,645.5454545454545,645.5454545454545,645.5454545454545
1961,Fluctuating,75.0,35.0,35.0,6.0,EDGE,EDGE,732.0,803.4,732.0,732.0
1962,Fluctuating,71.0,44.0,54.0,5.0,EDGE,CLOUD,724.0,718.1802816901409,724.0,718.1802816901409
1963,Fluctuating,69.0,69.0,73.0,8.0,CLOUD,CLOUD,1340.7999999999997,1179.896231884058,1179.896231884058,1179.896231884058
1964,Fluctuating,54.0,100.0,56.0,5.0,CLOUD,CLOUD,736.0,951.9407407407407,951.9407407407407,951.9407407407407
1965,Fluctuating,67.0,54.0,34.0,8.0,CLOUD,CLOUD,966.4,1180.103880597015,1180.103880597015,1180.103880597015
1966,Fluctuating,83.0,77.0,41.0,1.0,EDGE,EDGE,129.2,195.0255421686747,129.2,129.2
1967,Fluctuating,83.0,92.0,73.0,2.0,CLOUD,CLOUD,335.19999999999993,330.6110843373494,330.6110843373494,330.6110843373494
1968,Fluctuating,65.0,86.0,63.0,2.0,EDGE,EDGE,311.2,377.19384615384615,311.2,311.2
1969,Fluctuating,47.0,48.0,55.0,7.0,EDGE,CLOUD,1022.0000000000001,1394.8893617021276,1022.0000000000001,1394.8893617021276
1970,Fluctuating,84.0,43.0,77.0,3.0,EDGE,CLOUD,517.2,397.95428571428573,517.2,397.95428571428573
1971,Fluctuating,44.0,76.0,42.0,6.0,EDGE,EDGE,782.4,1296.9890909090907,782.4,782.4
1972,Fluctuating,52.0,81.0,37.0,4.0,EDGE,EDGE,497.59999999999997,782.3046153846154,497.59999999999997,497.59999999999997
1973,Fluctuating,67.0,93.0,47.0,10.0,CLOUD,CLOUD,1364.0,1505.8298507462684,1505.8298507462684,1505.8298507462684
1974,Fluctuating,77.0,64.0,78.0,7.0,CLOUD,CLOUD,1215.2,953.1127272727273,953.1127272727273,953.1127272727273
1975,Fluctuating,62.0,90.0,72.0,10.0,CLOUD,CLOUD,1664.0,1609.1225806451612,1609.1225806451612,1609.1225806451612
1976,Fluctuating,65.0,92.0,62.0,5.0,CLOUD,CLOUD,772.0,819.7846153846154,819.7846153846154,819.7846153846154
1977,Fluctuating,49.0,88.0,36.0,2.0,EDGE,EDGE,246.4,457.41061224489795,246.4,246.4
1978,Fluctuating,56.0,92.0,61.0,4.0,EDGE,EDGE,612.8,753.1885714285714,612.8,612.8
1979,Fluctuating,80.0,47.0,31.0,2.0,EDGE,EDGE,234.39999999999998,289.48,234.39999999999998,234.39999999999998
1980,Fluctuating,87.0,36.0,34.0,8.0,EDGE,CLOUD,966.4,942.5121839080459,966.4,942.5121839080459
1981,Fluctuating,83.0,33.0,41.0,7.0,EDGE,EDGE,904.4,859.1787951807229,904.4,904.4
1982,Fluctuating,78.0,71.0,39.0,5.0,EDGE,EDGE,634.0,691.6205128205129,634.0,634.0
1983,Fluctuating,79.0,42.0,78.0,2.0,EDGE,CLOUD,347.2,290.77164556962026,347.2,290.77164556962026
1984,Fluctuating,82.0,96.0,79.0,8.0,CLOUD,CLOUD,1398.4,1061.7678048780488,1061.7678048780488,1061.7678048780488
1985,Fluctuating,90.0,89.0,42.0,5.0,EDGE,EDGE,652.0,641.8444444444443,652.0,652.0
1986,Fluctuating,82.0,93.0,61.0,9.0,CLOUD,CLOUD,1378.8,1173.0087804878049,1173.0087804878049,1173.0087804878049
1987,Fluctuating,56.0,99.0,51.0,9.0,CLOUD,CLOUD,1270.8000000000002,1583.074285714286,1583.074285714286,1583.074285714286
1988,Fluctuating,74.0,32.0,78.0,1.0,EDGE,CLOUD,173.6,163.22810810810813,173.6,163.22810810810813
1989,Fluctuating,67.0,45.0,54.0,8.0,CLOUD,CLOUD,1158.4,1177.503880597015,1177.503880597015,1177.503880597015
1990,Fluctuating,60.0,78.0,58.0,8.0,CLOUD,CLOUD,1196.8,1323.2266666666667,1323.2266666666667,1323.2266666666667
1991,Fluctuating,42.0,34.0,41.0,9.0,EDGE,CLOUD,1162.8,1943.0457142857142,1162.8,1943.0457142857142
1992,Fluctuating,82.0,68.0,75.0,3.0,CLOUD,CLOUD,510.0,429.6829268292683,429.6829268292683,429.6829268292683
1993,Fluctuating,71.0,85.0,38.0,5.0,EDGE,EDGE,628.0,755.9802816901409,628.0,628.0
1994,Fluctuating,85.0,79.0,61.0,2.0,EDGE,EDGE,306.4,312.11529411764707,306.4,306.4
1995,Fluctuating,76.0,92.0,72.0,9.0,CLOUD,CLOUD,1497.6000000000001,1245.2884210526317,1245.2884210526317,1245.2884210526317
1996,Fluctuating,83.0,99.0,66.0,8.0,CLOUD,CLOUD,1273.6,1051.2043373493975,1051.2043373493975,1051.2043373493975
1997,Fluctuating,70.0,50.0,62.0,1.0,EDGE,EDGE,154.4,186.7657142857143,154.4,154.4
1998,Fluctuating,65.0,63.0,61.0,10.0,CLOUD,CLOUD,1532.0,1518.169230769231,1518.169230769231,1518.169230769231
1999,Fluctuating,64.0,75.0,79.0,5.0,CLOUD,CLOUD,874.0,815.8,815.8,815.8
2000,Fluctuating,60.0,37.0,31.0,10.0,EDGE,CLOUD,1172.0,1582.7333333333333,1172.0,1582.7333333333333
2001,Congested,11.0,152.0,83.0,6.0,CLOUD,CLOUD,1077.6000000000001,4655.556363636363,4655.556363636363,4655.556363636363
2002,Congested,35.0,126.0,81.0,7.0,CLOUD,CLOUD,1240.3999999999999,1888.68,1888.68,1888.68
2003,Congested,13.0,229.0,82.0,6.0,CLOUD,CLOUD,1070.4,4060.987692307692,4060.987692307692,4060.987692307692
2004,Congested,23.0,209.0,63.0,4.0,CLOUD,CLOUD,622.4,1690.384347826087,1690.384347826087,1690.384347826087
2005,Congested,17.0,180.0,79.0,10.0,CLOUD,CLOUD,1748.0,5117.482352941177,5117.482352941177,5117.482352941177
2006,Congested,12.0,136.0,79.0,2.0,CLOUD,CLOUD,349.6,1515.6533333333332,1515.6533333333332,1515.6533333333332
2007,Congested,20.0,163.0,61.0,9.0,CLOUD,CLOUD,1378.8,3964.96,3964.96,3964.96
2008,Congested,20.0,129.0,89.0,7.0,CLOUD,CLOUD,1307.6,3093.92,3093.92,3093.92
2009,Congested,28.0,227.0,77.0,1.0,CLOUD,CLOUD,172.40000000000003,535.7942857142858,535.7942857142858,535.7942857142858
2010,Congested,32.0,240.0,61.0,6.0,CLOUD,CLOUD,919.2,1874.6399999999999,1874.6399999999999,1874.6399999999999
2011,Congested,22.0,219.0,80.0,10.0,CLOUD,CLOUD,1760.0000000000002,4087.363636363636,4087.363636363636,4087.363636363636
2012,Congested,13.0,245.0,66.0,4.0,CLOUD,CLOUD,636.8,2797.098461538462,2797.098461538462,2797.098461538462
2013,Congested,20.0,247.0,92.0,6.0,CLOUD,CLOUD,1142.3999999999999,2789.08,2789.08,2789.08
2014,Congested,15.0,196.0,83.0,7.0,CLOUD,CLOUD,1257.2,4092.5733333333333,4092.5733333333333,4092.5733333333333
2015,Congested,16.0,247.0,64.0,9.0,CLOUD,CLOUD,1411.2,4950.04,4950.04,4950.04
2016,Congested,16.0,193.0,76.0,1.0,CLOUD,CLOUD,171.20000000000002,716.04,716.04,716.04
2017,Congested,19.0,222.0,74.0,10.0,CLOUD,CLOUD,1688.0,4662.126315789474,4662.126315789474,4662.126315789474
2018,Congested,33.0,143.0,66.0,10.0,CLOUD,CLOUD,1592.0,2793.6424242424246,2793.6424242424246,2793.6424242424246
2019,Congested,20.0,189.0,64.0,10.0,CLOUD,CLOUD,1568.0,4414.6,4414.6,4414.6
2020,Congested,35.0,241.0,87.0,4.0,CLOUD,CLOUD,737.5999999999999,1249.2057142857143,1249.2057142857143,1249.2057142857143
2021,Congested,21.0,139.0,79.0,9.0,CLOUD,CLOUD,1573.2,3776.0114285714285,3776.0114285714285,3776.0114285714285
2022,Congested,35.0,196.0,87.0,9.0,CLOUD,CLOUD,1659.6,2464.462857142857,2464.462857142857,2464.462857142857
2023,Congested,20.0,171.0,86.0,7.0,CLOUD,CLOUD,1282.4,3135.08,3135.08,3135.08
2024,Congested,18.0,236.0,95.0,3.0,CLOUD,CLOUD,582.0,1640.7333333333333,1640.7333333333333,1640.7333333333333
2025,Congested,38.0,124.0,93.0,3.0,CLOUD,CLOUD,574.8,826.738947368421,826.738947368421,826.738947368421
2026,Congested,28.0,247.0,73.0,8.0,CLOUD,CLOUD,1340.7999999999997,2716.074285714286,2716.074285714286,2716.074285714286
2027,Congested,18.0,231.0,63.0,9.0,CLOUD,CLOUD,1400.4,4433.68,4433.68,4433.68
2028,Congested,16.0,213.0,89.0,3.0,CLOUD,CLOUD,560.4,1783.68,1783.68,1783.68
2029,Congested,17.0,158.0,79.0,7.0,CLOUD,CLOUD,1223.6000000000001,3614.2376470588233,3614.2376470588233,3614.2376470588233
2030,Congested,23.0,201.0,64.0,4.0,CLOUD,CLOUD,627.2,1682.544347826087,1682.544347826087,1682.544347826087
2031,Congested,37.0,225.0,77.0,5.0,CLOUD,CLOUD,862.0000000000001,1421.4810810810811,1421.4810810810811,1421.4810810810811
2032,Congested,30.0,161.0,76.0,10.0,CLOUD,CLOUD,1712.0,3058.0666666666666,3058.0666666666666,3058.0666666666666
2033,Congested,17.0,223.0,75.0,2.0,CLOUD,CLOUD,340.0,1210.1764705882351,1210.1764705882351,1210.1764705882351
2034,Congested,14.0,169.0,61.0,4.0,CLOUD,CLOUD,612.8,2544.4742857142855,2544.4742857142855,2544.4742857142855
2035,Congested,35.0,199.0,89.0,8.0,CLOUD,CLOUD,1494.4,2216.0514285714285,2216.0514285714285,2216.0514285714285
2036,Congested,27.0,231.0,87.0,1.0,CLOUD,CLOUD,184.39999999999998,550.7762962962963,550.7762962962963,550.7762962962963
2037,Congested,16.0,160.0,77.0,3.0,CLOUD,CLOUD,517.2,1729.24,1729.24,1729.24
2038,Congested,10.0,186.0,77.0,9.0,CLOUD,CLOUD,1551.6000000000001,7593.72,7593.72,7593.72
2039,Congested,15.0,130.0,91.0,1.0,CLOUD,CLOUD,189.20000000000002,686.9733333333334,686.9733333333334,686.9733333333334
2040,Congested,11.0,141.0,80.0,10.0,CLOUD,CLOUD,1760.0000000000002,7645.727272727272,7645.727272727272,7645.727272727272
2041,Congested,19.0,136.0,86.0,6.0,CLOUD,CLOUD,1099.2,2802.955789473684,2802.955789473684,2802.955789473684
2042,Congested,31.0,143.0,85.0,3.0,CLOUD,CLOUD,546.0,987.3935483870966,987.3935483870966,987.3935483870966
2043,Congested,17.0,148.0,92.0,2.0,CLOUD,CLOUD,380.79999999999995,1136.536470588235,1136.536470588235,1136.536470588235
2044,Congested,26.0,184.0,91.0,2.0,CLOUD,CLOUD,378.40000000000003,846.6646153846154,846.6646153846154,846.6646153846154
2045,Congested,17.0,151.0,80.0,6.0,CLOUD,CLOUD,1056.0,3113.7294117647057,3113.7294117647057,3113.7294117647057
2046,Congested,36.0,219.0,75.0,7.0,CLOUD,CLOUD,1190.0,1935.5555555555557,1935.5555555555557,1935.5555555555557
2047,Congested,16.0,156.0,66.0,3.0,CLOUD,CLOUD,477.6,1723.92,1723.92,1723.92
2048,Congested,16.0,190.0,88.0,7.0,CLOUD,CLOUD,1299.2000000000003,3854.64,3854.64,3854.64
2049,Congested,18.0,134.0,91.0,9.0,CLOUD,CLOUD,1702.8000000000002,4346.76,4346.76,4346.76
2050,Congested,21.0,148.0,80.0,9.0,CLOUD,CLOUD,1584.0000000000002,3785.3714285714286,3785.3714285714286,3785.3714285714286
2051,Congested,23.0,241.0,75.0,5.0,CLOUD,CLOUD,850.0,2095.1304347826085,2095.1304347826085,2095.1304347826085
2052,Congested,38.0,157.0,83.0,8.0,CLOUD,CLOUD,1436.8000000000002,2027.7705263157893,2027.7705263157893,2027.7705263157893
2053,Congested,32.0,214.0,79.0,1.0,CLOUD,CLOUD,174.8,487.15999999999997,487.15999999999997,487.15999999999997
2054,Congested,30.0,128.0,63.0,4.0,CLOUD,CLOUD,622.4,1284.7466666666667,1284.7466666666667,1284.7466666666667
2055,Congested,18.0,218.0,79.0,6.0,CLOUD,CLOUD,1048.8,3023.6266666666666,3023.6266666666666,3023.6266666666666
2056,Congested,38.0,151.0,94.0,4.0,CLOUD,CLOUD,771.2,1088.1452631578948,1088.1452631578948,1088.1452631578948
2057,Congested,37.0,233.0,84.0,1.0,CLOUD,CLOUD,180.79999999999998,472.57621621621627,472.57621621621627,472.57621621621627
2058,Congested,39.0,220.0,76.0,5.0,CLOUD,CLOUD,856.0,1360.8410256410257,1360.8410256410257,1360.8410256410257
2059,Congested,12.0,180.0,79.0,4.0,CLOUD,CLOUD,699.2,2939.3066666666664,2939.3066666666664,2939.3066666666664
2060,Congested,37.0,161.0,88.0,6.0,CLOUD,CLOUD,1113.6000000000001,1599.4172972972974,1599.4172972972974,1599.4172972972974
2061,Congested,38.0,224.0,62.0,5.0,CLOUD,CLOUD,772.0,1389.0315789473684,1389.0315789473684,1389.0315789473684
2062,Congested,37.0,140.0,91.0,8.0,CLOUD,CLOUD,1513.6000000000001,2058.84972972973,2058.84972972973,2058.84972972973
2063,Congested,33.0,225.0,81.0,7.0,CLOUD,CLOUD,1240.3999999999999,2084.649696969697,2084.649696969697,2084.649696969697
2064,Congested,38.0,145.0,70.0,5.0,CLOUD,CLOUD,819.9999999999999,1311.6315789473683,1311.6315789473683,1311.6315789473683
2065,Congested,26.0,136.0,82.0,7.0,CLOUD,CLOUD,1248.8,2452.806153846154,2452.806153846154,2452.806153846154
2066,Congested,29.0,203.0,89.0,1.0,CLOUD,CLOUD,186.8,502.4220689655172,502.4220689655172,502.4220689655172
2067,Congested,34.0,133.0,71.0,8.0,CLOUD,CLOUD,1321.6,2198.0729411764705,2198.0729411764705,2198.0729411764705
2068,Congested,35.0,154.0,60.0,7.0,CLOUD,CLOUD,1064.0,1910.8,1910.8,1910.8
2069,Congested,16.0,198.0,80.0,10.0,CLOUD,CLOUD,1760.0000000000002,5430.0,5430.0,5430.0
2070,Congested,12.0,148.0,70.0,4.0,CLOUD,CLOUD,656.0,2905.8666666666663,2905.8666666666663,2905.8666666666663
2071,Congested,26.0,153.0,86.0,6.0,CLOUD,CLOUD,1099.2,2139.793846153846,2139.793846153846,2139.793846153846
2072,Congested,24.0,242.0,68.0,5.0,CLOUD,CLOUD,808.0,2022.2666666666667,2022.2666666666667,2022.2666666666667
2073,Congested,15.0,203.0,78.0,4.0,CLOUD,CLOUD,694.4,2428.8133333333335,2428.8133333333335,2428.8133333333335
2074,Congested,12.0,226.0,83.0,3.0,CLOUD,CLOUD,538.8000000000001,2295.96,2295.96,2295.96
2075,Congested,22.0,216.0,74.0,1.0,CLOUD,CLOUD,168.79999999999998,602.5963636363637,602.5963636363637,602.5963636363637
2076,Congested,40.0,125.0,95.0,10.0,CLOUD,CLOUD,1939.9999999999998,2363.0,2363.0,2363.0
2077,Congested,30.0,178.0,65.0,8.0,CLOUD,CLOUD,1264.0,2492.1333333333337,2492.1333333333337,2492.1333333333337
2078,Congested,16.0,187.0,70.0,1.0,CLOUD,CLOUD,164.0,709.8,709.8,709.8
2079,Congested,22.0,229.0,76.0,3.0,CLOUD,CLOUD,513.6,1389.0290909090909,1389.0290909090909,1389.0290909090909
2080,Congested,12.0,214.0,70.0,10.0,CLOUD,CLOUD,1639.9999999999998,7108.666666666667,7108.666666666667,7108.666666666667
2081,Congested,13.0,123.0,93.0,7.0,CLOUD,CLOUD,1341.2,4596.732307692308,4596.732307692308,4596.732307692308
2082,Congested,34.0,236.0,91.0,2.0,CLOUD,CLOUD,378.40000000000003,753.8682352941175,753.8682352941175,753.8682352941175
2083,Congested,17.0,172.0,72.0,5.0,CLOUD,CLOUD,832.0,2639.3411764705884,2639.3411764705884,2639.3411764705884
2084,Congested,19.0,246.0,84.0,3.0,CLOUD,CLOUD,542.4,1579.237894736842,1579.237894736842,1579.237894736842
2085,Congested,23.0,172.0,73.0,5.0,CLOUD,CLOUD,837.9999999999999,2025.7304347826087,2025.7304347826087,2025.7304347826087
2086,Congested,33.0,168.0,86.0,3.0,CLOUD,CLOUD,549.6,965.5927272727272,965.5927272727272,965.5927272727272
2087,Congested,23.0,157.0,61.0,5.0,CLOUD,CLOUD,766.0,2008.3304347826088,2008.3304347826088,2008.3304347826088
2088,Congested,18.0,180.0,88.0,4.0,CLOUD,CLOUD,742.4000000000001,2051.8577777777778,2051.8577777777778,2051.8577777777778
2089,Congested,21.0,237.0,65.0,1.0,CLOUD,CLOUD,158.0,640.552380952381,640.552380952381,640.552380952381
2090,Congested,25.0,154.0,80.0,7.0,CLOUD,CLOUD,1232.0,2556.4,2556.4,2556.4
2091,Congested,31.0,174.0,84.0,7.0,CLOUD,CLOUD,1265.6,2143.971612903226,2143.971612903226,2143.971612903226
2092,Congested,33.0,185.0,64.0,2.0,CLOUD,CLOUD,313.6,714.9684848484849,714.9684848484849,714.9684848484849
2093,Congested,27.0,135.0,63.0,6.0,CLOUD,CLOUD,933.6,2047.8977777777775,2047.8977777777775,2047.8977777777775
2094,Congested,39.0,180.0,90.0,6.0,CLOUD,CLOUD,1128.0,1552.3692307692309,1552.3692307692309,1552.3692307692309
2095,Congested,29.0,131.0,60.0,5.0,CLOUD,CLOUD,760.0,1622.3103448275863,1622.3103448275863,1622.3103448275863
2096,Congested,26.0,217.0,79.0,7.0,CLOUD,CLOUD,1223.6000000000001,2532.9661538461537,2532.9661538461537,2532.9661538461537
2097,Congested,31.0,214.0,68.0,9.0,CLOUD,CLOUD,1454.4,2741.0606451612907,2741.0606451612907,2741.0606451612907
2098,Congested,11.0,165.0,76.0,3.0,CLOUD,CLOUD,513.6,2415.9381818181814,2415.9381818181814,2415.9381818181814
2099,Congested,26.0,246.0,81.0,8.0,CLOUD,CLOUD,1417.6,2893.458461538462,2893.458461538462,2893.458461538462
2100,Congested,14.0,142.0,80.0,9.0,CLOUD,CLOUD,1584.0000000000002,5493.657142857143,5493.657142857143,5493.657142857143
2101,Congested,23.0,156.0,76.0,2.0,CLOUD,CLOUD,342.40000000000003,897.7321739130435,897.7321739130435,897.7321739130435
2102,Congested,20.0,131.0,68.0,8.0,CLOUD,CLOUD,1292.8,3512.76,3512.76,3512.76
2103,Congested,37.0,191.0,83.0,7.0,CLOUD,CLOUD,1257.2,1867.7535135135136,1867.7535135135136,1867.7535135135136
2104,Congested,19.0,187.0,76.0,9.0,CLOUD,CLOUD,1540.8000000000002,4183.833684210526,4183.833684210526,4183.833684210526
2105,Congested,20.0,231.0,70.0,6.0,CLOUD,CLOUD,983.9999999999999,2767.8,2767.8,2767.8
2106,Congested,33.0,245.0,69.0,9.0,CLOUD,CLOUD,1465.2,2631.6581818181817,2631.6581818181817,2631.6581818181817
2107,Congested,37.0,232.0,63.0,4.0,CLOUD,CLOUD,622.4,1186.944864864865,1186.944864864865,1186.944864864865
2108,Congested,14.0,133.0,74.0,3.0,CLOUD,CLOUD,506.4,1916.1657142857143,1916.1657142857143,1916.1657142857143
2109,Congested,11.0,240.0,76.0,3.0,CLOUD,CLOUD,513.6,2490.9381818181814,2490.9381818181814,2490.9381818181814
2110,Congested,32.0,239.0,87.0,2.0,CLOUD,CLOUD,368.79999999999995,785.96,785.96,785.96
2111,Congested,38.0,246.0,62.0,8.0,CLOUD,CLOUD,1235.2,2110.0505263157893,2110.0505263157893,2110.0505263157893
2112,Congested,21.0,244.0,89.0,8.0,CLOUD,CLOUD,1494.4,3480.0990476190473,3480.0990476190473,3480.0990476190473
2113,Congested,13.0,157.0,67.0,6.0,CLOUD,CLOUD,962.4,3985.3876923076923,3985.3876923076923,3985.3876923076923
2114,Congested,12.0,172.0,78.0,3.0,CLOUD,CLOUD,520.8,2241.36,2241.36,2241.36
2115,Congested,36.0,163.0,92.0,5.0,CLOUD,CLOUD,952.0,1392.5111111111112,1392.5111111111112,1392.5111111111112
2116,Congested,28.0,174.0,60.0,9.0,CLOUD,CLOUD,1368.0,2947.0285714285715,2947.0285714285715,2947.0285714285715
2117,Congested,34.0,166.0,86.0,2.0,CLOUD,CLOUD,366.4,683.4682352941176,683.4682352941176,683.4682352941176
2118,Congested,17.0,247.0,66.0,6.0,CLOUD,CLOUD,955.2,3206.369411764706,3206.369411764706,3206.369411764706
2119,Congested,10.0,192.0,67.0,7.0,CLOUD,CLOUD,1122.8,5950.76,5950.76,5950.76
2120,Congested,21.0,147.0,80.0,3.0,CLOUD,CLOUD,528.0,1359.4571428571428,1359.4571428571428,1359.4571428571428
2121,Congested,10.0,140.0,89.0,8.0,CLOUD,CLOUD,1494.4,6728.48,6728.48,6728.48
2122,Congested,24.0,188.0,60.0,6.0,CLOUD,CLOUD,912.0,2322.4,2322.4,2322.4
2123,Congested,11.0,235.0,80.0,10.0,CLOUD,CLOUD,1760.0000000000002,7739.727272727272,7739.727272727272,7739.727272727272
2124,Congested,14.0,174.0,63.0,5.0,CLOUD,CLOUD,778.0,3143.7428571428572,3143.7428571428572,3143.7428571428572
2125,Congested,20.0,134.0,64.0,9.0,CLOUD,CLOUD,1411.2,3937.04,3937.04,3937.04
2126,Congested,40.0,217.0,65.0,7.0,CLOUD,CLOUD,1106.0,1775.2,1775.2,1775.2
2127,Congested,18.0,165.0,75.0,7.0,CLOUD,CLOUD,1190.0,3437.1111111111113,3437.1111111111113,3437.1111111111113
2128,Congested,12.0,125.0,73.0,3.0,CLOUD,CLOUD,502.79999999999995,2193.76,2193.76,2193.76
2129,Congested,22.0,223.0,78.0,3.0,CLOUD,CLOUD,520.8,1383.2690909090907,1383.2690909090907,1383.2690909090907
2130,Congested,13.0,196.0,91.0,7.0,CLOUD,CLOUD,1324.4,4669.172307692307,4669.172307692307,4669.172307692307
2131,Congested,33.0,199.0,68.0,6.0,CLOUD,CLOUD,969.6,1789.8654545454544,1789.8654545454544,1789.8654545454544
2132,Congested,31.0,144.0,83.0,9.0,CLOUD,CLOUD,1616.4,2676.460645161291,2676.460645161291,2676.460645161291
2133,Congested,16.0,245.0,88.0,7.0,CLOUD,CLOUD,1299.2000000000003,3909.64,3909.64,3909.64
2134,Congested,25.0,188.0,87.0,2.0,CLOUD,CLOUD,368.79999999999995,874.96,874.96,874.96
2135,Congested,34.0,228.0,83.0,10.0,CLOUD,CLOUD,1796.0,2814.141176470588,2814.141176470588,2814.141176470588
2136,Congested,15.0,231.0,87.0,2.0,CLOUD,CLOUD,368.79999999999995,1344.6266666666668,1344.6266666666668,1344.6266666666668
2137,Congested,11.0,207.0,89.0,4.0,CLOUD,CLOUD,747.2,3210.330909090909,3210.330909090909,3210.330909090909
2138,Congested,30.0,159.0,91.0,9.0,CLOUD,CLOUD,1702.8000000000002,2771.76,2771.76,2771.76
2139,Congested,30.0,141.0,78.0,8.0,CLOUD,CLOUD,1388.8,2459.2933333333335,2459.2933333333335,2459.2933333333335
2140,Congested,23.0,140.0,90.0,5.0,CLOUD,CLOUD,940.0,1997.1304347826087,1997.1304347826087,1997.1304347826087
2141,Congested,14.0,152.0,79.0,4.0,CLOUD,CLOUD,699.2,2530.3542857142857,2530.3542857142857,2530.3542857142857
2142,Congested,26.0,229.0,78.0,10.0,CLOUD,CLOUD,1736.0,3537.123076923077,3537.123076923077,3537.123076923077
2143,Congested,11.0,139.0,62.0,9.0,CLOUD,CLOUD,1389.6,6886.774545454546,6886.774545454546,6886.774545454546
2144,Congested,13.0,250.0,87.0,7.0,CLOUD,CLOUD,1290.7999999999997,4722.052307692307,4722.052307692307,4722.052307692307
2145,Congested,13.0,238.0,76.0,6.0,CLOUD,CLOUD,1027.2,4068.547692307692,4068.547692307692,4068.547692307692
2146,Congested,18.0,140.0,92.0,1.0,CLOUD,CLOUD,190.39999999999998,608.1244444444443,608.1244444444443,608.1244444444443
2147,Congested,13.0,238.0,71.0,3.0,CLOUD,CLOUD,495.59999999999997,2152.673846153846,2152.673846153846,2152.673846153846
2148,Congested,36.0,220.0,62.0,2.0,CLOUD,CLOUD,308.8,709.4044444444444,709.4044444444444,709.4044444444444
2149,Congested,23.0,196.0,80.0,10.0,CLOUD,CLOUD,1760.0000000000002,3906.2608695652175,3906.2608695652175,3906.2608695652175
2150,Congested,33.0,236.0,88.0,10.0,CLOUD,CLOUD,1856.0000000000002,2895.4424242424243,2895.4424242424243,2895.4424242424243
2151,Congested,35.0,187.0,81.0,3.0,CLOUD,CLOUD,531.5999999999999,942.4342857142857,942.4342857142857,942.4342857142857
2152,Congested,16.0,167.0,65.0,10.0,CLOUD,CLOUD,1580.0,5393.0,5393.0,5393.0
2153,Congested,18.0,147.0,87.0,9.0,CLOUD,CLOUD,1659.6,4358.32,4358.32,4358.32
2154,Congested,10.0,121.0,85.0,2.0,CLOUD,CLOUD,364.0,1767.8,1767.8,1767.8
2155,Congested,10.0,163.0,90.0,8.0,CLOUD,CLOUD,1504.0,6751.8,6751.8,6751.8
2156,Congested,32.0,223.0,91.0,5.0,CLOUD,CLOUD,946.0000000000001,1591.2,1591.2,1591.2
2157,Congested,29.0,212.0,85.0,5.0,CLOUD,CLOUD,910.0,1708.3103448275863,1708.3103448275863,1708.3103448275863
2158,Congested,12.0,152.0,68.0,1.0,CLOUD,CLOUD,161.6,841.3866666666667,841.3866666666667,841.3866666666667
2159,Congested,16.0,148.0,61.0,4.0,CLOUD,CLOUD,612.8,2237.76,2237.76,2237.76
2160,Congested,37.0,126.0,73.0,8.0,CLOUD,CLOUD,1340.7999999999997,2039.0897297297297,2039.0897297297297,2039.0897297297297
2161,Congested,30.0,157.0,75.0,7.0,CLOUD,CLOUD,1190.0,2184.666666666667,2184.666666666667,2184.666666666667
2162,Congested,36.0,168.0,65.0,5.0,CLOUD,CLOUD,790.0,1392.111111111111,1392.111111111111,1392.111111111111
2163,Congested,34.0,238.0,69.0,8.0,CLOUD,CLOUD,1302.4,2302.43294117647,2302.43294117647,2302.43294117647
2164,Congested,23.0,125.0,67.0,3.0,CLOUD,CLOUD,481.2,1236.5182608695652,1236.5182608695652,1236.5182608695652
2165,Congested,38.0,159.0,88.0,8.0,CLOUD,CLOUD,1484.8000000000002,2031.3705263157894,2031.3705263157894,2031.3705263157894
2166,Congested,25.0,125.0,88.0,10.0,CLOUD,CLOUD,1856.0000000000002,3560.2,3560.2,3560.2
2167,Congested,17.0,171.0,78.0,10.0,CLOUD,CLOUD,1736.0,5108.082352941176,5108.082352941176,5108.082352941176
2168,Congested,36.0,220.0,63.0,6.0,CLOUD,CLOUD,933.6,1688.4533333333331,1688.4533333333331,1688.4533333333331
2169,Congested,10.0,146.0,87.0,7.0,CLOUD,CLOUD,1290.7999999999997,5910.36,5910.36,5910.36
2170,Congested,37.0,246.0,95.0,5.0,CLOUD,CLOUD,969.9999999999999,1446.081081081081,1446.081081081081,1446.081081081081
2171,Congested,11.0,244.0,85.0,8.0,CLOUD,CLOUD,1456.0,6249.381818181818,6249.381818181818,6249.381818181818
2172,Congested,26.0,244.0,74.0,1.0,CLOUD,CLOUD,168.79999999999998,574.6523076923078,574.6523076923078,574.6523076923078
2173,Congested,26.0,124.0,87.0,10.0,CLOUD,CLOUD,1843.9999999999998,3435.7230769230773,3435.7230769230773,3435.7230769230773
2174,Congested,20.0,136.0,77.0,7.0,CLOUD,CLOUD,1206.8000000000002,3097.56,3097.56,3097.56
2175,Congested,38.0,241.0,67.0,8.0,CLOUD,CLOUD,1283.1999999999998,2106.650526315789,2106.650526315789,2106.650526315789
2176,Congested,29.0,208.0,88.0,7.0,CLOUD,CLOUD,1299.2000000000003,2303.6744827586203,2303.6744827586203,2303.6744827586203
2177,Congested,10.0,161.0,78.0,4.0,CLOUD,CLOUD,694.4,3453.48,3453.48,3453.48
2178,Congested,25.0,208.0,88.0,4.0,CLOUD,CLOUD,742.4000000000001,1582.08,1582.08,1582.08
2179,Congested,26.0,176.0,81.0,10.0,CLOUD,CLOUD,1772.0,3485.323076923077,3485.323076923077,3485.323076923077
2180,Congested,37.0,239.0,68.0,5.0,CLOUD,CLOUD,808.0,1433.681081081081,1433.681081081081,1433.681081081081
2181,Congested,33.0,219.0,86.0,6.0,CLOUD,CLOUD,1099.2,1814.1854545454544,1814.1854545454544,1814.1854545454544
2182,Congested,35.0,240.0,70.0,10.0,CLOUD,CLOUD,1639.9999999999998,2753.714285714286,2753.714285714286,2753.714285714286
2183,Congested,16.0,192.0,65.0,8.0,CLOUD,CLOUD,1264.0,4372.8,4372.8,4372.8
2184,Congested,14.0,164.0,72.0,3.0,CLOUD,CLOUD,499.20000000000005,1946.9257142857143,1946.9257142857143,1946.9257142857143
2185,Congested,29.0,245.0,66.0,7.0,CLOUD,CLOUD,1114.4,2334.5144827586205,2334.5144827586205,2334.5144827586205
2186,Congested,40.0,246.0,79.0,4.0,CLOUD,CLOUD,699.2,1138.6399999999999,1138.6399999999999,1138.6399999999999
2187,Congested,16.0,132.0,61.0,6.0,CLOUD,CLOUD,919.2,3266.64,3266.64,3266.64
2188,Congested,38.0,186.0,82.0,3.0,CLOUD,CLOUD,535.2,887.4189473684211,887.4189473684211,887.4189473684211
2189,Congested,15.0,248.0,62.0,2.0,CLOUD,CLOUD,308.8,1359.6266666666668,1359.6266666666668,1359.6266666666668
2190,Congested,20.0,230.0,67.0,10.0,CLOUD,CLOUD,1604.0,4456.8,4456.8,4456.8
2191,Congested,17.0,150.0,95.0,4.0,CLOUD,CLOUD,776.0,2127.5529411764705,2127.5529411764705,2127.5529411764705
2192,Congested,25.0,186.0,81.0,6.0,CLOUD,CLOUD,1063.1999999999998,2245.44,2245.44,2245.44
2193,Congested,34.0,131.0,95.0,5.0,CLOUD,CLOUD,969.9999999999999,1426.4705882352941,1426.4705882352941,1426.4705882352941
2194,Congested,38.0,158.0,92.0,10.0,CLOUD,CLOUD,1904.0,2500.063157894737,2500.063157894737,2500.063157894737
2195,Congested,31.0,146.0,63.0,8.0,CLOUD,CLOUD,1244.8,2390.676129032258,2390.676129032258,2390.676129032258
2196,Congested,35.0,237.0,67.0,2.0,CLOUD,CLOUD,320.79999999999995,739.5028571428571,739.5028571428571,739.5028571428571
2197,Congested,35.0,146.0,95.0,1.0,CLOUD,CLOUD,194.0,398.37142857142857,398.37142857142857,398.37142857142857
2198,Congested,26.0,146.0,70.0,2.0,CLOUD,CLOUD,328.0,806.9846153846155,806.9846153846155,806.9846153846155
2199,Congested,37.0,172.0,83.0,3.0,CLOUD,CLOUD,538.8000000000001,890.6086486486487,890.6086486486487,890.6086486486487
2200,Congested,33.0,194.0,88.0,9.0,CLOUD,CLOUD,1670.4,2587.4981818181814,2587.4981818181814,2587.4981818181814
2201,Congested,25.0,145.0,69.0,6.0,CLOUD,CLOUD,976.8000000000001,2201.56,2201.56,2201.56
2202,Congested,20.0,155.0,67.0,4.0,CLOUD,CLOUD,641.5999999999999,1845.72,1845.72,1845.72
2203,Congested,24.0,226.0,60.0,4.0,CLOUD,CLOUD,608.0,1648.9333333333332,1648.9333333333332,1648.9333333333332
2204,Congested,36.0,241.0,81.0,5.0,CLOUD,CLOUD,886.0,1468.3111111111111,1468.3111111111111,1468.3111111111111
2205,Congested,26.0,163.0,65.0,5.0,CLOUD,CLOUD,790.0,1814.4615384615386,1814.4615384615386,1814.4615384615386
2206,Congested,21.0,226.0,83.0,4.0,CLOUD,CLOUD,718.4000000000001,1843.0895238095236,1843.0895238095236,1843.0895238095236
2207,Congested,14.0,227.0,74.0,3.0,CLOUD,CLOUD,506.4,2010.1657142857143,2010.1657142857143,2010.1657142857143
2208,Congested,35.0,229.0,86.0,7.0,CLOUD,CLOUD,1282.4,1993.08,1993.08,1993.08
2209,Congested,38.0,237.0,93.0,6.0,CLOUD,CLOUD,1149.6,1642.477894736842,1642.477894736842,1642.477894736842
2210,Congested,40.0,127.0,88.0,3.0,CLOUD,CLOUD,556.8000000000001,797.56,797.56,797.56
2211,Congested,34.0,122.0,93.0,2.0,CLOUD,CLOUD,383.2,640.0282352941176,640.0282352941176,640.0282352941176
2212,Congested,12.0,206.0,80.0,7.0,CLOUD,CLOUD,1232.0,5035.066666666667,5035.066666666667,5035.066666666667
2213,Congested,34.0,162.0,87.0,1.0,CLOUD,CLOUD,184.39999999999998,420.7741176470588,420.7741176470588,420.7741176470588
2214,Congested,22.0,129.0,69.0,10.0,CLOUD,CLOUD,1628.0,3992.963636363636,3992.963636363636,3992.963636363636
2215,Congested,11.0,195.0,86.0,7.0,CLOUD,CLOUD,1282.4,5449.989090909091,5449.989090909091,5449.989090909091
2216,Congested,38.0,197.0,80.0,6.0,CLOUD,CLOUD,1056.0,1599.3578947368421,1599.3578947368421,1599.3578947368421
2217,Congested,10.0,191.0,93.0,10.0,CLOUD,CLOUD,1916.0,8428.2,8428.2,8428.2
2218,Congested,39.0,157.0,85.0,8.0,CLOUD,CLOUD,1456.0,1985.225641025641,1985.225641025641,1985.225641025641
2219,Congested,30.0,172.0,94.0,10.0,CLOUD,CLOUD,1928.0,3076.2666666666664,3076.2666666666664,3076.2666666666664
2220,Congested,35.0,233.0,82.0,7.0,CLOUD,CLOUD,1248.8,1995.96,1995.96,1995.96
2221,Congested,34.0,170.0,79.0,2.0,CLOUD,CLOUD,349.6,686.9082352941175,686.9082352941175,686.9082352941175
2222,Congested,11.0,205.0,84.0,3.0,CLOUD,CLOUD,542.4,2456.8981818181815,2456.8981818181815,2456.8981818181815
2223,Congested,26.0,192.0,73.0,2.0,CLOUD,CLOUD,335.19999999999993,853.2246153846155,853.2246153846155,853.2246153846155
2224,Congested,26.0,199.0,93.0,6.0,CLOUD,CLOUD,1149.6,2187.4738461538464,2187.4738461538464,2187.4738461538464
2225,Congested,34.0,160.0,61.0,1.0,CLOUD,CLOUD,153.2,417.7341176470588,417.7341176470588,417.7341176470588
2226,Congested,38.0,186.0,75.0,5.0,CLOUD,CLOUD,850.0,1353.6315789473683,1353.6315789473683,1353.6315789473683
2227,Congested,33.0,228.0,92.0,2.0,CLOUD,CLOUD,380.79999999999995,760.2084848484849,760.2084848484849,760.2084848484849
2228,Congested,33.0,135.0,83.0,5.0,CLOUD,CLOUD,898.0,1463.7212121212121,1463.7212121212121,1463.7212121212121
2229,Congested,30.0,249.0,82.0,2.0,CLOUD,CLOUD,356.8,828.8933333333333,828.8933333333333,828.8933333333333
2230,Congested,11.0,151.0,88.0,5.0,CLOUD,CLOUD,928.0000000000001,3904.963636363636,3904.963636363636,3904.963636363636
2231,Congested,28.0,121.0,89.0,6.0,CLOUD,CLOUD,1120.8,1976.6457142857141,1976.6457142857141,1976.6457142857141
2232,Congested,17.0,179.0,82.0,5.0,CLOUD,CLOUD,892.0,2648.3411764705884,2648.3411764705884,2648.3411764705884
2233,Congested,19.0,155.0,84.0,9.0,CLOUD,CLOUD,1627.1999999999998,4154.7136842105265,4154.7136842105265,4154.7136842105265
2234,Congested,33.0,183.0,66.0,6.0,CLOUD,CLOUD,955.2,1773.3854545454544,1773.3854545454544,1773.3854545454544
2235,Congested,26.0,169.0,83.0,8.0,CLOUD,CLOUD,1436.8000000000002,2817.098461538462,2817.098461538462,2817.098461538462
2236,Congested,13.0,157.0,87.0,7.0,CLOUD,CLOUD,1290.7999999999997,4629.052307692307,4629.052307692307,4629.052307692307
2237,Congested,12.0,143.0,63.0,7.0,CLOUD,CLOUD,1089.2,4967.306666666667,4967.306666666667,4967.306666666667
2238,Congested,38.0,153.0,90.0,4.0,CLOUD,CLOUD,752.0,1089.5052631578947,1089.5052631578947,1089.5052631578947
2239,Congested,24.0,139.0,83.0,9.0,CLOUD,CLOUD,1616.4,3348.88,3348.88,3348.88
2240,Congested,22.0,221.0,76.0,10.0,CLOUD,CLOUD,1712.0,4087.763636363636,4087.763636363636,4087.763636363636
2241,Congested,25.0,228.0,88.0,8.0,CLOUD,CLOUD,1484.8000000000002,2976.16,2976.16,2976.16
2242,Congested,33.0,226.0,70.0,3.0,CLOUD,CLOUD,491.99999999999994,1021.6727272727272,1021.6727272727272,1021.6727272727272
2243,Congested,26.0,152.0,91.0,8.0,CLOUD,CLOUD,1513.6000000000001,2802.658461538462,2802.658461538462,2802.658461538462
2244,Congested,14.0,150.0,73.0,8.0,CLOUD,CLOUD,1340.7999999999997,4904.788571428571,4904.788571428571,4904.788571428571
2245,Congested,25.0,128.0,70.0,9.0,CLOUD,CLOUD,1475.9999999999998,3213.2,3213.2,3213.2
2246,Congested,21.0,150.0,86.0,2.0,CLOUD,CLOUD,366.4,958.7847619047618,958.7847619047618,958.7847619047618
2247,Congested,13.0,214.0,78.0,1.0,CLOUD,CLOUD,173.6,852.5046153846155,852.5046153846155,852.5046153846155
2248,Congested,26.0,159.0,67.0,6.0,CLOUD,CLOUD,962.4,2141.233846153846,2141.233846153846,2141.233846153846
2249,Congested,19.0,215.0,79.0,5.0,CLOUD,CLOUD,874.0,2436.063157894737,2436.063157894737,2436.063157894737
2250,Congested,25.0,127.0,69.0,3.0,CLOUD,CLOUD,488.40000000000003,1155.28,1155.28,1155.28
2251,Congested,35.0,227.0,63.0,5.0,CLOUD,CLOUD,778.0,1482.4571428571428,1482.4571428571428,1482.4571428571428
2252,Congested,38.0,192.0,73.0,3.0,CLOUD,CLOUD,502.79999999999995,892.338947368421,892.338947368421,892.338947368421
2253,Congested,36.0,245.0,60.0,2.0,CLOUD,CLOUD,304.0,734.2444444444443,734.2444444444443,734.2444444444443
2254,Congested,27.0,209.0,64.0,1.0,CLOUD,CLOUD,156.8,527.8562962962963,527.8562962962963,527.8562962962963
2255,Congested,23.0,243.0,79.0,10.0,CLOUD,CLOUD,1748.0,3952.8608695652174,3952.8608695652174,3952.8608695652174
2256,Congested,24.0,206.0,84.0,8.0,CLOUD,CLOUD,1446.3999999999999,3059.5466666666666,3059.5466666666666,3059.5466666666666
2257,Congested,36.0,153.0,68.0,9.0,CLOUD,CLOUD,1454.4,2357.48,2357.48,2357.48
2258,Congested,30.0,237.0,88.0,8.0,CLOUD,CLOUD,1484.8000000000002,2558.4933333333333,2558.4933333333333,2558.4933333333333
2259,Congested,14.0,203.0,65.0,10.0,CLOUD,CLOUD,1580.0,6143.285714285715,6143.285714285715,6143.285714285715
2260,Congested,31.0,224.0,84.0,4.0,CLOUD,CLOUD,723.1999999999999,1349.698064516129,1349.698064516129,1349.698064516129
2261,Congested,38.0,221.0,81.0,9.0,CLOUD,CLOUD,1594.8,2324.896842105263,2324.896842105263,2324.896842105263
2262,Congested,11.0,233.0,77.0,2.0,CLOUD,CLOUD,344.80000000000007,1733.7054545454546,1733.7054545454546,1733.7054545454546
2263,Congested,37.0,162.0,61.0,10.0,CLOUD,CLOUD,1532.0,2548.562162162162,2548.562162162162,2548.562162162162
2264,Congested,30.0,199.0,95.0,2.0,CLOUD,CLOUD,388.0,779.9333333333334,779.9333333333334,779.9333333333334
2265,Congested,30.0,141.0,72.0,10.0,CLOUD,CLOUD,1664.0,3036.4666666666667,3036.4666666666667,3036.4666666666667
2266,Congested,27.0,133.0,93.0,4.0,CLOUD,CLOUD,766.4,1413.0651851851853,1413.0651851851853,1413.0651851851853
2267,Congested,34.0,241.0,92.0,1.0,CLOUD,CLOUD,190.39999999999998,499.9741176470588,499.9741176470588,499.9741176470588
2268,Congested,13.0,166.0,61.0,5.0,CLOUD,CLOUD,766.0,3355.123076923077,3355.123076923077,3355.123076923077
2269,Congested,35.0,172.0,75.0,10.0,CLOUD,CLOUD,1700.0,2687.714285714286,2687.714285714286,2687.714285714286
2270,Congested,24.0,141.0,94.0,10.0,CLOUD,CLOUD,1928.0,3711.9333333333334,3711.9333333333334,3711.9333333333334
2271,Congested,20.0,222.0,62.0,8.0,CLOUD,CLOUD,1235.2,3601.84,3601.84,3601.84
2272,Congested,37.0,125.0,81.0,7.0,CLOUD,CLOUD,1240.3999999999999,1801.1935135135136,1801.1935135135136,1801.1935135135136
2273,Congested,15.0,226.0,61.0,9.0,CLOUD,CLOUD,1378.8,5227.96,5227.96,5227.96
2274,Congested,20.0,217.0,76.0,2.0,CLOUD,CLOUD,342.40000000000003,1063.08,1063.08,1063.08
2275,Congested,13.0,145.0,94.0,3.0,CLOUD,CLOUD,578.4000000000001,2062.4338461538464,2062.4338461538464,2062.4338461538464
2276,Congested,19.0,156.0,71.0,5.0,CLOUD,CLOUD,826.0,2375.4631578947365,2375.4631578947365,2375.4631578947365
2277,Congested,34.0,142.0,69.0,5.0,CLOUD,CLOUD,814.0,1432.270588235294,1432.270588235294,1432.270588235294
2278,Congested,40.0,224.0,70.0,1.0,CLOUD,CLOUD,164.0,446.8,446.8,446.8
2279,Congested,29.0,203.0,71.0,1.0,CLOUD,CLOUD,165.2,501.7020689655172,501.7020689655172,501.7020689655172
2280,Congested,32.0,134.0,79.0,7.0,CLOUD,CLOUD,1223.6000000000001,2046.12,2046.12,2046.12
2281,Congested,13.0,201.0,69.0,7.0,CLOUD,CLOUD,1139.6000000000001,4668.012307692307,4668.012307692307,4668.012307692307
2282,Congested,38.0,202.0,76.0,7.0,CLOUD,CLOUD,1198.4,1836.9642105263156,1836.9642105263156,1836.9642105263156
2283,Congested,40.0,150.0,63.0,4.0,CLOUD,CLOUD,622.4,1040.08,1040.08,1040.08
2284,Congested,17.0,180.0,91.0,9.0,CLOUD,CLOUD,1702.8000000000002,4628.054117647059,4628.054117647059,4628.054117647059
2285,Congested,34.0,249.0,84.0,2.0,CLOUD,CLOUD,361.59999999999997,766.3082352941176,766.3082352941176,766.3082352941176
2286,Congested,18.0,135.0,80.0,8.0,CLOUD,CLOUD,1408.0,3876.155555555555,3876.155555555555,3876.155555555555
2287,Congested,27.0,224.0,64.0,8.0,CLOUD,CLOUD,1254.4,2774.8503703703705,2774.8503703703705,2774.8503703703705
2288,Congested,10.0,224.0,74.0,1.0,CLOUD,CLOUD,168.79999999999998,1046.96,1046.96,1046.96
2289,Congested,18.0,145.0,75.0,9.0,CLOUD,CLOUD,1530.0,4352.0,4352.0,4352.0
2290,Congested,30.0,152.0,79.0,10.0,CLOUD,CLOUD,1748.0,3050.2666666666664,3050.2666666666664,3050.2666666666664
2291,Congested,23.0,234.0,65.0,9.0,CLOUD,CLOUD,1422.0,3567.834782608696,3567.834782608696,3567.834782608696
2292,Congested,16.0,156.0,83.0,9.0,CLOUD,CLOUD,1616.4,4865.88,4865.88,4865.88
2293,Congested,15.0,182.0,94.0,7.0,CLOUD,CLOUD,1349.6000000000001,4081.6533333333336,4081.6533333333336,4081.6533333333336
2294,Congested,40.0,235.0,62.0,1.0,CLOUD,CLOUD,154.4,457.48,457.48,457.48
2295,Congested,36.0,238.0,78.0,3.0,CLOUD,CLOUD,520.8,974.0266666666666,974.0266666666666,974.0266666666666
2296,Congested,10.0,135.0,90.0,5.0,CLOUD,CLOUD,940.0,4253.0,4253.0,4253.0
2297,Congested,29.0,184.0,84.0,6.0,CLOUD,CLOUD,1084.8,1979.3324137931036,1979.3324137931036,1979.3324137931036
2298,Congested,36.0,174.0,92.0,5.0,CLOUD,CLOUD,952.0,1403.5111111111112,1403.5111111111112,1403.5111111111112
2299,Congested,11.0,161.0,94.0,10.0,CLOUD,CLOUD,1928.0,7671.327272727272,7671.327272727272,7671.327272727272
2300,Congested,12.0,196.0,65.0,7.0,CLOUD,CLOUD,1106.0,5020.866666666667,5020.866666666667,5020.866666666667
2301,Congested,32.0,151.0,68.0,9.0,CLOUD,CLOUD,1454.4,2605.48,2605.48,2605.48
2302,Congested,18.0,230.0,73.0,10.0,CLOUD,CLOUD,1675.9999999999998,4903.644444444444,4903.644444444444,4903.644444444444
2303,Congested,26.0,201.0,81.0,5.0,CLOUD,CLOUD,886.0,1855.6615384615386,1855.6615384615386,1855.6615384615386
2304,Congested,34.0,235.0,77.0,4.0,CLOUD,CLOUD,689.6000000000001,1268.496470588235,1268.496470588235,1268.496470588235
2305,Congested,31.0,202.0,81.0,4.0,CLOUD,CLOUD,708.8,1327.218064516129,1327.218064516129,1327.218064516129
2306,Congested,24.0,204.0,61.0,3.0,CLOUD,CLOUD,459.6,1271.32,1271.32,1271.32
2307,Congested,30.0,120.0,90.0,1.0,CLOUD,CLOUD,188.0,410.2666666666667,410.2666666666667,410.2666666666667
2308,Congested,38.0,122.0,71.0,7.0,CLOUD,CLOUD,1156.3999999999999,1755.5642105263155,1755.5642105263155,1755.5642105263155
2309,Congested,27.0,245.0,85.0,9.0,CLOUD,CLOUD,1638.0,3122.2666666666664,3122.2666666666664,3122.2666666666664
2310,Congested,12.0,139.0,94.0,1.0,CLOUD,CLOUD,192.8,829.4266666666666,829.4266666666666,829.4266666666666
2311,Congested,38.0,233.0,67.0,6.0,CLOUD,CLOUD,962.4,1632.237894736842,1632.237894736842,1632.237894736842
2312,Congested,36.0,216.0,82.0,7.0,CLOUD,CLOUD,1248.8,1934.5155555555557,1934.5155555555557,1934.5155555555557
2313,Congested,15.0,122.0,67.0,8.0,CLOUD,CLOUD,1283.1999999999998,4570.106666666667,4570.106666666667,4570.106666666667
2314,Congested,21.0,169.0,88.0,1.0,CLOUD,CLOUD,185.60000000000002,573.472380952381,573.472380952381,573.472380952381
2315,Congested,17.0,125.0,77.0,6.0,CLOUD,CLOUD,1034.4,3087.009411764706,3087.009411764706,3087.009411764706
2316,Congested,16.0,143.0,79.0,4.0,CLOUD,CLOUD,699.2,2235.64,2235.64,2235.64
2317,Congested,17.0,246.0,83.0,1.0,CLOUD,CLOUD,179.60000000000002,739.9082352941176,739.9082352941176,739.9082352941176
2318,Congested,18.0,246.0,73.0,1.0,CLOUD,CLOUD,167.59999999999997,713.3644444444443,713.3644444444443,713.3644444444443
2319,Congested,16.0,221.0,67.0,5.0,CLOUD,CLOUD,802.0,2834.4,2834.4,2834.4
2320,Congested,28.0,248.0,91.0,3.0,CLOUD,CLOUD,567.6,1176.0628571428572,1176.0628571428572,1176.0628571428572
2321,Congested,27.0,169.0,71.0,2.0,CLOUD,CLOUD,330.4,807.2725925925926,807.2725925925926,807.2725925925926
2322,Congested,28.0,152.0,64.0,3.0,CLOUD,CLOUD,470.4,1076.8228571428572,1076.8228571428572,1076.8228571428572
2323,Congested,18.0,178.0,93.0,5.0,CLOUD,CLOUD,958.0,2518.822222222222,2518.822222222222,2518.822222222222
2324,Congested,16.0,125.0,94.0,10.0,CLOUD,CLOUD,1928.0,5362.6,5362.6,5362.6
2325,Congested,18.0,236.0,60.0,7.0,CLOUD,CLOUD,1064.0,3503.9111111111115,3503.9111111111115,3503.9111111111115
2326,Congested,30.0,133.0,80.0,7.0,CLOUD,CLOUD,1232.0,2162.0666666666666,2162.0666666666666,2162.0666666666666
2327,Congested,37.0,224.0,77.0,2.0,CLOUD,CLOUD,344.80000000000007,702.5924324324325,702.5924324324325,702.5924324324325
2328,Congested,31.0,239.0,91.0,6.0,CLOUD,CLOUD,1135.2,1929.2270967741933,1929.2270967741933,1929.2270967741933
2329,Congested,26.0,131.0,74.0,1.0,CLOUD,CLOUD,168.79999999999998,461.6523076923077,461.6523076923077,461.6523076923077
2330,Congested,18.0,227.0,94.0,8.0,CLOUD,CLOUD,1542.4,3972.635555555555,3972.635555555555,3972.635555555555
2331,Congested,20.0,121.0,85.0,4.0,CLOUD,CLOUD,728.0,1814.6,1814.6,1814.6
2332,Congested,20.0,140.0,61.0,4.0,CLOUD,CLOUD,612.8,1829.76,1829.76,1829.76
2333,Congested,32.0,228.0,64.0,4.0,CLOUD,CLOUD,627.2,1318.24,1318.24,1318.24
2334,Congested,16.0,162.0,81.0,5.0,CLOUD,CLOUD,886.0,2778.2,2778.2,2778.2
2335,Congested,12.0,144.0,61.0,8.0,CLOUD,CLOUD,1225.6,5656.853333333333,5656.853333333333,5656.853333333333
2336,Congested,23.0,126.0,81.0,5.0,CLOUD,CLOUD,886.0,1981.3304347826088,1981.3304347826088,1981.3304347826088
2337,Congested,17.0,147.0,90.0,4.0,CLOUD,CLOUD,752.0,2123.7529411764704,2123.7529411764704,2123.7529411764704
2338,Congested,40.0,207.0,63.0,6.0,CLOUD,CLOUD,933.6,1542.12,1542.12,1542.12
2339,Congested,26.0,180.0,64.0,10.0,CLOUD,CLOUD,1568.0,3482.523076923077,3482.523076923077,3482.523076923077
2340,Congested,29.0,232.0,66.0,8.0,CLOUD,CLOUD,1273.6,2620.0165517241376,2620.0165517241376,2620.0165517241376
2341,Congested,28.0,151.0,65.0,1.0,CLOUD,CLOUD,158.0,459.31428571428575,459.31428571428575,459.31428571428575
2342,Congested,39.0,128.0,84.0,6.0,CLOUD,CLOUD,1084.8,1498.929230769231,1498.929230769231,1498.929230769231
2343,Congested,38.0,136.0,68.0,1.0,CLOUD,CLOUD,161.6,369.24631578947367,369.24631578947367,369.24631578947367
2344,Congested,39.0,233.0,63.0,5.0,CLOUD,CLOUD,778.0,1371.2410256410255,1371.2410256410255,1371.2410256410255
2345,Congested,29.0,230.0,64.0,2.0,CLOUD,CLOUD,313.6,826.8441379310344,826.8441379310344,826.8441379310344
2346,Congested,31.0,134.0,95.0,1.0,CLOUD,CLOUD,194.0,415.86451612903227,415.86451612903227,415.86451612903227
2347,Congested,19.0,217.0,85.0,2.0,CLOUD,CLOUD,364.0,1105.9052631578945,1105.9052631578945,1105.9052631578945
2348,Congested,29.0,225.0,74.0,10.0,CLOUD,CLOUD,1688.0,3213.2206896551725,3213.2206896551725,3213.2206896551725
2349,Congested,35.0,122.0,89.0,7.0,CLOUD,CLOUD,1307.6,1886.92,1886.92,1886.92
2350,Congested,24.0,229.0,66.0,6.0,CLOUD,CLOUD,955.2,2364.84,2364.84,2364.84
2351,Congested,30.0,126.0,89.0,9.0,CLOUD,CLOUD,1681.2,2738.04,2738.04,2738.04
2352,Congested,20.0,169.0,66.0,2.0,CLOUD,CLOUD,318.4,1014.28,1014.28,1014.28
2353,Congested,10.0,137.0,72.0,10.0,CLOUD,CLOUD,1664.0,8365.8,8365.8,8365.8
2354,Congested,14.0,250.0,76.0,6.0,CLOUD,CLOUD,1027.2,3816.811428571428,3816.811428571428,3816.811428571428
2355,Congested,23.0,243.0,88.0,3.0,CLOUD,CLOUD,556.8000000000001,1357.0382608695652,1357.0382608695652,1357.0382608695652
2356,Congested,17.0,155.0,62.0,1.0,CLOUD,CLOUD,154.4,648.0682352941176,648.0682352941176,648.0682352941176
2357,Congested,14.0,199.0,87.0,9.0,CLOUD,CLOUD,1659.6,5553.177142857143,5553.177142857143,5553.177142857143
2358,Congested,40.0,211.0,79.0,10.0,CLOUD,CLOUD,1748.0,2442.6,2442.6,2442.6
2359,Congested,38.0,157.0,69.0,8.0,CLOUD,CLOUD,1302.4,2023.2905263157893,2023.2905263157893,2023.2905263157893
2360,Congested,19.0,207.0,78.0,6.0,CLOUD,CLOUD,1041.6,2872.0357894736844,2872.0357894736844,2872.0357894736844
2361,Congested,10.0,157.0,63.0,4.0,CLOUD,CLOUD,622.4,3447.08,3447.08,3447.08
2362,Congested,26.0,133.0,87.0,6.0,CLOUD,CLOUD,1106.3999999999999,2120.0338461538463,2120.0338461538463,2120.0338461538463
2363,Congested,16.0,171.0,72.0,2.0,CLOUD,CLOUD,332.8,1216.76,1216.76,1216.76
2364,Congested,20.0,168.0,90.0,8.0,CLOUD,CLOUD,1504.0,3556.8,3556.8,3556.8
2365,Congested,29.0,204.0,81.0,10.0,CLOUD,CLOUD,1772.0,3195.0206896551726,3195.0206896551726,3195.0206896551726
2366,Congested,19.0,227.0,81.0,3.0,CLOUD,CLOUD,531.5999999999999,1559.877894736842,1559.877894736842,1559.877894736842
2367,Congested,13.0,236.0,62.0,8.0,CLOUD,CLOUD,1235.2,5338.916923076924,5338.916923076924,5338.916923076924
2368,Congested,17.0,120.0,74.0,4.0,CLOUD,CLOUD,675.1999999999999,2094.1929411764704,2094.1929411764704,2094.1929411764704
2369,Congested,24.0,174.0,75.0,8.0,CLOUD,CLOUD,1360.0,3024.6666666666665,3024.6666666666665,3024.6666666666665
2370,Congested,33.0,204.0,84.0,4.0,CLOUD,CLOUD,723.1999999999999,1267.1369696969698,1267.1369696969698,1267.1369696969698
2371,Congested,22.0,167.0,60.0,6.0,CLOUD,CLOUD,912.0,2483.2181818181816,2483.2181818181816,2483.2181818181816
2372,Congested,10.0,138.0,82.0,1.0,CLOUD,CLOUD,178.4,961.28,961.28,961.28
2373,Congested,27.0,149.0,69.0,5.0,CLOUD,CLOUD,814.0,1744.2814814814813,1744.2814814814813,1744.2814814814813
2374,Congested,24.0,169.0,83.0,1.0,CLOUD,CLOUD,179.60000000000002,525.6533333333333,525.6533333333333,525.6533333333333
2375,Congested,10.0,170.0,72.0,5.0,CLOUD,CLOUD,832.0,4284.4,4284.4,4284.4
2376,Congested,15.0,176.0,76.0,3.0,CLOUD,CLOUD,513.6,1845.12,1845.12,1845.12
2377,Congested,20.0,182.0,71.0,4.0,CLOUD,CLOUD,660.8,1873.36,1873.36,1873.36
2378,Congested,10.0,165.0,76.0,2.0,CLOUD,CLOUD,342.40000000000003,1811.08,1811.08,1811.08
2379,Congested,10.0,155.0,84.0,2.0,CLOUD,CLOUD,361.59999999999997,1801.72,1801.72,1801.72
2380,Congested,20.0,173.0,79.0,8.0,CLOUD,CLOUD,1398.4,3558.2799999999997,3558.2799999999997,3558.2799999999997
2381,Congested,17.0,214.0,83.0,3.0,CLOUD,CLOUD,538.8000000000001,1695.724705882353,1695.724705882353,1695.724705882353
2382,Congested,40.0,231.0,64.0,2.0,CLOUD,CLOUD,313.6,676.12,676.12,676.12
2383,Congested,14.0,153.0,72.0,4.0,CLOUD,CLOUD,665.6,2530.2342857142858,2530.2342857142858,2530.2342857142858
2384,Congested,27.0,216.0,83.0,6.0,CLOUD,CLOUD,1077.6000000000001,2133.6977777777774,2133.6977777777774,2133.6977777777774
2385,Congested,29.0,229.0,75.0,1.0,CLOUD,CLOUD,170.0,527.8620689655172,527.8620689655172,527.8620689655172
2386,Congested,34.0,168.0,94.0,5.0,CLOUD,CLOUD,964.0,1463.270588235294,1463.270588235294,1463.270588235294
2387,Congested,35.0,158.0,80.0,4.0,CLOUD,CLOUD,704.0,1165.0857142857142,1165.0857142857142,1165.0857142857142
2388,Congested,11.0,191.0,68.0,9.0,CLOUD,CLOUD,1454.4,6940.9345454545455,6940.9345454545455,6940.9345454545455
2389,Congested,40.0,245.0,73.0,2.0,CLOUD,CLOUD,335.19999999999993,690.84,690.84,690.84
2390,Congested,35.0,240.0,64.0,3.0,CLOUD,CLOUD,470.4,993.3942857142856,993.3942857142856,993.3942857142856
2391,Congested,26.0,219.0,92.0,6.0,CLOUD,CLOUD,1142.3999999999999,2207.233846153846,2207.233846153846,2207.233846153846
2392,Congested,25.0,238.0,71.0,6.0,CLOUD,CLOUD,991.1999999999999,2295.04,2295.04,2295.04
2393,Congested,32.0,215.0,93.0,8.0,CLOUD,CLOUD,1532.8,2404.76,2404.76,2404.76
2394,Congested,32.0,246.0,90.0,5.0,CLOUD,CLOUD,940.0,1614.0,1614.0,1614.0
2395,Congested,28.0,222.0,62.0,4.0,CLOUD,CLOUD,617.6,1454.777142857143,1454.777142857143,1454.777142857143
2396,Congested,17.0,171.0,88.0,4.0,CLOUD,CLOUD,742.4000000000001,2147.43294117647,2147.43294117647,2147.43294117647
2397,Congested,22.0,175.0,79.0,7.0,CLOUD,CLOUD,1223.6000000000001,2882.5745454545454,2882.5745454545454,2882.5745454545454
2398,Congested,38.0,216.0,70.0,6.0,CLOUD,CLOUD,983.9999999999999,1615.957894736842,1615.957894736842,1615.957894736842
2399,Congested,18.0,141.0,68.0,2.0,CLOUD,CLOUD,323.2,1075.3288888888887,1075.3288888888887,1075.3288888888887
2400,Congested,19.0,233.0,93.0,6.0,CLOUD,CLOUD,1149.6,2901.6357894736843,2901.6357894736843,2901.6357894736843
2401,Congested,17.0,130.0,89.0,9.0,CLOUD,CLOUD,1681.2,4577.3341176470585,4577.3341176470585,4577.3341176470585
2402,Congested,29.0,206.0,87.0,8.0,CLOUD,CLOUD,1475.1999999999998,2600.736551724138,2600.736551724138,2600.736551724138
2403,Congested,24.0,230.0,86.0,6.0,CLOUD,CLOUD,1099.2,2370.64,2370.64,2370.64
2404,Congested,35.0,247.0,80.0,5.0,CLOUD,CLOUD,880.0000000000001,1505.857142857143,1505.857142857143,1505.857142857143
2405,Congested,22.0,126.0,71.0,8.0,CLOUD,CLOUD,1321.6,3217.810909090909,3217.810909090909,3217.810909090909
2406,Congested,17.0,187.0,64.0,6.0,CLOUD,CLOUD,940.8,3145.889411764706,3145.889411764706,3145.889411764706
2407,Congested,38.0,141.0,78.0,9.0,CLOUD,CLOUD,1562.3999999999999,2243.8168421052633,2243.8168421052633,2243.8168421052633
2408,Congested,26.0,140.0,77.0,4.0,CLOUD,CLOUD,689.6000000000001,1463.0892307692309,1463.0892307692309,1463.0892307692309
2409,Congested,13.0,150.0,64.0,6.0,CLOUD,CLOUD,940.8,3977.6676923076925,3977.6676923076925,3977.6676923076925
2410,Congested,11.0,171.0,81.0,4.0,CLOUD,CLOUD,708.8,3173.050909090909,3173.050909090909,3173.050909090909
2411,Congested,31.0,204.0,76.0,5.0,CLOUD,CLOUD,856.0,1609.5225806451613,1609.5225806451613,1609.5225806451613
2412,Congested,33.0,190.0,72.0,10.0,CLOUD,CLOUD,1664.0,2843.0424242424247,2843.0424242424247,2843.0424242424247
2413,Congested,14.0,186.0,60.0,5.0,CLOUD,CLOUD,760.0,3155.1428571428573,3155.1428571428573,3155.1428571428573
2414,Congested,19.0,208.0,85.0,7.0,CLOUD,CLOUD,1274.0,3319.1684210526314,3319.1684210526314,3319.1684210526314
2415,Congested,36.0,123.0,90.0,9.0,CLOUD,CLOUD,1692.0,2335.4,2335.4,2335.4
2416,Congested,34.0,158.0,85.0,4.0,CLOUD,CLOUD,728.0,1192.776470588235,1192.776470588235,1192.776470588235
2417,Congested,17.0,173.0,90.0,4.0,CLOUD,CLOUD,752.0,2149.7529411764704,2149.7529411764704,2149.7529411764704
2418,Congested,26.0,239.0,89.0,6.0,CLOUD,CLOUD,1120.8,2226.5138461538463,2226.5138461538463,2226.5138461538463
2419,Congested,35.0,141.0,80.0,4.0,CLOUD,CLOUD,704.0,1148.0857142857142,1148.0857142857142,1148.0857142857142
2420,Congested,23.0,226.0,73.0,8.0,CLOUD,CLOUD,1340.7999999999997,3191.968695652174,3191.968695652174,3191.968695652174
2421,Congested,24.0,127.0,83.0,3.0,CLOUD,CLOUD,538.8000000000001,1196.96,1196.96,1196.96
2422,Congested,28.0,152.0,79.0,1.0,CLOUD,CLOUD,174.8,460.87428571428575,460.87428571428575,460.87428571428575
2423,Congested,25.0,210.0,81.0,4.0,CLOUD,CLOUD,708.8,1582.96,1582.96,1582.96
2424,Congested,23.0,228.0,85.0,9.0,CLOUD,CLOUD,1638.0,3569.034782608696,3569.034782608696,3569.034782608696
2425,Congested,19.0,203.0,61.0,10.0,CLOUD,CLOUD,1532.0,4637.926315789473,4637.926315789473,4637.926315789473
2426,Congested,35.0,128.0,68.0,3.0,CLOUD,CLOUD,484.8,881.8742857142856,881.8742857142856,881.8742857142856
2427,Congested,40.0,204.0,85.0,7.0,CLOUD,CLOUD,1274.0,1767.8,1767.8,1767.8
2428,Congested,16.0,220.0,64.0,9.0,CLOUD,CLOUD,1411.2,4923.04,4923.04,4923.04
2429,Congested,22.0,168.0,90.0,2.0,CLOUD,CLOUD,376.0,942.4727272727273,942.4727272727273,942.4727272727273
2430,Congested,20.0,235.0,79.0,2.0,CLOUD,CLOUD,349.6,1081.32,1081.32,1081.32
2431,Congested,15.0,146.0,95.0,3.0,CLOUD,CLOUD,582.0,1817.4,1817.4,1817.4
2432,Congested,11.0,245.0,61.0,3.0,CLOUD,CLOUD,459.6,2494.1381818181817,2494.1381818181817,2494.1381818181817
2433,Congested,16.0,137.0,84.0,5.0,CLOUD,CLOUD,903.9999999999999,2753.8,2753.8,2753.8
2434,Congested,16.0,179.0,78.0,9.0,CLOUD,CLOUD,1562.3999999999999,4887.08,4887.08,4887.08
2435,Congested,12.0,236.0,63.0,6.0,CLOUD,CLOUD,933.6,4371.12,4371.12,4371.12
2436,Congested,26.0,122.0,70.0,6.0,CLOUD,CLOUD,983.9999999999999,2104.9538461538464,2104.9538461538464,2104.9538461538464
2437,Congested,37.0,225.0,85.0,3.0,CLOUD,CLOUD,546.0,943.8486486486486,943.8486486486486,943.8486486486486
2438,Congested,13.0,153.0,94.0,7.0,CLOUD,CLOUD,1349.6000000000001,4627.012307692307,4627.012307692307,4627.012307692307
2439,Congested,25.0,137.0,84.0,4.0,CLOUD,CLOUD,723.1999999999999,1510.44,1510.44,1510.44
2440,Congested,14.0,172.0,79.0,7.0,CLOUD,CLOUD,1223.6000000000001,4334.12,4334.12,4334.12
2441,Congested,36.0,241.0,70.0,10.0,CLOUD,CLOUD,1639.9999999999998,2691.222222222222,2691.222222222222,2691.222222222222
2442,Congested,28.0,199.0,72.0,9.0,CLOUD,CLOUD,1497.6000000000001,2976.3485714285716,2976.3485714285716,2976.3485714285716
2443,Congested,32.0,237.0,77.0,4.0,CLOUD,CLOUD,689.6000000000001,1329.32,1329.32,1329.32
2444,Congested,10.0,156.0,88.0,2.0,CLOUD,CLOUD,371.20000000000005,1803.04,1803.04,1803.04
2445,Congested,36.0,222.0,75.0,9.0,CLOUD,CLOUD,1530.0,2429.0,2429.0,2429.0
2446,Congested,20.0,245.0,89.0,8.0,CLOUD,CLOUD,1494.4,3633.48,3633.48,3633.48
2447,Congested,28.0,130.0,65.0,5.0,CLOUD,CLOUD,790.0,1671.5714285714287,1671.5714285714287,1671.5714285714287
2448,Congested,30.0,236.0,82.0,5.0,CLOUD,CLOUD,892.0,1685.7333333333333,1685.7333333333333,1685.7333333333333
2449,Congested,22.0,164.0,86.0,4.0,CLOUD,CLOUD,732.8,1712.3054545454545,1712.3054545454545,1712.3054545454545
2450,Congested,15.0,230.0,89.0,7.0,CLOUD,CLOUD,1307.6,4128.253333333333,4128.253333333333,4128.253333333333
2451,Congested,39.0,166.0,66.0,7.0,CLOUD,CLOUD,1114.4,1760.3774358974358,1760.3774358974358,1760.3774358974358
2452,Congested,32.0,131.0,75.0,3.0,CLOUD,CLOUD,510.0,950.0,950.0,950.0
2453,Congested,18.0,194.0,64.0,4.0,CLOUD,CLOUD,627.2,2062.0177777777776,2062.0177777777776,2062.0177777777776
2454,Congested,39.0,246.0,86.0,9.0,CLOUD,CLOUD,1648.8,2303.113846153846,2303.113846153846,2303.113846153846
2455,Congested,13.0,214.0,64.0,2.0,CLOUD,CLOUD,313.6,1489.8892307692308,1489.8892307692308,1489.8892307692308
2456,Congested,26.0,203.0,86.0,8.0,CLOUD,CLOUD,1465.6,2852.058461538462,2852.058461538462,2852.058461538462
2457,Congested,15.0,184.0,73.0,9.0,CLOUD,CLOUD,1508.3999999999999,5190.28,5190.28,5190.28
2458,Congested,11.0,238.0,61.0,2.0,CLOUD,CLOUD,306.4,1737.4254545454546,1737.4254545454546,1737.4254545454546
2459,Congested,30.0,238.0,84.0,6.0,CLOUD,CLOUD,1084.8,1978.16,1978.16,1978.16
2460,Congested,33.0,222.0,72.0,7.0,CLOUD,CLOUD,1164.8,2079.129696969697,2079.129696969697,2079.129696969697
2461,Congested,11.0,122.0,76.0,2.0,CLOUD,CLOUD,342.40000000000003,1622.6254545454544,1622.6254545454544,1622.6254545454544
2462,Congested,32.0,154.0,80.0,8.0,CLOUD,CLOUD,1408.0,2339.6,2339.6,2339.6
2463,Congested,25.0,238.0,64.0,2.0,CLOUD,CLOUD,313.6,923.12,923.12,923.12
2464,Congested,27.0,182.0,88.0,3.0,CLOUD,CLOUD,556.8000000000001,1141.4488888888886,1141.4488888888886,1141.4488888888886
2465,Congested,25.0,191.0,70.0,3.0,CLOUD,CLOUD,491.99999999999994,1219.4,1219.4,1219.4
2466,Congested,36.0,124.0,66.0,3.0,CLOUD,CLOUD,477.6,858.5866666666666,858.5866666666666,858.5866666666666
2467,Congested,19.0,151.0,94.0,7.0,CLOUD,CLOUD,1349.6000000000001,3264.6884210526314,3264.6884210526314,3264.6884210526314
2468,Congested,15.0,139.0,60.0,5.0,CLOUD,CLOUD,760.0,2917.6666666666665,2917.6666666666665,2917.6666666666665
2469,Congested,14.0,232.0,82.0,3.0,CLOUD,CLOUD,535.2,2016.1257142857141,2016.1257142857141,2016.1257142857141
2470,Congested,16.0,128.0,94.0,4.0,CLOUD,CLOUD,771.2,2223.04,2223.04,2223.04
2471,Congested,24.0,132.0,93.0,2.0,CLOUD,CLOUD,383.2,846.1066666666666,846.1066666666666,846.1066666666666
2472,Congested,22.0,198.0,88.0,1.0,CLOUD,CLOUD,185.60000000000002,585.1563636363636,585.1563636363636,585.1563636363636
2473,Congested,29.0,121.0,63.0,7.0,CLOUD,CLOUD,1089.2,2209.6744827586203,2209.6744827586203,2209.6744827586203
2474,Congested,34.0,171.0,75.0,6.0,CLOUD,CLOUD,1020.0,1720.764705882353,1720.764705882353,1720.764705882353
2475,Congested,39.0,181.0,72.0,2.0,CLOUD,CLOUD,332.8,637.0164102564102,637.0164102564102,637.0164102564102
2476,Congested,10.0,227.0,61.0,1.0,CLOUD,CLOUD,153.2,1049.44,1049.44,1049.44
2477,Congested,20.0,169.0,64.0,4.0,CLOUD,CLOUD,627.2,1859.24,1859.24,1859.24
2478,Congested,40.0,144.0,70.0,3.0,CLOUD,CLOUD,491.99999999999994,812.4,812.4,812.4
2479,Congested,11.0,226.0,92.0,2.0,CLOUD,CLOUD,380.79999999999995,1727.9054545454544,1727.9054545454544,1727.9054545454544
2480,Congested,36.0,203.0,80.0,9.0,CLOUD,CLOUD,1584.0000000000002,2411.8,2411.8,2411.8
2481,Congested,30.0,168.0,73.0,9.0,CLOUD,CLOUD,1508.3999999999999,2774.2799999999997,2774.2799999999997,2774.2799999999997
2482,Congested,22.0,229.0,67.0,4.0,CLOUD,CLOUD,641.5999999999999,1774.2654545454545,1774.2654545454545,1774.2654545454545
2483,Congested,16.0,147.0,82.0,6.0,CLOUD,CLOUD,1070.4,3286.68,3286.68,3286.68
2484,Congested,15.0,123.0,85.0,6.0,CLOUD,CLOUD,1092.0,3463.4,3463.4,3463.4
2485,Congested,10.0,219.0,73.0,8.0,CLOUD,CLOUD,1340.7999999999997,6802.36,6802.36,6802.36
2486,Congested,17.0,136.0,77.0,10.0,CLOUD,CLOUD,1724.0000000000002,5072.682352941177,5072.682352941177,5072.682352941177
2487,Congested,21.0,131.0,64.0,4.0,CLOUD,CLOUD,627.2,1745.0495238095236,1745.0495238095236,1745.0495238095236
2488,Congested,23.0,197.0,91.0,2.0,CLOUD,CLOUD,378.40000000000003,939.9321739130435,939.9321739130435,939.9321739130435
2489,Congested,32.0,163.0,76.0,2.0,CLOUD,CLOUD,342.40000000000003,709.08,709.08,709.08
2490,Congested,29.0,203.0,84.0,3.0,CLOUD,CLOUD,542.4,1100.6662068965516,1100.6662068965516,1100.6662068965516
2491,Congested,20.0,164.0,80.0,8.0,CLOUD,CLOUD,1408.0,3549.6,3549.6,3549.6
2492,Congested,12.0,205.0,61.0,10.0,CLOUD,CLOUD,1532.0,7096.066666666667,7096.066666666667,7096.066666666667
2493,Congested,39.0,234.0,84.0,9.0,CLOUD,CLOUD,1627.1999999999998,2290.393846153846,2290.393846153846,2290.393846153846
2494,Congested,30.0,179.0,92.0,10.0,CLOUD,CLOUD,1904.0,3082.4666666666667,3082.4666666666667,3082.4666666666667
2495,Congested,32.0,123.0,74.0,1.0,CLOUD,CLOUD,168.79999999999998,395.96,395.96,395.96
2496,Congested,29.0,151.0,79.0,4.0,CLOUD,CLOUD,699.2,1347.0882758620687,1347.0882758620687,1347.0882758620687
2497,Congested,33.0,229.0,75.0,10.0,CLOUD,CLOUD,1700.0,2883.2424242424245,2883.2424242424245,2883.2424242424245
2498,Congested,12.0,135.0,68.0,6.0,CLOUD,CLOUD,969.6,4271.32,4271.32,4271.32
2499,Congested,25.0,195.0,72.0,3.0,CLOUD,CLOUD,499.20000000000005,1223.64,1223.64,1223.64
2500,Congested,22.0,172.0,62.0,4.0,CLOUD,CLOUD,617.6,1716.4654545454546,1716.4654545454546,1716.4654545454546
2501,Congested,39.0,233.0,81.0,3.0,CLOUD,CLOUD,531.5999999999999,918.1046153846155,918.1046153846155,918.1046153846155
2502,Congested,18.0,201.0,62.0,9.0,CLOUD,CLOUD,1389.6,4403.32,4403.32,4403.32
2503,Congested,35.0,226.0,78.0,1.0,CLOUD,CLOUD,173.6,477.69142857142856,477.69142857142856,477.69142857142856
2504,Congested,17.0,204.0,81.0,4.0,CLOUD,CLOUD,708.8,2179.3129411764703,2179.3129411764703,2179.3129411764703
2505,Congested,16.0,133.0,75.0,4.0,CLOUD,CLOUD,680.0,2225.0,2225.0,2225.0
2506,Congested,29.0,217.0,93.0,6.0,CLOUD,CLOUD,1149.6,2014.4924137931034,2014.4924137931034,2014.4924137931034
2507,Congested,15.0,233.0,60.0,2.0,CLOUD,CLOUD,304.0,1344.4666666666667,1344.4666666666667,1344.4666666666667
2508,Congested,37.0,245.0,64.0,4.0,CLOUD,CLOUD,627.2,1200.104864864865,1200.104864864865,1200.104864864865
2509,Congested,11.0,156.0,73.0,3.0,CLOUD,CLOUD,502.79999999999995,2406.5781818181813,2406.5781818181813,2406.5781818181813
2510,Congested,12.0,164.0,95.0,4.0,CLOUD,CLOUD,776.0,2925.8666666666663,2925.8666666666663,2925.8666666666663
2511,Congested,17.0,249.0,65.0,7.0,CLOUD,CLOUD,1106.0,3701.3176470588232,3701.3176470588232,3701.3176470588232
2512,Congested,33.0,239.0,79.0,3.0,CLOUD,CLOUD,524.4,1035.7527272727273,1035.7527272727273,1035.7527272727273
2513,Congested,33.0,170.0,75.0,7.0,CLOUD,CLOUD,1190.0,2027.969696969697,2027.969696969697,2027.969696969697
2514,Congested,15.0,183.0,79.0,5.0,CLOUD,CLOUD,874.0,2965.4666666666667,2965.4666666666667,2965.4666666666667
2515,Congested,28.0,234.0,72.0,5.0,CLOUD,CLOUD,832.0,1776.9714285714288,1776.9714285714288,1776.9714285714288
2516,Congested,37.0,243.0,65.0,6.0,CLOUD,CLOUD,948.0,1675.8972972972972,1675.8972972972972,1675.8972972972972
2517,Congested,22.0,216.0,70.0,8.0,CLOUD,CLOUD,1312.0,3307.490909090909,3307.490909090909,3307.490909090909
2518,Congested,24.0,228.0,92.0,10.0,CLOUD,CLOUD,1904.0,3798.1333333333337,3798.1333333333337,3798.1333333333337
2519,Congested,33.0,230.0,69.0,8.0,CLOUD,CLOUD,1302.4,2351.4739393939394,2351.4739393939394,2351.4739393939394
2520,Congested,10.0,217.0,87.0,2.0,CLOUD,CLOUD,368.79999999999995,1863.96,1863.96,1863.96
2521,Congested,34.0,196.0,94.0,3.0,CLOUD,CLOUD,578.4000000000001,973.1623529411764,973.1623529411764,973.1623529411764
2522,Congested,27.0,164.0,76.0,7.0,CLOUD,CLOUD,1198.4,2399.354074074074,2399.354074074074,2399.354074074074
2523,Congested,24.0,198.0,89.0,5.0,CLOUD,CLOUD,934.0,1982.4666666666667,1982.4666666666667,1982.4666666666667
2524,Congested,22.0,243.0,64.0,6.0,CLOUD,CLOUD,940.8,2560.1781818181817,2560.1781818181817,2560.1781818181817
2525,Congested,14.0,240.0,72.0,3.0,CLOUD,CLOUD,499.20000000000005,2022.9257142857143,2022.9257142857143,2022.9257142857143
2526,Congested,39.0,168.0,60.0,1.0,CLOUD,CLOUD,152.0,395.52820512820506,395.52820512820506,395.52820512820506
2527,Congested,37.0,248.0,83.0,8.0,CLOUD,CLOUD,1436.8000000000002,2164.28972972973,2164.28972972973,2164.28972972973
2528,Congested,22.0,226.0,85.0,6.0,CLOUD,CLOUD,1092.0,2548.2181818181816,2548.2181818181816,2548.2181818181816
2529,Congested,22.0,245.0,79.0,10.0,CLOUD,CLOUD,1748.0,4112.963636363636,4112.963636363636,4112.963636363636
2530,Congested,12.0,224.0,62.0,2.0,CLOUD,CLOUD,308.8,1602.2933333333333,1602.2933333333333,1602.2933333333333
2531,Congested,22.0,161.0,72.0,7.0,CLOUD,CLOUD,1164.8,2866.6145454545454,2866.6145454545454,2866.6145454545454
2532,Congested,40.0,185.0,82.0,9.0,CLOUD,CLOUD,1605.6,2194.52,2194.52,2194.52
2533,Congested,32.0,245.0,83.0,1.0,CLOUD,CLOUD,179.60000000000002,518.32,518.32,518.32
2534,Congested,30.0,218.0,87.0,4.0,CLOUD,CLOUD,737.5999999999999,1378.5866666666668,1378.5866666666668,1378.5866666666668
2535,Congested,17.0,242.0,62.0,6.0,CLOUD,CLOUD,926.4,3200.409411764706,3200.409411764706,3200.409411764706
2536,Congested,30.0,127.0,69.0,5.0,CLOUD,CLOUD,814.0,1574.1333333333332,1574.1333333333332,1574.1333333333332
2537,Congested,29.0,236.0,69.0,5.0,CLOUD,CLOUD,814.0,1729.1103448275862,1729.1103448275862,1729.1103448275862
2538,Congested,17.0,161.0,60.0,2.0,CLOUD,CLOUD,304.0,1146.976470588235,1146.976470588235,1146.976470588235
2539,Congested,34.0,143.0,84.0,7.0,CLOUD,CLOUD,1265.6,1953.5788235294117,1953.5788235294117,1953.5788235294117
2540,Congested,32.0,140.0,93.0,4.0,CLOUD,CLOUD,766.4,1234.88,1234.88,1234.88
2541,Congested,38.0,228.0,70.0,7.0,CLOUD,CLOUD,1148.0,1861.2842105263155,1861.2842105263155,1861.2842105263155
2542,Congested,18.0,197.0,92.0,9.0,CLOUD,CLOUD,1713.6,4410.12,4410.12,4410.12
2543,Congested,31.0,217.0,79.0,7.0,CLOUD,CLOUD,1223.6000000000001,2185.5716129032257,2185.5716129032257,2185.5716129032257
2544,Congested,34.0,142.0,66.0,10.0,CLOUD,CLOUD,1592.0,2721.3411764705884,2721.3411764705884,2721.3411764705884
2545,Congested,34.0,208.0,69.0,5.0,CLOUD,CLOUD,814.0,1498.270588235294,1498.270588235294,1498.270588235294
2546,Congested,33.0,173.0,85.0,5.0,CLOUD,CLOUD,910.0,1502.1212121212122,1502.1212121212122,1502.1212121212122
2547,Congested,10.0,163.0,91.0,1.0,CLOUD,CLOUD,189.20000000000002,986.64,986.64,986.64
2548,Congested,13.0,137.0,86.0,9.0,CLOUD,CLOUD,1648.8,5886.421538461538,5886.421538461538,5886.421538461538
2549,Congested,23.0,193.0,87.0,3.0,CLOUD,CLOUD,553.1999999999999,1306.9182608695653,1306.9182608695653,1306.9182608695653
2550,Congested,15.0,215.0,71.0,3.0,CLOUD,CLOUD,495.59999999999997,1883.52,1883.52,1883.52
2551,Congested,16.0,244.0,71.0,9.0,CLOUD,CLOUD,1486.8,4949.56,4949.56,4949.56
2552,Congested,40.0,148.0,88.0,10.0,CLOUD,CLOUD,1856.0000000000002,2383.2,2383.2,2383.2
2553,Congested,36.0,174.0,71.0,4.0,CLOUD,CLOUD,660.8,1154.2488888888886,1154.2488888888886,1154.2488888888886
2554,Congested,11.0,166.0,72.0,5.0,CLOUD,CLOUD,832.0,3916.763636363636,3916.763636363636,3916.763636363636
2555,Congested,38.0,224.0,88.0,10.0,CLOUD,CLOUD,1856.0000000000002,2564.4631578947365,2564.4631578947365,2564.4631578947365
2556,Congested,13.0,162.0,65.0,5.0,CLOUD,CLOUD,790.0,3351.923076923077,3351.923076923077,3351.923076923077
2557,Congested,12.0,216.0,67.0,5.0,CLOUD,CLOUD,802.0,3662.7333333333336,3662.7333333333336,3662.7333333333336
2558,Congested,12.0,207.0,61.0,10.0,CLOUD,CLOUD,1532.0,7098.066666666667,7098.066666666667,7098.066666666667
2559,Congested,17.0,242.0,91.0,2.0,CLOUD,CLOUD,378.40000000000003,1230.456470588235,1230.456470588235,1230.456470588235
2560,Congested,10.0,135.0,77.0,1.0,CLOUD,CLOUD,172.40000000000003,958.08,958.08,958.08
2561,Congested,31.0,130.0,66.0,4.0,CLOUD,CLOUD,636.8,1252.818064516129,1252.818064516129,1252.818064516129
2562,Congested,26.0,121.0,84.0,10.0,CLOUD,CLOUD,1807.9999999999998,3431.523076923077,3431.523076923077,3431.523076923077
2563,Congested,26.0,188.0,91.0,8.0,CLOUD,CLOUD,1513.6000000000001,2838.658461538462,2838.658461538462,2838.658461538462
2564,Congested,34.0,206.0,87.0,6.0,CLOUD,CLOUD,1106.3999999999999,1758.6447058823528,1758.6447058823528,1758.6447058823528
2565,Congested,21.0,207.0,80.0,4.0,CLOUD,CLOUD,704.0,1823.6095238095236,1823.6095238095236,1823.6095238095236
2566,Congested,40.0,212.0,85.0,7.0,CLOUD,CLOUD,1274.0,1775.8,1775.8,1775.8
2567,Congested,29.0,134.0,82.0,6.0,CLOUD,CLOUD,1070.4,1928.8524137931036,1928.8524137931036,1928.8524137931036
2568,Congested,35.0,145.0,60.0,8.0,CLOUD,CLOUD,1216.0,2152.7714285714283,2152.7714285714283,2152.7714285714283
2569,Congested,37.0,222.0,68.0,1.0,CLOUD,CLOUD,161.6,460.9362162162163,460.9362162162163,460.9362162162163
2570,Congested,29.0,151.0,93.0,5.0,CLOUD,CLOUD,958.0,1648.9103448275862,1648.9103448275862,1648.9103448275862
2571,Congested,40.0,183.0,83.0,8.0,CLOUD,CLOUD,1436.8000000000002,1969.56,1969.56,1969.56
2572,Congested,29.0,241.0,92.0,7.0,CLOUD,CLOUD,1332.8,2337.7944827586207,2337.7944827586207,2337.7944827586207
2573,Congested,31.0,168.0,60.0,6.0,CLOUD,CLOUD,912.0,1850.7870967741935,1850.7870967741935,1850.7870967741935
2574,Congested,10.0,212.0,62.0,6.0,CLOUD,CLOUD,926.4,5146.88,5146.88,5146.88
2575,Congested,31.0,233.0,74.0,10.0,CLOUD,CLOUD,1688.0,3043.2451612903224,3043.2451612903224,3043.2451612903224
2576,Congested,25.0,222.0,65.0,6.0,CLOUD,CLOUD,948.0,2277.6,2277.6,2277.6
2577,Congested,23.0,241.0,66.0,7.0,CLOUD,CLOUD,1114.4,2834.2626086956525,2834.2626086956525,2834.2626086956525
2578,Congested,19.0,169.0,69.0,9.0,CLOUD,CLOUD,1465.2,4163.313684210526,4163.313684210526,4163.313684210526
2579,Congested,38.0,249.0,62.0,3.0,CLOUD,CLOUD,463.2,948.0189473684211,948.0189473684211,948.0189473684211
2580,Congested,25.0,142.0,79.0,9.0,CLOUD,CLOUD,1573.2,3230.44,3230.44,3230.44
2581,Congested,37.0,239.0,70.0,8.0,CLOUD,CLOUD,1312.0,2151.1297297297297,2151.1297297297297,2151.1297297297297
2582,Congested,40.0,149.0,90.0,9.0,CLOUD,CLOUD,1692.0,2161.4,2161.4,2161.4
2583,Congested,17.0,182.0,73.0,3.0,CLOUD,CLOUD,502.79999999999995,1662.524705882353,1662.524705882353,1662.524705882353
2584,Congested,34.0,142.0,66.0,7.0,CLOUD,CLOUD,1114.4,1947.5388235294117,1947.5388235294117,1947.5388235294117
2585,Congested,32.0,127.0,70.0,6.0,CLOUD,CLOUD,983.9999999999999,1763.8,1763.8,1763.8
2586,Congested,38.0,218.0,77.0,4.0,CLOUD,CLOUD,689.6000000000001,1152.4252631578945,1152.4252631578945,1152.4252631578945
2587,Congested,33.0,185.0,90.0,2.0,CLOUD,CLOUD,376.0,717.0484848484849,717.0484848484849,717.0484848484849
2588,Congested,31.0,154.0,94.0,8.0,CLOUD,CLOUD,1542.4,2408.596129032258,2408.596129032258,2408.596129032258
2589,Congested,12.0,205.0,74.0,10.0,CLOUD,CLOUD,1688.0,7101.266666666667,7101.266666666667,7101.266666666667
2590,Congested,34.0,136.0,81.0,7.0,CLOUD,CLOUD,1240.3999999999999,1945.7388235294118,1945.7388235294118,1945.7388235294118
2591,Congested,39.0,217.0,95.0,7.0,CLOUD,CLOUD,1358.0,1819.4974358974357,1819.4974358974357,1819.4974358974357
2592,Congested,35.0,179.0,74.0,5.0,CLOUD,CLOUD,844.0,1436.6571428571428,1436.6571428571428,1436.6571428571428
2593,Congested,13.0,194.0,65.0,2.0,CLOUD,CLOUD,316.0,1469.969230769231,1469.969230769231,1469.969230769231
2594,Congested,12.0,207.0,72.0,2.0,CLOUD,CLOUD,332.8,1586.0933333333332,1586.0933333333332,1586.0933333333332
2595,Congested,28.0,214.0,68.0,6.0,CLOUD,CLOUD,969.6,2064.6057142857144,2064.6057142857144,2064.6057142857144
2596,Congested,40.0,217.0,60.0,5.0,CLOUD,CLOUD,760.0,1329.0,1329.0,1329.0
2597,Congested,11.0,168.0,84.0,7.0,CLOUD,CLOUD,1265.6,5422.4290909090905,5422.4290909090905,5422.4290909090905
2598,Congested,20.0,213.0,68.0,9.0,CLOUD,CLOUD,1454.4,4017.48,4017.48,4017.48
2599,Congested,31.0,176.0,66.0,7.0,CLOUD,CLOUD,1114.4,2140.931612903226,2140.931612903226,2140.931612903226
2600,Congested,10.0,237.0,80.0,3.0,CLOUD,CLOUD,528.0,2706.6,2706.6,2706.6
2601,Congested,36.0,195.0,74.0,8.0,CLOUD,CLOUD,1350.3999999999999,2156.4577777777777,2156.4577777777777,2156.4577777777777
2602,Congested,31.0,236.0,69.0,10.0,CLOUD,CLOUD,1628.0,3044.2451612903224,3044.2451612903224,3044.2451612903224
2603,Congested,19.0,157.0,62.0,10.0,CLOUD,CLOUD,1544.0,4592.3263157894735,4592.3263157894735,4592.3263157894735
2604,Congested,20.0,199.0,92.0,2.0,CLOUD,CLOUD,380.79999999999995,1046.36,1046.36,1046.36
2605,Congested,18.0,242.0,73.0,8.0,CLOUD,CLOUD,1340.7999999999997,3980.9155555555553,3980.9155555555553,3980.9155555555553
2606,Congested,19.0,216.0,63.0,6.0,CLOUD,CLOUD,933.6,2877.435789473684,2877.435789473684,2877.435789473684
2607,Congested,14.0,173.0,74.0,1.0,CLOUD,CLOUD,168.79999999999998,767.3885714285715,767.3885714285715,767.3885714285715
2608,Congested,39.0,165.0,91.0,7.0,CLOUD,CLOUD,1324.4,1766.3774358974358,1766.3774358974358,1766.3774358974358
2609,Congested,19.0,160.0,61.0,9.0,CLOUD,CLOUD,1378.8,4151.433684210526,4151.433684210526,4151.433684210526
2610,Congested,22.0,206.0,87.0,8.0,CLOUD,CLOUD,1475.1999999999998,3302.930909090909,3302.930909090909,3302.930909090909
2611,Congested,21.0,220.0,85.0,2.0,CLOUD,CLOUD,364.0,1028.7047619047619,1028.7047619047619,1028.7047619047619
2612,Congested,26.0,192.0,78.0,4.0,CLOUD,CLOUD,694.4,1515.249230769231,1515.249230769231,1515.249230769231
2613,Congested,32.0,220.0,66.0,3.0,CLOUD,CLOUD,477.6,1037.92,1037.92,1037.92
2614,Congested,20.0,133.0,79.0,8.0,CLOUD,CLOUD,1398.4,3518.2799999999997,3518.2799999999997,3518.2799999999997
2615,Congested,30.0,161.0,68.0,8.0,CLOUD,CLOUD,1292.8,2476.0933333333337,2476.0933333333337,2476.0933333333337
2616,Congested,32.0,243.0,78.0,3.0,CLOUD,CLOUD,520.8,1062.3600000000001,1062.3600000000001,1062.3600000000001
2617,Congested,16.0,175.0,72.0,1.0,CLOUD,CLOUD,166.4,697.88,697.88,697.88
2618,Congested,21.0,146.0,69.0,7.0,CLOUD,CLOUD,1139.6000000000001,2971.9866666666667,2971.9866666666667,2971.9866666666667
2619,Congested,40.0,229.0,70.0,1.0,CLOUD,CLOUD,164.0,451.8,451.8,451.8
2620,Congested,13.0,211.0,90.0,3.0,CLOUD,CLOUD,564.0,2127.9538461538464,2127.9538461538464,2127.9538461538464
2621,Congested,40.0,133.0,67.0,9.0,CLOUD,CLOUD,1443.6,2137.12,2137.12,2137.12
2622,Congested,30.0,206.0,87.0,3.0,CLOUD,CLOUD,553.1999999999999,1076.44,1076.44,1076.44
2623,Congested,30.0,223.0,75.0,1.0,CLOUD,CLOUD,170.0,512.6666666666667,512.6666666666667,512.6666666666667
2624,Congested,13.0,181.0,85.0,8.0,CLOUD,CLOUD,1456.0,5291.276923076924,5291.276923076924,5291.276923076924
2625,Congested,19.0,164.0,84.0,2.0,CLOUD,CLOUD,361.59999999999997,1052.8252631578946,1052.8252631578946,1052.8252631578946
2626,Congested,34.0,238.0,84.0,5.0,CLOUD,CLOUD,903.9999999999999,1531.270588235294,1531.270588235294,1531.270588235294
2627,Congested,30.0,233.0,83.0,1.0,CLOUD,CLOUD,179.60000000000002,522.9866666666667,522.9866666666667,522.9866666666667
2628,Congested,13.0,149.0,65.0,2.0,CLOUD,CLOUD,316.0,1424.969230769231,1424.969230769231,1424.969230769231
2629,Congested,25.0,250.0,74.0,1.0,CLOUD,CLOUD,168.79999999999998,592.96,592.96,592.96
2630,Congested,28.0,242.0,77.0,2.0,CLOUD,CLOUD,344.80000000000007,859.5885714285714,859.5885714285714,859.5885714285714
2631,Congested,35.0,166.0,84.0,8.0,CLOUD,CLOUD,1446.3999999999999,2181.4514285714286,2181.4514285714286,2181.4514285714286
2632,Congested,30.0,231.0,79.0,10.0,CLOUD,CLOUD,1748.0,3129.2666666666664,3129.2666666666664,3129.2666666666664
2633,Congested,14.0,145.0,80.0,2.0,CLOUD,CLOUD,352.0,1334.257142857143,1334.257142857143,1334.257142857143
2634,Congested,32.0,167.0,85.0,1.0,CLOUD,CLOUD,182.0,440.4,440.4,440.4
2635,Congested,22.0,245.0,64.0,9.0,CLOUD,CLOUD,1411.2,3720.767272727273,3720.767272727273,3720.767272727273
2636,Congested,36.0,151.0,73.0,2.0,CLOUD,CLOUD,335.19999999999993,641.2844444444444,641.2844444444444,641.2844444444444
2637,Congested,15.0,166.0,60.0,9.0,CLOUD,CLOUD,1368.0,5167.6,5167.6,5167.6
2638,Congested,24.0,200.0,67.0,1.0,CLOUD,CLOUD,160.39999999999998,556.0133333333332,556.0133333333332,556.0133333333332
2639,Congested,14.0,172.0,70.0,2.0,CLOUD,CLOUD,328.0,1360.4571428571428,1360.4571428571428,1360.4571428571428
2640,Congested,27.0,185.0,62.0,2.0,CLOUD,CLOUD,308.8,822.5525925925926,822.5525925925926,822.5525925925926
2641,Congested,13.0,249.0,79.0,6.0,CLOUD,CLOUD,1048.8,4080.2676923076924,4080.2676923076924,4080.2676923076924
2642,Congested,40.0,163.0,87.0,1.0,CLOUD,CLOUD,184.39999999999998,386.48,386.48,386.48
2643,Congested,17.0,196.0,62.0,9.0,CLOUD,CLOUD,1389.6,4633.614117647058,4633.614117647058,4633.614117647058
2644,Congested,38.0,195.0,94.0,8.0,CLOUD,CLOUD,1542.4,2069.2905263157895,2069.2905263157895,2069.2905263157895
2645,Congested,14.0,245.0,80.0,9.0,CLOUD,CLOUD,1584.0000000000002,5596.657142857143,5596.657142857143,5596.657142857143
2646,Congested,39.0,210.0,94.0,9.0,CLOUD,CLOUD,1735.2,2269.9938461538463,2269.9938461538463,2269.9938461538463
2647,Congested,16.0,145.0,62.0,4.0,CLOUD,CLOUD,617.6,2234.92,2234.92,2234.92
2648,Congested,11.0,168.0,69.0,5.0,CLOUD,CLOUD,814.0,3918.163636363636,3918.163636363636,3918.163636363636
2649,Congested,37.0,175.0,68.0,10.0,CLOUD,CLOUD,1616.0,2564.362162162162,2564.362162162162,2564.362162162162
2650,Congested,27.0,175.0,82.0,5.0,CLOUD,CLOUD,892.0,1772.8814814814814,1772.8814814814814,1772.8814814814814
2651,Congested,14.0,228.0,64.0,9.0,CLOUD,CLOUD,1411.2,5573.897142857143,5573.897142857143,5573.897142857143
2652,Congested,18.0,186.0,84.0,3.0,CLOUD,CLOUD,542.4,1589.4133333333332,1589.4133333333332,1589.4133333333332
2653,Congested,22.0,236.0,65.0,5.0,CLOUD,CLOUD,790.0,2167.181818181818,2167.181818181818,2167.181818181818
2654,Congested,31.0,228.0,69.0,9.0,CLOUD,CLOUD,1465.2,2755.420645161291,2755.420645161291,2755.420645161291
2655,Congested,16.0,138.0,77.0,4.0,CLOUD,CLOUD,689.6000000000001,2230.32,2230.32,2230.32
2656,Congested,32.0,215.0,92.0,10.0,CLOUD,CLOUD,1904.0,2951.8,2951.8,2951.8
2657,Congested,15.0,227.0,69.0,6.0,CLOUD,CLOUD,976.8000000000001,3563.56,3563.56,3563.56
2658,Congested,35.0,231.0,84.0,1.0,CLOUD,CLOUD,180.79999999999998,482.93142857142857,482.93142857142857,482.93142857142857
2659,Congested,40.0,183.0,64.0,5.0,CLOUD,CLOUD,784.0,1295.8,1295.8,1295.8
2660,Congested,13.0,148.0,95.0,7.0,CLOUD,CLOUD,1358.0,4622.292307692308,4622.292307692308,4622.292307692308
2661,Congested,12.0,204.0,65.0,6.0,CLOUD,CLOUD,948.0,4339.6,4339.6,4339.6
2662,Congested,39.0,205.0,77.0,3.0,CLOUD,CLOUD,517.2,889.6246153846155,889.6246153846155,889.6246153846155
2663,Congested,37.0,177.0,77.0,1.0,CLOUD,CLOUD,172.40000000000003,416.29621621621624,416.29621621621624,416.29621621621624
2664,Congested,13.0,216.0,74.0,7.0,CLOUD,CLOUD,1181.6,4684.412307692308,4684.412307692308,4684.412307692308
2665,Congested,40.0,146.0,67.0,3.0,CLOUD,CLOUD,481.2,814.04,814.04,814.04
2666,Congested,26.0,198.0,91.0,2.0,CLOUD,CLOUD,378.40000000000003,860.6646153846154,860.6646153846154,860.6646153846154
2667,Congested,26.0,209.0,78.0,9.0,CLOUD,CLOUD,1562.3999999999999,3186.310769230769,3186.310769230769,3186.310769230769
2668,Congested,18.0,145.0,63.0,3.0,CLOUD,CLOUD,466.8,1545.8933333333332,1545.8933333333332,1545.8933333333332
2669,Congested,20.0,219.0,71.0,6.0,CLOUD,CLOUD,991.1999999999999,2756.04,2756.04,2756.04
2670,Congested,35.0,223.0,90.0,10.0,CLOUD,CLOUD,1880.0,2744.714285714286,2744.714285714286,2744.714285714286
2671,Congested,14.0,186.0,60.0,9.0,CLOUD,CLOUD,1368.0,5530.4571428571435,5530.4571428571435,5530.4571428571435
2672,Congested,32.0,159.0,68.0,3.0,CLOUD,CLOUD,484.8,977.16,977.16,977.16
2673,Congested,22.0,188.0,63.0,6.0,CLOUD,CLOUD,933.6,2504.9381818181814,2504.9381818181814,2504.9381818181814
2674,Congested,32.0,183.0,86.0,8.0,CLOUD,CLOUD,1465.6,2370.52,2370.52,2370.52
2675,Congested,15.0,232.0,82.0,8.0,CLOUD,CLOUD,1427.2,4684.906666666667,4684.906666666667,4684.906666666667
2676,Congested,26.0,193.0,77.0,7.0,CLOUD,CLOUD,1206.8000000000002,2508.4061538461538,2508.4061538461538,2508.4061538461538
2677,Congested,26.0,178.0,79.0,2.0,CLOUD,CLOUD,349.6,839.7046153846154,839.7046153846154,839.7046153846154
2678,Congested,40.0,198.0,86.0,6.0,CLOUD,CLOUD,1099.2,1538.6399999999999,1538.6399999999999,1538.6399999999999
2679,Congested,37.0,143.0,65.0,2.0,CLOUD,CLOUD,316.0,620.6324324324326,620.6324324324326,620.6324324324326
2680,Congested,33.0,181.0,65.0,3.0,CLOUD,CLOUD,474.0,976.0727272727272,976.0727272727272,976.0727272727272
2681,Congested,28.0,134.0,65.0,5.0,CLOUD,CLOUD,790.0,1675.5714285714287,1675.5714285714287,1675.5714285714287
2682,Congested,27.0,246.0,60.0,7.0,CLOUD,CLOUD,1064.0,2476.874074074074,2476.874074074074,2476.874074074074
2683,Congested,31.0,250.0,68.0,8.0,CLOUD,CLOUD,1292.8,2496.2761290322583,2496.2761290322583,2496.2761290322583
2684,Congested,25.0,151.0,85.0,1.0,CLOUD,CLOUD,182.0,494.4,494.4,494.4
2685,Congested,29.0,168.0,60.0,7.0,CLOUD,CLOUD,1064.0,2255.8344827586207,2255.8344827586207,2255.8344827586207
2686,Congested,32.0,208.0,75.0,9.0,CLOUD,CLOUD,1530.0,2665.0,2665.0,2665.0
2687,Congested,31.0,130.0,88.0,3.0,CLOUD,CLOUD,556.8000000000001,974.7535483870968,974.7535483870968,974.7535483870968
2688,Congested,31.0,177.0,71.0,2.0,CLOUD,CLOUD,330.4,738.8090322580645,738.8090322580645,738.8090322580645
2689,Congested,21.0,154.0,92.0,6.0,CLOUD,CLOUD,1142.3999999999999,2581.7942857142857,2581.7942857142857,2581.7942857142857
2690,Congested,40.0,133.0,87.0,8.0,CLOUD,CLOUD,1475.1999999999998,1920.84,1920.84,1920.84
2691,Congested,22.0,163.0,83.0,2.0,CLOUD,CLOUD,359.20000000000005,936.9127272727272,936.9127272727272,936.9127272727272
2692,Congested,20.0,183.0,94.0,2.0,CLOUD,CLOUD,385.6,1030.52,1030.52,1030.52
2693,Congested,19.0,196.0,90.0,5.0,CLOUD,CLOUD,940.0,2419.2631578947367,2419.2631578947367,2419.2631578947367
2694,Congested,18.0,174.0,60.0,10.0,CLOUD,CLOUD,1520.0,4842.444444444444,4842.444444444444,4842.444444444444
2695,Congested,22.0,175.0,79.0,9.0,CLOUD,CLOUD,1573.2,3656.167272727273,3656.167272727273,3656.167272727273
2696,Congested,36.0,129.0,89.0,10.0,CLOUD,CLOUD,1868.0,2586.822222222222,2586.822222222222,2586.822222222222
2697,Congested,37.0,244.0,63.0,6.0,CLOUD,CLOUD,933.6,1676.4172972972972,1676.4172972972972,1676.4172972972972
2698,Congested,10.0,237.0,81.0,5.0,CLOUD,CLOUD,886.0,4353.2,4353.2,4353.2
2699,Congested,21.0,147.0,60.0,6.0,CLOUD,CLOUD,912.0,2567.114285714286,2567.114285714286,2567.114285714286
2700,Congested,38.0,167.0,85.0,6.0,CLOUD,CLOUD,1092.0,1570.5578947368422,1570.5578947368422,1570.5578947368422
2701,Congested,10.0,145.0,87.0,8.0,CLOUD,CLOUD,1475.1999999999998,6732.84,6732.84,6732.84
2702,Congested,16.0,141.0,93.0,9.0,CLOUD,CLOUD,1724.4,4854.48,4854.48,4854.48
2703,Congested,38.0,159.0,86.0,2.0,CLOUD,CLOUD,366.4,626.9326315789473,626.9326315789473,626.9326315789473
2704,Congested,39.0,244.0,60.0,3.0,CLOUD,CLOUD,456.0,926.5846153846155,926.5846153846155,926.5846153846155
2705,Congested,34.0,184.0,74.0,8.0,CLOUD,CLOUD,1350.3999999999999,2250.03294117647,2250.03294117647,2250.03294117647
2706,Congested,22.0,215.0,79.0,6.0,CLOUD,CLOUD,1048.8,2535.7781818181816,2535.7781818181816,2535.7781818181816
2707,Congested,23.0,166.0,94.0,5.0,CLOUD,CLOUD,964.0,2023.9304347826087,2023.9304347826087,2023.9304347826087
2708,Congested,13.0,232.0,88.0,3.0,CLOUD,CLOUD,556.8000000000001,2148.713846153846,2148.713846153846,2148.713846153846
2709,Congested,14.0,210.0,87.0,1.0,CLOUD,CLOUD,184.39999999999998,804.9085714285715,804.9085714285715,804.9085714285715
2710,Congested,21.0,170.0,67.0,4.0,CLOUD,CLOUD,641.5999999999999,1784.5295238095237,1784.5295238095237,1784.5295238095237
2711,Congested,19.0,130.0,68.0,7.0,CLOUD,CLOUD,1131.2,3236.408421052631,3236.408421052631,3236.408421052631
2712,Congested,23.0,204.0,62.0,3.0,CLOUD,CLOUD,463.2,1314.9182608695653,1314.9182608695653,1314.9182608695653
2713,Congested,31.0,170.0,90.0,5.0,CLOUD,CLOUD,940.0,1578.3225806451612,1578.3225806451612,1578.3225806451612
2714,Congested,13.0,227.0,91.0,9.0,CLOUD,CLOUD,1702.8000000000002,5978.221538461538,5978.221538461538,5978.221538461538
2715,Congested,25.0,152.0,80.0,7.0,CLOUD,CLOUD,1232.0,2554.4,2554.4,2554.4
2716,Congested,26.0,219.0,68.0,2.0,CLOUD,CLOUD,323.2,879.8246153846155,879.8246153846155,879.8246153846155
2717,Congested,40.0,147.0,61.0,3.0,CLOUD,CLOUD,459.6,814.3199999999999,814.3199999999999,814.3199999999999
2718,Congested,14.0,208.0,92.0,1.0,CLOUD,CLOUD,190.39999999999998,803.1085714285714,803.1085714285714,803.1085714285714
2719,Congested,34.0,180.0,63.0,6.0,CLOUD,CLOUD,933.6,1726.8847058823528,1726.8847058823528,1726.8847058823528
2720,Congested,23.0,122.0,87.0,8.0,CLOUD,CLOUD,1475.1999999999998,3092.448695652174,3092.448695652174,3092.448695652174
2721,Congested,19.0,192.0,91.0,2.0,CLOUD,CLOUD,378.40000000000003,1081.3852631578945,1081.3852631578945,1081.3852631578945
2722,Congested,34.0,229.0,75.0,10.0,CLOUD,CLOUD,1700.0,2811.9411764705883,2811.9411764705883,2811.9411764705883
2723,Congested,14.0,250.0,71.0,4.0,CLOUD,CLOUD,660.8,2627.074285714286,2627.074285714286,2627.074285714286
2724,Congested,18.0,149.0,76.0,4.0,CLOUD,CLOUD,684.8000000000001,2018.9377777777777,2018.9377777777777,2018.9377777777777
2725,Congested,31.0,229.0,72.0,8.0,CLOUD,CLOUD,1331.2,2476.556129032258,2476.556129032258,2476.556129032258
2726,Congested,32.0,146.0,92.0,10.0,CLOUD,CLOUD,1904.0,2882.8,2882.8,2882.8
2727,Congested,15.0,168.0,69.0,4.0,CLOUD,CLOUD,651.2,2392.3733333333334,2392.3733333333334,2392.3733333333334
2728,Congested,13.0,153.0,85.0,1.0,CLOUD,CLOUD,182.0,791.7846153846154,791.7846153846154,791.7846153846154
2729,Congested,18.0,169.0,69.0,7.0,CLOUD,CLOUD,1139.6000000000001,3439.4311111111115,3439.4311111111115,3439.4311111111115
2730,Congested,10.0,171.0,65.0,1.0,CLOUD,CLOUD,158.0,993.6,993.6,993.6
2731,Congested,22.0,224.0,93.0,5.0,CLOUD,CLOUD,958.0,2160.781818181818,2160.781818181818,2160.781818181818
2732,Congested,32.0,179.0,74.0,6.0,CLOUD,CLOUD,1012.8,1816.76,1816.76,1816.76
2733,Congested,23.0,242.0,63.0,9.0,CLOUD,CLOUD,1400.4,3575.114782608696,3575.114782608696,3575.114782608696
2734,Congested,23.0,133.0,79.0,2.0,CLOUD,CLOUD,349.6,874.9721739130434,874.9721739130434,874.9721739130434
2735,Congested,18.0,213.0,77.0,6.0,CLOUD,CLOUD,1034.4,3018.1466666666665,3018.1466666666665,3018.1466666666665
2736,Congested,32.0,227.0,75.0,6.0,CLOUD,CLOUD,1020.0,1865.0,1865.0,1865.0
2737,Congested,38.0,132.0,71.0,1.0,CLOUD,CLOUD,165.2,365.3663157894736,365.3663157894736,365.3663157894736
2738,Congested,10.0,133.0,80.0,4.0,CLOUD,CLOUD,704.0,3425.8,3425.8,3425.8
2739,Congested,19.0,240.0,77.0,10.0,CLOUD,CLOUD,1724.0000000000002,4681.3263157894735,4681.3263157894735,4681.3263157894735
2740,Congested,13.0,230.0,71.0,5.0,CLOUD,CLOUD,826.0,3421.123076923077,3421.123076923077,3421.123076923077
2741,Congested,40.0,245.0,83.0,6.0,CLOUD,CLOUD,1077.6000000000001,1584.92,1584.92,1584.92
2742,Congested,19.0,148.0,66.0,1.0,CLOUD,CLOUD,159.2,591.6926315789473,591.6926315789473,591.6926315789473
2743,Congested,31.0,153.0,81.0,6.0,CLOUD,CLOUD,1063.1999999999998,1840.8270967741935,1840.8270967741935,1840.8270967741935
2744,Congested,33.0,212.0,93.0,10.0,CLOUD,CLOUD,1916.0,2873.4424242424243,2873.4424242424243,2873.4424242424243
2745,Congested,21.0,180.0,77.0,4.0,CLOUD,CLOUD,689.6000000000001,1796.1295238095236,1796.1295238095236,1796.1295238095236
2746,Congested,28.0,218.0,65.0,2.0,CLOUD,CLOUD,316.0,834.6285714285715,834.6285714285715,834.6285714285715
2747,Congested,14.0,150.0,62.0,10.0,CLOUD,CLOUD,1544.0,6089.085714285715,6089.085714285715,6089.085714285715
2748,Congested,40.0,168.0,72.0,8.0,CLOUD,CLOUD,1331.2,1951.04,1951.04,1951.04
2749,Congested,39.0,145.0,64.0,9.0,CLOUD,CLOUD,1411.2,2194.193846153846,2194.193846153846,2194.193846153846
2750,Congested,29.0,207.0,79.0,8.0,CLOUD,CLOUD,1398.4,2599.1765517241374,2599.1765517241374,2599.1765517241374
2751,Congested,34.0,171.0,94.0,3.0,CLOUD,CLOUD,578.4000000000001,948.1623529411764,948.1623529411764,948.1623529411764
2752,Congested,11.0,152.0,72.0,7.0,CLOUD,CLOUD,1164.8,5403.069090909091,5403.069090909091,5403.069090909091
2753,Congested,27.0,184.0,95.0,6.0,CLOUD,CLOUD,1164.0,2104.5777777777776,2104.5777777777776,2104.5777777777776
2754,Congested,38.0,213.0,88.0,2.0,CLOUD,CLOUD,371.20000000000005,681.0926315789472,681.0926315789472,681.0926315789472
2755,Congested,39.0,231.0,64.0,8.0,CLOUD,CLOUD,1254.4,2052.505641025641,2052.505641025641,2052.505641025641
2756,Congested,23.0,248.0,61.0,3.0,CLOUD,CLOUD,459.6,1358.7982608695652,1358.7982608695652,1358.7982608695652
2757,Congested,29.0,190.0,68.0,5.0,CLOUD,CLOUD,808.0,1682.9103448275862,1682.9103448275862,1682.9103448275862
2758,Congested,11.0,135.0,72.0,7.0,CLOUD,CLOUD,1164.8,5386.069090909091,5386.069090909091,5386.069090909091
2759,Congested,25.0,139.0,70.0,8.0,CLOUD,CLOUD,1312.0,2881.4,2881.4,2881.4
2760,Congested,34.0,250.0,84.0,9.0,CLOUD,CLOUD,1627.1999999999998,2577.887058823529,2577.887058823529,2577.887058823529
2761,Congested,34.0,219.0,85.0,10.0,CLOUD,CLOUD,1820.0,2805.9411764705883,2805.9411764705883,2805.9411764705883
2762,Congested,18.0,172.0,71.0,1.0,CLOUD,CLOUD,165.2,639.2844444444444,639.2844444444444,639.2844444444444
2763,Congested,15.0,175.0,60.0,9.0,CLOUD,CLOUD,1368.0,5176.6,5176.6,5176.6
2764,Congested,24.0,248.0,93.0,5.0,CLOUD,CLOUD,958.0,2033.2666666666667,2033.2666666666667,2033.2666666666667
2765,Congested,19.0,176.0,78.0,5.0,CLOUD,CLOUD,868.0,2396.8631578947366,2396.8631578947366,2396.8631578947366
2766,Congested,27.0,150.0,70.0,4.0,CLOUD,CLOUD,656.0,1426.3851851851853,1426.3851851851853,1426.3851851851853
2767,Congested,11.0,180.0,78.0,1.0,CLOUD,CLOUD,173.6,930.3927272727273,930.3927272727273,930.3927272727273
2768,Congested,30.0,157.0,77.0,3.0,CLOUD,CLOUD,517.2,1026.24,1026.24,1026.24
2769,Congested,18.0,133.0,75.0,4.0,CLOUD,CLOUD,680.0,2002.7777777777776,2002.7777777777776,2002.7777777777776
2770,Congested,27.0,149.0,60.0,6.0,CLOUD,CLOUD,912.0,2061.1777777777775,2061.1777777777775,2061.1777777777775
2771,Congested,30.0,214.0,80.0,2.0,CLOUD,CLOUD,352.0,793.7333333333333,793.7333333333333,793.7333333333333
2772,Congested,40.0,187.0,68.0,7.0,CLOUD,CLOUD,1131.2,1746.04,1746.04,1746.04
2773,Congested,38.0,195.0,80.0,1.0,CLOUD,CLOUD,176.0,428.72631578947363,428.72631578947363,428.72631578947363
2774,Congested,30.0,122.0,82.0,4.0,CLOUD,CLOUD,713.6,1281.7866666666666,1281.7866666666666,1281.7866666666666
2775,Congested,33.0,191.0,71.0,5.0,CLOUD,CLOUD,826.0,1517.3212121212123,1517.3212121212123,1517.3212121212123
2776,Congested,10.0,147.0,84.0,5.0,CLOUD,CLOUD,903.9999999999999,4263.8,4263.8,4263.8
2777,Congested,37.0,172.0,88.0,4.0,CLOUD,CLOUD,742.4000000000001,1130.944864864865,1130.944864864865,1130.944864864865
2778,Congested,20.0,188.0,73.0,10.0,CLOUD,CLOUD,1675.9999999999998,4417.2,4417.2,4417.2
2779,Congested,30.0,221.0,69.0,8.0,CLOUD,CLOUD,1302.4,2536.4133333333334,2536.4133333333334,2536.4133333333334
2780,Congested,17.0,231.0,83.0,3.0,CLOUD,CLOUD,538.8000000000001,1712.724705882353,1712.724705882353,1712.724705882353
2781,Congested,38.0,242.0,65.0,8.0,CLOUD,CLOUD,1264.0,2107.0105263157893,2107.0105263157893,2107.0105263157893
2782,Congested,15.0,237.0,71.0,3.0,CLOUD,CLOUD,495.59999999999997,1905.52,1905.52,1905.52
2783,Congested,16.0,245.0,71.0,5.0,CLOUD,CLOUD,826.0,2859.2,2859.2,2859.2
2784,Congested,10.0,199.0,70.0,3.0,CLOUD,CLOUD,491.99999999999994,2667.4,2667.4,2667.4
2785,Congested,36.0,220.0,72.0,2.0,CLOUD,CLOUD,332.8,710.2044444444443,710.2044444444443,710.2044444444443
2786,Congested,14.0,138.0,87.0,4.0,CLOUD,CLOUD,737.5999999999999,2517.634285714286,2517.634285714286,2517.634285714286
2787,Congested,24.0,223.0,66.0,9.0,CLOUD,CLOUD,1432.8,3426.76,3426.76,3426.76
2788,Congested,14.0,123.0,66.0,7.0,CLOUD,CLOUD,1114.4,4281.48,4281.48,4281.48
2789,Congested,22.0,125.0,67.0,1.0,CLOUD,CLOUD,160.39999999999998,511.31636363636363,511.31636363636363,511.31636363636363
2790,Congested,34.0,131.0,68.0,4.0,CLOUD,CLOUD,646.4,1163.0564705882352,1163.0564705882352,1163.0564705882352
2791,Congested,34.0,141.0,77.0,3.0,CLOUD,CLOUD,517.2,916.1223529411765,916.1223529411765,916.1223529411765
2792,Congested,40.0,123.0,60.0,2.0,CLOUD,CLOUD,304.0,567.8,567.8,567.8
2793,Congested,27.0,206.0,65.0,4.0,CLOUD,CLOUD,632.0,1481.5851851851853,1481.5851851851853,1481.5851851851853
2794,Congested,14.0,242.0,88.0,3.0,CLOUD,CLOUD,556.8000000000001,2026.8457142857142,2026.8457142857142,2026.8457142857142
2795,Congested,19.0,204.0,90.0,3.0,CLOUD,CLOUD,564.0,1537.957894736842,1537.957894736842,1537.957894736842
2796,Congested,17.0,134.0,94.0,5.0,CLOUD,CLOUD,964.0,2605.7411764705885,2605.7411764705885,2605.7411764705885
2797,Congested,30.0,151.0,61.0,1.0,CLOUD,CLOUD,153.2,440.1066666666667,440.1066666666667,440.1066666666667
2798,Congested,13.0,195.0,66.0,9.0,CLOUD,CLOUD,1432.8,5937.221538461538,5937.221538461538,5937.221538461538
2799,Congested,38.0,226.0,69.0,1.0,CLOUD,CLOUD,162.8,459.28631578947363,459.28631578947363,459.28631578947363
2800,Congested,39.0,177.0,61.0,4.0,CLOUD,CLOUD,612.8,1087.2728205128205,1087.2728205128205,1087.2728205128205
2801,Congested,23.0,218.0,69.0,6.0,CLOUD,CLOUD,976.8000000000001,2441.5165217391304,2441.5165217391304,2441.5165217391304
2802,Congested,30.0,193.0,74.0,7.0,CLOUD,CLOUD,1181.6,2220.3866666666668,2220.3866666666668,2220.3866666666668
2803,Congested,31.0,148.0,91.0,3.0,CLOUD,CLOUD,567.6,993.1135483870967,993.1135483870967,993.1135483870967
2804,Congested,13.0,177.0,66.0,5.0,CLOUD,CLOUD,796.0,3367.123076923077,3367.123076923077,3367.123076923077
2805,Congested,21.0,139.0,81.0,2.0,CLOUD,CLOUD,354.4,947.3847619047618,947.3847619047618,947.3847619047618
2806,Congested,21.0,141.0,62.0,10.0,CLOUD,CLOUD,1544.0,4175.323809523809,4175.323809523809,4175.323809523809
2807,Congested,14.0,165.0,87.0,9.0,CLOUD,CLOUD,1659.6,5519.177142857143,5519.177142857143,5519.177142857143
2808,Congested,20.0,166.0,87.0,3.0,CLOUD,CLOUD,553.1999999999999,1436.44,1436.44,1436.44
2809,Congested,38.0,197.0,78.0,6.0,CLOUD,CLOUD,1041.6,1598.877894736842,1598.877894736842,1598.877894736842
2810,Congested,38.0,146.0,77.0,8.0,CLOUD,CLOUD,1379.2000000000003,2014.8505263157895,2014.8505263157895,2014.8505263157895
2811,Congested,31.0,214.0,76.0,2.0,CLOUD,CLOUD,342.40000000000003,776.2090322580646,776.2090322580646,776.2090322580646
2812,Congested,35.0,120.0,69.0,3.0,CLOUD,CLOUD,488.40000000000003,873.9942857142856,873.9942857142856,873.9942857142856
2813,Congested,20.0,157.0,84.0,8.0,CLOUD,CLOUD,1446.3999999999999,3543.88,3543.88,3543.88
2814,Congested,33.0,242.0,64.0,2.0,CLOUD,CLOUD,313.6,771.9684848484849,771.9684848484849,771.9684848484849
2815,Congested,28.0,229.0,77.0,3.0,CLOUD,CLOUD,517.2,1155.3828571428571,1155.3828571428571,1155.3828571428571
2816,Congested,12.0,202.0,68.0,3.0,CLOUD,CLOUD,484.8,2270.16,2270.16,2270.16
2817,Congested,34.0,218.0,82.0,6.0,CLOUD,CLOUD,1070.4,1769.444705882353,1769.444705882353,1769.444705882353
2818,Congested,25.0,228.0,90.0,7.0,CLOUD,CLOUD,1316.0,2633.2,2633.2,2633.2
2819,Congested,29.0,205.0,68.0,4.0,CLOUD,CLOUD,646.4,1399.328275862069,1399.328275862069,1399.328275862069
2820,Congested,22.0,227.0,95.0,8.0,CLOUD,CLOUD,1552.0,3326.490909090909,3326.490909090909,3326.490909090909
2821,Congested,27.0,246.0,94.0,9.0,CLOUD,CLOUD,1735.2,3126.5066666666667,3126.5066666666667,3126.5066666666667
2822,Congested,36.0,178.0,84.0,2.0,CLOUD,CLOUD,361.59999999999997,669.1644444444444,669.1644444444444,669.1644444444444
2823,Congested,28.0,227.0,93.0,10.0,CLOUD,CLOUD,1916.0,3321.342857142857,3321.342857142857,3321.342857142857
2824,Congested,34.0,176.0,65.0,4.0,CLOUD,CLOUD,632.0,1207.5764705882352,1207.5764705882352,1207.5764705882352
2825,Congested,21.0,120.0,73.0,1.0,CLOUD,CLOUD,167.59999999999997,523.8723809523809,523.8723809523809,523.8723809523809
2826,Congested,21.0,241.0,68.0,2.0,CLOUD,CLOUD,323.2,1048.3447619047618,1048.3447619047618,1048.3447619047618
2827,Congested,11.0,209.0,83.0,3.0,CLOUD,CLOUD,538.8000000000001,2460.7781818181816,2460.7781818181816,2460.7781818181816
2828,Congested,19.0,237.0,69.0,9.0,CLOUD,CLOUD,1465.2,4231.313684210526,4231.313684210526,4231.313684210526
2829,Congested,39.0,227.0,75.0,4.0,CLOUD,CLOUD,680.0,1139.5128205128203,1139.5128205128203,1139.5128205128203
2830,Congested,36.0,177.0,63.0,3.0,CLOUD,CLOUD,466.8,911.2266666666666,911.2266666666666,911.2266666666666
2831,Congested,13.0,156.0,84.0,1.0,CLOUD,CLOUD,180.79999999999998,794.7446153846155,794.7446153846155,794.7446153846155
2832,Congested,32.0,228.0,83.0,1.0,CLOUD,CLOUD,179.60000000000002,501.32,501.32,501.32
2833,Congested,32.0,147.0,64.0,8.0,CLOUD,CLOUD,1254.4,2327.48,2327.48,2327.48
2834,Congested,36.0,160.0,61.0,3.0,CLOUD,CLOUD,459.6,893.9866666666667,893.9866666666667,893.9866666666667
2835,Congested,21.0,156.0,65.0,4.0,CLOUD,CLOUD,632.0,1770.2095238095237,1770.2095238095237,1770.2095238095237
2836,Congested,12.0,123.0,86.0,3.0,CLOUD,CLOUD,549.6,2193.32,2193.32,2193.32
2837,Congested,34.0,166.0,90.0,3.0,CLOUD,CLOUD,564.0,942.6823529411764,942.6823529411764,942.6823529411764
2838,Congested,33.0,196.0,90.0,7.0,CLOUD,CLOUD,1316.0,2058.169696969697,2058.169696969697,2058.169696969697
2839,Congested,33.0,206.0,88.0,1.0,CLOUD,CLOUD,185.60000000000002,471.9442424242424,471.9442424242424,471.9442424242424
2840,Congested,19.0,148.0,69.0,1.0,CLOUD,CLOUD,162.8,591.8126315789473,591.8126315789473,591.8126315789473
2841,Congested,38.0,128.0,71.0,9.0,CLOUD,CLOUD,1486.8,2228.2968421052633,2228.2968421052633,2228.2968421052633
2842,Congested,15.0,122.0,85.0,7.0,CLOUD,CLOUD,1274.0,4019.1333333333337,4019.1333333333337,4019.1333333333337
2843,Congested,31.0,236.0,95.0,5.0,CLOUD,CLOUD,969.9999999999999,1645.3225806451612,1645.3225806451612,1645.3225806451612
2844,Congested,39.0,248.0,79.0,4.0,CLOUD,CLOUD,699.2,1161.1528205128202,1161.1528205128202,1161.1528205128202
2845,Congested,23.0,160.0,77.0,2.0,CLOUD,CLOUD,344.80000000000007,901.8121739130435,901.8121739130435,901.8121739130435
2846,Congested,26.0,216.0,68.0,4.0,CLOUD,CLOUD,646.4,1537.649230769231,1537.649230769231,1537.649230769231
2847,Congested,22.0,134.0,74.0,7.0,CLOUD,CLOUD,1181.6,2840.1745454545453,2840.1745454545453,2840.1745454545453
2848,Congested,15.0,139.0,89.0,8.0,CLOUD,CLOUD,1494.4,4594.1466666666665,4594.1466666666665,4594.1466666666665
2849,Congested,20.0,223.0,84.0,3.0,CLOUD,CLOUD,542.4,1493.08,1493.08,1493.08
2850,Congested,11.0,215.0,87.0,4.0,CLOUD,CLOUD,737.5999999999999,3218.010909090909,3218.010909090909,3218.010909090909
2851,Congested,18.0,147.0,66.0,2.0,CLOUD,CLOUD,318.4,1081.1688888888887,1081.1688888888887,1081.1688888888887
2852,Congested,21.0,205.0,61.0,4.0,CLOUD,CLOUD,612.8,1818.5695238095236,1818.5695238095236,1818.5695238095236
2853,Congested,19.0,161.0,94.0,2.0,CLOUD,CLOUD,385.6,1050.6252631578948,1050.6252631578948,1050.6252631578948
2854,Congested,12.0,174.0,60.0,5.0,CLOUD,CLOUD,760.0,3619.3333333333335,3619.3333333333335,3619.3333333333335
2855,Congested,16.0,171.0,62.0,4.0,CLOUD,CLOUD,617.6,2260.92,2260.92,2260.92
2856,Congested,18.0,141.0,62.0,10.0,CLOUD,CLOUD,1544.0,4810.2444444444445,4810.2444444444445,4810.2444444444445
2857,Congested,35.0,243.0,62.0,1.0,CLOUD,CLOUD,154.4,494.0514285714286,494.0514285714286,494.0514285714286
2858,Congested,20.0,143.0,79.0,1.0,CLOUD,CLOUD,174.8,566.16,566.16,566.16
2859,Congested,21.0,192.0,85.0,9.0,CLOUD,CLOUD,1638.0,3831.1714285714284,3831.1714285714284,3831.1714285714284
2860,Congested,16.0,200.0,85.0,6.0,CLOUD,CLOUD,1092.0,3340.4,3340.4,3340.4
2861,Congested,14.0,144.0,81.0,7.0,CLOUD,CLOUD,1240.3999999999999,4306.68,4306.68,4306.68
2862,Congested,38.0,248.0,66.0,9.0,CLOUD,CLOUD,1432.8,2346.4968421052636,2346.4968421052636,2346.4968421052636
2863,Congested,35.0,158.0,61.0,10.0,CLOUD,CLOUD,1532.0,2668.114285714286,2668.114285714286,2668.114285714286
2864,Congested,35.0,217.0,90.0,10.0,CLOUD,CLOUD,1880.0,2738.714285714286,2738.714285714286,2738.714285714286
2865,Congested,37.0,129.0,78.0,3.0,CLOUD,CLOUD,520.8,847.0086486486487,847.0086486486487,847.0086486486487
2866,Congested,14.0,238.0,65.0,2.0,CLOUD,CLOUD,316.0,1426.057142857143,1426.057142857143,1426.057142857143
2867,Congested,40.0,179.0,73.0,3.0,CLOUD,CLOUD,502.79999999999995,847.76,847.76,847.76
2868,Congested,34.0,161.0,92.0,9.0,CLOUD,CLOUD,1713.6,2491.767058823529,2491.767058823529,2491.767058823529
2869,Congested,33.0,207.0,88.0,3.0,CLOUD,CLOUD,556.8000000000001,1004.8327272727272,1004.8327272727272,1004.8327272727272
2870,Congested,20.0,194.0,83.0,10.0,CLOUD,CLOUD,1796.0,4427.2,4427.2,4427.2
2871,Congested,37.0,230.0,62.0,7.0,CLOUD,CLOUD,1080.8,1900.8735135135134,1900.8735135135134,1900.8735135135134
2872,Congested,17.0,173.0,64.0,3.0,CLOUD,CLOUD,470.4,1652.444705882353,1652.444705882353,1652.444705882353
2873,Congested,28.0,247.0,66.0,1.0,CLOUD,CLOUD,159.2,555.3542857142858,555.3542857142858,555.3542857142858
2874,Congested,14.0,199.0,95.0,2.0,CLOUD,CLOUD,388.0,1389.4571428571428,1389.4571428571428,1389.4571428571428
2875,Congested,25.0,144.0,89.0,6.0,CLOUD,CLOUD,1120.8,2205.36,2205.36,2205.36
2876,Congested,15.0,195.0,70.0,2.0,CLOUD,CLOUD,328.0,1307.2666666666667,1307.2666666666667,1307.2666666666667
2877,Congested,18.0,213.0,82.0,2.0,CLOUD,CLOUD,356.8,1148.4488888888886,1148.4488888888886,1148.4488888888886
2878,Congested,12.0,165.0,89.0,5.0,CLOUD,CLOUD,934.0,3616.1333333333337,3616.1333333333337,3616.1333333333337
2879,Congested,25.0,185.0,88.0,3.0,CLOUD,CLOUD,556.8000000000001,1215.56,1215.56,1215.56
2880,Congested,40.0,151.0,91.0,1.0,CLOUD,CLOUD,189.20000000000002,374.64,374.64,374.64
2881,Congested,21.0,193.0,85.0,7.0,CLOUD,CLOUD,1274.0,3023.4666666666667,3023.4666666666667,3023.4666666666667
2882,Congested,37.0,153.0,88.0,6.0,CLOUD,CLOUD,1113.6000000000001,1591.4172972972974,1591.4172972972974,1591.4172972972974
2883,Congested,26.0,200.0,83.0,2.0,CLOUD,CLOUD,359.20000000000005,862.0246153846155,862.0246153846155,862.0246153846155
2884,Congested,31.0,225.0,92.0,8.0,CLOUD,CLOUD,1523.1999999999998,2478.956129032258,2478.956129032258,2478.956129032258
2885,Congested,18.0,130.0,63.0,4.0,CLOUD,CLOUD,622.4,1997.8577777777775,1997.8577777777775,1997.8577777777775
2886,Congested,32.0,122.0,69.0,2.0,CLOUD,CLOUD,325.6,667.52,667.52,667.52
2887,Congested,19.0,216.0,70.0,10.0,CLOUD,CLOUD,1639.9999999999998,4654.526315789473,4654.526315789473,4654.526315789473
2888,Congested,22.0,138.0,74.0,7.0,CLOUD,CLOUD,1181.6,2844.1745454545453,2844.1745454545453,2844.1745454545453
2889,Congested,37.0,238.0,65.0,6.0,CLOUD,CLOUD,948.0,1670.8972972972972,1670.8972972972972,1670.8972972972972
2890,Congested,24.0,239.0,94.0,8.0,CLOUD,CLOUD,1542.4,3095.7466666666664,3095.7466666666664,3095.7466666666664
2891,Congested,13.0,141.0,71.0,2.0,CLOUD,CLOUD,330.4,1417.449230769231,1417.449230769231,1417.449230769231
2892,Congested,39.0,221.0,87.0,4.0,CLOUD,CLOUD,737.5999999999999,1135.4328205128204,1135.4328205128204,1135.4328205128204
2893,Congested,22.0,204.0,64.0,6.0,CLOUD,CLOUD,940.8,2521.1781818181817,2521.1781818181817,2521.1781818181817
2894,Congested,20.0,244.0,73.0,8.0,CLOUD,CLOUD,1340.7999999999997,3627.36,3627.36,3627.36
2895,Congested,13.0,191.0,89.0,1.0,CLOUD,CLOUD,186.8,829.9446153846154,829.9446153846154,829.9446153846154
2896,Congested,27.0,159.0,90.0,3.0,CLOUD,CLOUD,564.0,1118.6888888888886,1118.6888888888886,1118.6888888888886
2897,Congested,30.0,174.0,80.0,10.0,CLOUD,CLOUD,1760.0000000000002,3072.6666666666665,3072.6666666666665,3072.6666666666665
2898,Congested,11.0,217.0,63.0,6.0,CLOUD,CLOUD,933.6,4715.756363636363,4715.756363636363,4715.756363636363
2899,Congested,35.0,230.0,90.0,4.0,CLOUD,CLOUD,752.0,1238.6857142857143,1238.6857142857143,1238.6857142857143
2900,Congested,11.0,174.0,61.0,7.0,CLOUD,CLOUD,1072.4,5421.989090909091,5421.989090909091,5421.989090909091
2901,Congested,18.0,184.0,71.0,2.0,CLOUD,CLOUD,330.4,1118.5688888888888,1118.5688888888888,1118.5688888888888
2902,Congested,14.0,137.0,77.0,7.0,CLOUD,CLOUD,1206.8000000000002,4298.56,4298.56,4298.56
2903,Congested,12.0,196.0,88.0,7.0,CLOUD,CLOUD,1299.2000000000003,5027.306666666667,5027.306666666667,5027.306666666667
2904,Congested,26.0,174.0,76.0,3.0,CLOUD,CLOUD,513.6,1166.1969230769232,1166.1969230769232,1166.1969230769232
2905,Congested,36.0,133.0,65.0,7.0,CLOUD,CLOUD,1106.0,1846.7555555555557,1846.7555555555557,1846.7555555555557
2906,Congested,20.0,196.0,70.0,4.0,CLOUD,CLOUD,656.0,1887.2,1887.2,1887.2
2907,Congested,21.0,227.0,90.0,8.0,CLOUD,CLOUD,1504.0,3463.4190476190474,3463.4190476190474,3463.4190476190474
2908,Congested,27.0,161.0,87.0,6.0,CLOUD,CLOUD,1106.3999999999999,2079.6577777777775,2079.6577777777775,2079.6577777777775
2909,Congested,39.0,219.0,60.0,9.0,CLOUD,CLOUD,1368.0,2266.753846153846,2266.753846153846,2266.753846153846
2910,Congested,35.0,170.0,64.0,10.0,CLOUD,CLOUD,1568.0,2681.3142857142857,2681.3142857142857,2681.3142857142857
2911,Congested,29.0,157.0,80.0,6.0,CLOUD,CLOUD,1056.0,1951.3724137931035,1951.3724137931035,1951.3724137931035
2912,Congested,10.0,158.0,89.0,3.0,CLOUD,CLOUD,560.4,2628.68,2628.68,2628.68
2913,Congested,25.0,201.0,67.0,7.0,CLOUD,CLOUD,1122.8,2599.76,2599.76,2599.76
2914,Congested,18.0,120.0,88.0,3.0,CLOUD,CLOUD,556.8000000000001,1523.8933333333332,1523.8933333333332,1523.8933333333332
2915,Congested,30.0,235.0,66.0,1.0,CLOUD,CLOUD,159.2,524.3066666666667,524.3066666666667,524.3066666666667
2916,Congested,16.0,168.0,86.0,9.0,CLOUD,CLOUD,1648.8,4878.96,4878.96,4878.96
2917,Congested,34.0,162.0,84.0,4.0,CLOUD,CLOUD,723.1999999999999,1196.6164705882352,1196.6164705882352,1196.6164705882352
2918,Congested,21.0,173.0,72.0,10.0,CLOUD,CLOUD,1664.0,4211.323809523809,4211.323809523809,4211.323809523809
2919,Congested,40.0,123.0,83.0,6.0,CLOUD,CLOUD,1077.6000000000001,1462.92,1462.92,1462.92
2920,Congested,10.0,197.0,79.0,9.0,CLOUD,CLOUD,1573.2,7605.44,7605.44,7605.44
2921,Congested,36.0,151.0,91.0,8.0,CLOUD,CLOUD,1513.6000000000001,2117.8977777777777,2117.8977777777777,2117.8977777777777
2922,Congested,23.0,225.0,82.0,6.0,CLOUD,CLOUD,1070.4,2451.6365217391303,2451.6365217391303,2451.6365217391303
2923,Congested,36.0,229.0,93.0,6.0,CLOUD,CLOUD,1149.6,1704.6533333333332,1704.6533333333332,1704.6533333333332
2924,Congested,13.0,165.0,89.0,7.0,CLOUD,CLOUD,1307.6,4637.612307692308,4637.612307692308,4637.612307692308
2925,Congested,21.0,165.0,95.0,10.0,CLOUD,CLOUD,1939.9999999999998,4212.523809523809,4212.523809523809,4212.523809523809
2926,Congested,15.0,231.0,84.0,5.0,CLOUD,CLOUD,903.9999999999999,3014.4666666666667,3014.4666666666667,3014.4666666666667
2927,Congested,37.0,231.0,78.0,10.0,CLOUD,CLOUD,1736.0,2624.362162162162,2624.362162162162,2624.362162162162
2928,Congested,40.0,145.0,65.0,2.0,CLOUD,CLOUD,316.0,590.2,590.2,590.2
2929,Congested,12.0,124.0,86.0,2.0,CLOUD,CLOUD,366.4,1504.2133333333331,1504.2133333333331,1504.2133333333331
2930,Congested,25.0,145.0,88.0,9.0,CLOUD,CLOUD,1670.4,3236.68,3236.68,3236.68
2931,Congested,28.0,128.0,78.0,7.0,CLOUD,CLOUD,1215.2,2289.84,2289.84,2289.84
2932,Congested,16.0,177.0,89.0,9.0,CLOUD,CLOUD,1681.2,4889.04,4889.04,4889.04
2933,Congested,22.0,149.0,72.0,8.0,CLOUD,CLOUD,1331.2,3241.130909090909,3241.130909090909,3241.130909090909
2934,Congested,40.0,151.0,82.0,8.0,CLOUD,CLOUD,1427.2,1937.24,1937.24,1937.24
2935,Congested,23.0,221.0,60.0,6.0,CLOUD,CLOUD,912.0,2442.3565217391306,2442.3565217391306,2442.3565217391306
2936,Congested,35.0,177.0,92.0,5.0,CLOUD,CLOUD,952.0,1438.257142857143,1438.257142857143,1438.257142857143
2937,Congested,18.0,187.0,79.0,7.0,CLOUD,CLOUD,1223.6000000000001,3460.231111111111,3460.231111111111,3460.231111111111
2938,Congested,31.0,181.0,60.0,7.0,CLOUD,CLOUD,1064.0,2144.251612903226,2144.251612903226,2144.251612903226
2939,Congested,11.0,123.0,61.0,3.0,CLOUD,CLOUD,459.6,2372.1381818181817,2372.1381818181817,2372.1381818181817
2940,Congested,35.0,215.0,93.0,10.0,CLOUD,CLOUD,1916.0,2737.9142857142856,2737.9142857142856,2737.9142857142856
2941,Congested,20.0,205.0,70.0,10.0,CLOUD,CLOUD,1639.9999999999998,4433.0,4433.0,4433.0
2942,Congested,23.0,181.0,95.0,7.0,CLOUD,CLOUD,1358.0,2782.3826086956524,2782.3826086956524,2782.3826086956524
2943,Congested,16.0,220.0,63.0,10.0,CLOUD,CLOUD,1556.0,5445.2,5445.2,5445.2
2944,Congested,23.0,152.0,84.0,3.0,CLOUD,CLOUD,542.4,1265.5582608695652,1265.5582608695652,1265.5582608695652
2945,Congested,22.0,201.0,93.0,3.0,CLOUD,CLOUD,574.8,1363.0690909090908,1363.0690909090908,1363.0690909090908
2946,Congested,23.0,179.0,66.0,3.0,CLOUD,CLOUD,477.6,1290.3982608695653,1290.3982608695653,1290.3982608695653
2947,Congested,26.0,150.0,85.0,5.0,CLOUD,CLOUD,910.0,1805.4615384615386,1805.4615384615386,1805.4615384615386
2948,Congested,36.0,160.0,80.0,4.0,CLOUD,CLOUD,704.0,1141.6888888888886,1141.6888888888886,1141.6888888888886
2949,Congested,12.0,143.0,61.0,7.0,CLOUD,CLOUD,1072.4,4966.746666666667,4966.746666666667,4966.746666666667
2950,Congested,10.0,159.0,61.0,10.0,CLOUD,CLOUD,1532.0,8383.4,8383.4,8383.4
2951,Congested,32.0,140.0,84.0,1.0,CLOUD,CLOUD,180.79999999999998,413.36,413.36,413.36
2952,Congested,33.0,153.0,89.0,6.0,CLOUD,CLOUD,1120.8,1748.9054545454544,1748.9054545454544,1748.9054545454544
2953,Congested,15.0,181.0,74.0,5.0,CLOUD,CLOUD,844.0,2962.4666666666667,2962.4666666666667,2962.4666666666667
2954,Congested,16.0,182.0,84.0,5.0,CLOUD,CLOUD,903.9999999999999,2798.8,2798.8,2798.8
2955,Congested,31.0,133.0,77.0,2.0,CLOUD,CLOUD,344.80000000000007,695.2890322580645,695.2890322580645,695.2890322580645
2956,Congested,39.0,156.0,61.0,10.0,CLOUD,CLOUD,1532.0,2431.6820512820514,2431.6820512820514,2431.6820512820514
2957,Congested,37.0,146.0,67.0,8.0,CLOUD,CLOUD,1283.1999999999998,2057.1697297297296,2057.1697297297296,2057.1697297297296
2958,Congested,39.0,151.0,66.0,3.0,CLOUD,CLOUD,477.6,834.3046153846154,834.3046153846154,834.3046153846154
2959,Congested,19.0,187.0,71.0,2.0,CLOUD,CLOUD,330.4,1074.7852631578946,1074.7852631578946,1074.7852631578946
2960,Congested,12.0,246.0,83.0,4.0,CLOUD,CLOUD,718.4000000000001,3005.9466666666667,3005.9466666666667,3005.9466666666667
2961,Congested,22.0,145.0,91.0,1.0,CLOUD,CLOUD,189.20000000000002,532.2763636363636,532.2763636363636,532.2763636363636
2962,Congested,23.0,138.0,91.0,2.0,CLOUD,CLOUD,378.40000000000003,880.9321739130435,880.9321739130435,880.9321739130435
2963,Congested,16.0,227.0,84.0,6.0,CLOUD,CLOUD,1084.8,3367.16,3367.16,3367.16
2964,Congested,30.0,235.0,70.0,3.0,CLOUD,CLOUD,491.99999999999994,1103.4,1103.4,1103.4
2965,Congested,19.0,122.0,71.0,10.0,CLOUD,CLOUD,1652.0,4560.926315789473,4560.926315789473,4560.926315789473
2966,Congested,30.0,128.0,67.0,6.0,CLOUD,CLOUD,962.4,1864.08,1864.08,1864.08
2967,Congested,21.0,243.0,94.0,1.0,CLOUD,CLOUD,192.8,647.712380952381,647.712380952381,647.712380952381
2968,Congested,15.0,185.0,67.0,4.0,CLOUD,CLOUD,641.5999999999999,2409.0533333333333,2409.0533333333333,2409.0533333333333
2969,Congested,29.0,127.0,94.0,1.0,CLOUD,CLOUD,192.8,426.6220689655172,426.6220689655172,426.6220689655172
2970,Congested,26.0,159.0,73.0,6.0,CLOUD,CLOUD,1005.5999999999999,2142.673846153846,2142.673846153846,2142.673846153846
2971,Congested,13.0,175.0,61.0,6.0,CLOUD,CLOUD,919.2,4001.9476923076923,4001.9476923076923,4001.9476923076923
2972,Congested,14.0,176.0,65.0,3.0,CLOUD,CLOUD,474.0,1958.0857142857142,1958.0857142857142,1958.0857142857142
2973,Congested,18.0,190.0,90.0,4.0,CLOUD,CLOUD,752.0,2062.1777777777775,2062.1777777777775,2062.1777777777775
2974,Congested,40.0,143.0,82.0,9.0,CLOUD,CLOUD,1605.6,2152.52,2152.52,2152.52
2975,Congested,30.0,195.0,89.0,8.0,CLOUD,CLOUD,1494.4,2516.8133333333335,2516.8133333333335,2516.8133333333335
2976,Congested,23.0,222.0,72.0,5.0,CLOUD,CLOUD,832.0,2075.5304347826086,2075.5304347826086,2075.5304347826086
2977,Congested,15.0,170.0,77.0,7.0,CLOUD,CLOUD,1206.8000000000002,4064.8933333333334,4064.8933333333334,4064.8933333333334
2978,Congested,13.0,199.0,70.0,4.0,CLOUD,CLOUD,656.0,2751.7384615384617,2751.7384615384617,2751.7384615384617
2979,Congested,40.0,244.0,87.0,8.0,CLOUD,CLOUD,1475.1999999999998,2031.84,2031.84,2031.84
2980,Congested,23.0,189.0,80.0,10.0,CLOUD,CLOUD,1760.0000000000002,3899.2608695652175,3899.2608695652175,3899.2608695652175
2981,Congested,13.0,218.0,87.0,4.0,CLOUD,CLOUD,737.5999999999999,2773.458461538462,2773.458461538462,2773.458461538462
2982,Congested,28.0,210.0,83.0,2.0,CLOUD,CLOUD,359.20000000000005,828.0685714285714,828.0685714285714,828.0685714285714
2983,Congested,24.0,162.0,62.0,9.0,CLOUD,CLOUD,1389.6,3364.32,3364.32,3364.32
2984,Congested,18.0,224.0,78.0,10.0,CLOUD,CLOUD,1736.0,4899.644444444444,4899.644444444444,4899.644444444444
2985,Congested,36.0,210.0,85.0,1.0,CLOUD,CLOUD,182.0,455.62222222222215,455.62222222222215,455.62222222222215
2986,Congested,13.0,166.0,80.0,7.0,CLOUD,CLOUD,1232.0,4636.092307692307,4636.092307692307,4636.092307692307
2987,Congested,35.0,167.0,82.0,4.0,CLOUD,CLOUD,713.6,1174.405714285714,1174.405714285714,1174.405714285714
2988,Congested,12.0,175.0,83.0,6.0,CLOUD,CLOUD,1077.6000000000001,4314.92,4314.92,4314.92
2989,Congested,14.0,200.0,67.0,1.0,CLOUD,CLOUD,160.39999999999998,794.1085714285714,794.1085714285714,794.1085714285714
2990,Congested,20.0,122.0,81.0,4.0,CLOUD,CLOUD,708.8,1814.96,1814.96,1814.96
2991,Congested,24.0,202.0,74.0,9.0,CLOUD,CLOUD,1519.1999999999998,3408.64,3408.64,3408.64
2992,Congested,12.0,218.0,78.0,10.0,CLOUD,CLOUD,1736.0,7115.866666666667,7115.866666666667,7115.866666666667
2993,Congested,16.0,175.0,66.0,9.0,CLOUD,CLOUD,1432.8,4878.76,4878.76,4878.76
2994,Congested,18.0,139.0,86.0,7.0,CLOUD,CLOUD,1282.4,3414.1911111111112,3414.1911111111112,3414.1911111111112
2995,Congested,20.0,201.0,72.0,4.0,CLOUD,CLOUD,665.6,1892.52,1892.52,1892.52
2996,Congested,11.0,246.0,91.0,1.0,CLOUD,CLOUD,189.20000000000002,996.9127272727272,996.9127272727272,996.9127272727272
2997,Congested,18.0,227.0,67.0,2.0,CLOUD,CLOUD,320.79999999999995,1161.2488888888886,1161.2488888888886,1161.2488888888886
2998,Congested,24.0,163.0,80.0,10.0,CLOUD,CLOUD,1760.0000000000002,3728.3333333333335,3728.3333333333335,3728.3333333333335
2999,Congested,22.0,180.0,61.0,5.0,CLOUD,CLOUD,766.0,2110.381818181818,2110.381818181818,2110.381818181818
3000,Congested,10.0,121.0,89.0,5.0,CLOUD,CLOUD,934.0,4238.8,4238.8,4238.8
